id,@id,access,addr:city,addr:conscriptionnumber,addr:country,addr:floor,addr:housename,addr:housenumber,addr:place,addr:postcode,addr:street,addr:streetnumber,addr:suburb,air_conditioning,alcohol,alt_name,amenity,amenity_1,area,area:ha,bar,bat,beer,beer_garden,bench,bicycle,bicycle_parking,bin,board_games,board_type,boundary,brand,brewery,building,building:flats,building:levels,building:part,building:ruian:type,bus,capacity,changing_table,charge,check_date,check_date:currency:XBT,check_date:diet:vegetarian,check_date:opening_hours,check_date:shelter,check_date:smoking,climbing,climbing:grade:uiaa,cocktails,contact:email,contact:facebook,contact:fax,contact:instagram,contact:mobile,contact:phone,contact:pinterest,contact:website,contact:youtube,covered,craft,created_by,cuisine,currency:XBT,cycleway:both,cycleway:left,delivery,description,description:cs,description:en,designation,dibavod:id,diet:meat,diet:vegan,diet:vegetarian,disused,disused:amenity,dog,drink,drink:absinthe,drink:beer,drink:cocktail,drink:craft_beer,drink:kofola,drink:mead,drink:whisky,drink:wine,drive_through,education,eea:cdda:parentiso,eea:cdda:sitecode,email,facebook,fax,fee,fixme,floating,food,foot,garden,healthcare,highchair,highway,image,indoor,indoor_seating,information,internet_access,internet_access:fee,internet_access:ipv6,internet_access:password,iucn_level,kids_area,landuse,lane_markings,lanes,language:menu:cs,language:menu:de,language:menu:en,language:menu:ru,layer,leisure,level,lgbtq,lit,live_music,loc_name,local_ref,man_made,maxheight,maxspeed,maxspeed:type,microbrewery,microbrewery:description,min_age,mobile,motor_vehicle,name,name:cs,name:de,name:en,name:en1,name:etymology:wikidata,name:fr,name:he,name:hu,name:prefix,name:ru,name:uk,name:zh,natural,note,official_name,old_addr:street,old_name,old_ref,oneway,oneway:bicycle,opening_date,opening_hours,opening_hours:covid19,opening_hours:kitchen,opening_hours:outdoor_seating,opening_hours:signed,operator,operator:wikidata,outdoor_seating,panoramax,parking:both,parking:left,parking:left:orientation,parking:right,parking:right:orientation,payment:app,payment:apple_pay,payment:card,payment:cards,payment:cash,payment:cash:CZK,payment:coins,payment:contactless,payment:credit_cards,payment:cryptocurrencies,payment:debit_cards,payment:description,payment:electronic_purses,payment:google_pay,payment:jcb,payment:lightning,payment:lightning:companion_app_url,payment:lightning:requires_companion_app,payment:lightning_contactless,payment:maestro,payment:mastercard,payment:mastercard_contactless,payment:mastercard_debit,payment:meal_voucher,payment:nfc,payment:notes,payment:onchain,payment:others,payment:qerko,payment:qerko:lightning,payment:qr_code,payment:visa,payment:visa_debit,payment:visa_electron,phone,post_office:brand,post_office:parcel_pickup,product,protect_class,protection_title,protection_title:en,public_transport,real_ale,ref,ref:PID,ref:ico,ref:ruian:addr,ref:ruian:building,ref:vatin,reservation,restaurant,reusable_packaging:offer,roof:colour,roof:levels,roof:material,roof:shape,room,rooms,seasonal,segregated,self_checkout,self_service,sells:beer,shelter,shop,short_name,sidewalk,sidewalk:both,sidewalk:left,sidewalk:left:surface,sidewalk:right,smokefree,smoking,smoothness,sorting_name,source,source:addr,source:loc,source:maxspeed,source:opening_hours,source:opening_hours:date,source:width,sport,stars,start_date,stroller,surface,survey:date,tabletop_games,tactile_paving,takeaway,theme,tobacco,toilets,toilets:access,toilets:disposal,toilets:fee,toilets:gender_segregated,toilets:menstrual_products,toilets:supervised,toilets:unisex,toilets:wheelchair,tourism,type,url,vehicle,vending,was:amenity,water,website,website:booking,website:cz,website:en,website:menu,wheelchair,wheelchair:description,width,wifi,wikidata,wikimedia_commons,wikimedia_commons:path,wikipedia,wine,zone:maxspeed,@geometry
relation/2327411,relation/2327411,,,,,,,,,,,,,,,,,,,0.54000000000,,,,,,,,,,,protected_area,,,,,,,,,,,,,,,,,,,,,,,,,,,,,,,,,,,,,,,,,,,,,,,,,,,,,,,,,,,,CZE,344379.00000000000,,,,,,,,,,,,,,,,,,,,,III,,,,,,,,,,nature_reserve,,,,,,,,,,,,,,,,přírodní památka U Branického pivovaru,,,,,,,,,,,,,,,,,,,,,,,,,,,,,,,,,,,,,,,,,,,,,,,,,,,,,,,,,,,,,,,,,,,,,,,,,,3,Přírodní památka (PP),Nature Monument,,,1101,,,,,,,,,,,,,,,,,,,,,,PP U Branického pivovaru,,,,,,,,,U Branického pivovaru,EEA:CDDA2009,,,,,,,,,1988-07-04,,,,,,,,,,,,,,,,,,,boundary,,,,,,,,,,,,,,,Q11876937,,,cs:U Branického pivovaru,,,center
relation/4469371,relation/4469371,,Praha,,,,,341,,170 00,Letenské sady,,,,,Letenský zámeček,biergarten,,,,,,,,,,,,,,,,,,,,,,,,,,,,,,,,,,,,,,,,,,,,,,,,,,,,,,,,,,,,,,,,,,,,,,,,,,,,,,,,,,,,,,,,,,,,,,,,,,,,,,,,,,,,,,,,,,,,,,,,,,Zahradní pivnice Letenské sady,,,Leta beergarden,,,,,,,,,,,,,,,,,,,,,,,,,,,,,,,,,,,,,,,,,,,,,,,,,,,,,,,,,,,,,,,,,,,+420 233 378 200,,,,,,,,,,,,,,,,,,,,,,,,,,,,,,,,,,,,,,,,,,,,,,,,,,,,,,,,,,,,,,,,,,,,,multipolygon,,,,,,http://www.letenskyzamecek.cz/,,,,,,,,,,,,,,,center
way/4638038,way/4638038,,,,,,,,,,,,,,,,,,,,,,,,,,,,,,,,,,,,,,,,,,,,,,,,,,,,,,,,,,,,,,,,,no,,,,,,,,,,,,,,,,,,,,,,,,,,,,,,,,,,,,,,residential,,,,,,,,,,,,,1,,,,,,,,,,,,,,,50,,,,,,,Pivovarská,,Bräuhofgasse,,,Q13360260,,,,,Пивоварская,,,,,,,,,yes,,,,,,,,,,,,separate,,,,,,,,,,,,,,,,,,,,,,,,,,,,,,,,,,,,,,,,,,,,,,,,,,,,,,,,,,,,,,,,,,,,,,,,separate,,,,,,,,,,,,,,ARCore,,,,,asphalt,,,,,,,,,,,,,,,,,,,,,,,,,,,,,,8.5,,,,,,,,center
way/4641261,way/4641261,,,,,,,,,,,,,,,,,,,,,,,,,,,,,,,,,,,,,,,,,,,,,,,,,,,,,,,,,,,,,,,,,no,shared_lane,,,,,,,,,,,,,,,,,,,,,,,,,,,,,,,,,,,,,residential,,,,,,,,,,,,,,,,,,,,,,yes,,,,,,30,CZ:urban,,,,,,U Měšťanského pivovaru,,Bei Bürgerliches Bräuhaus,,,,,,,,,,,,,,,,,yes,no,,,,,,,,,,,,,,,,,,,,,,,,,,,,,,,,,,,,,,,,,,,,,,,,,,,,,,,,,,,,,,,,,,,,,,,,,,,,,,,,,,,,,,,,,,,,,,,,,,,,,,asphalt,,,,,,,,,,,,,,,,,,,,,,,,,,,,,,,,,,,,,,center
way/4819716,way/4819716,,,,,,,,,,,,,,,,,,,,,,,,,,,,,,,,,,,,,,,,,,,,,,,,,,,,,,,,,,,,,,,,,,,,,,,,,,,,,,,,,,,,,,,,,,,,,,,,,,,,,,,residential,,,,,,,,,,,,no,,,,,,,,,,yes,,,,,,30,,,,,,,U Libeňského pivovaru,,,,,,,,,,,,,,,,,,,yes,,,,,,,,,,,,,,,,,,,,,,,,,,,,,,,,,,,,,,,,,,,,,,,,,,,,,,,,,,,,,,,,,,,,,,,,,,,,,,,,,,,,,,,,,,,,,,,zone,,,,,,,,asphalt,,,,,,,,,,,,,,,,,,,,,,,,,,,,,,,,,,,,,,center
way/4990902,way/4990902,,,,,,,,,,,,,,,,,,,,,,,,,,,,,,,,,,,,,,,,,,,,,,,,,,,,,,,,,,,,,,,,,,,,,,,,,,,,,,,,,,,,,,,,,,,,,,,,,,,,,,,residential,,,,,,,,,,,,,,,,,,,,,,yes,,,,,,30,CZ:zone30,,,,,,Pivoňková,,Päonienzeile,,,Q147105,,,,,,,,,,,,,,,,,,,,,,,,,,,lane,parallel,no,,,,,,,,,,,,,,,,,,,,,,,,,,,,,,,,,,,,,,,,,,,,,,,,,,,,,,,,,,,,,,,,,,,,,separate,,,,,,,,,,,,,,,,,,,asphalt,,,,,,,,,,,,,,,,,,,,,,,,,,,,,,,,,,,,,30,center
relation/6826330,relation/6826330,,,,,,,,,,,,,,,,,,,,,,,,,,,,,,,,staropramen,yes,,4,,19,,,,,,,,,,,,,,,,,,,,,,,,,,,,,,,,,,,,,,,,,,,,,,,,,,,,,,,,,,,,,,,,,,,,,,,,,,,,,,,,,,,,,,,,,,,,works,,,,,,,,,Pivovar Staropramen,,,,,,,,,,,,,,,,,,,,,,,,,,,,,,,,,,,,,,,,,,,,,,,,,,,,,,,,,,,,,,,,,,,,,,,,,beer,,,,,,,,,,21911606,,,,,,,,,,,,,,,,,,,,,,,,,,,,cuzk:ruian,,,,,,,,,,,,,,,,,,,,,,,,,,,,multipolygon,,,,,,,,,,,,,,,Q13360260,,,cs:Pivovar Staropramen,,,center
way/8095510,way/8095510,,,,,,,,,,,,,,,,,,,,,,,,,,,,,,,,,,,,,,,,,,,,,,,,,,,,,,,,,,,,,,,,,,,,,,,,,,,,,,,,,,,,,,,,,,,,,,,,,,,,,,,residential,,,,,,,,,,,,,,,,,,,,,,yes,,,,,,30,CZ:zone30,,,,,,Pivoňková,,Päonienzeile,,,Q147105,,,,,,,,,,,,,,,,,,,,,,,,,,,lane,parallel,no,,,,,,,,,,,,,,,,,,,,,,,,,,,,,,,,,,,,,,,,,,,,,,,,,,,,,,,,,,,,,,,,,,,,,separate,,,,,,,,,,,,,,,,,,,asphalt,,,,,,,,,,,,,,,,,,,,,,,,,,,,,,,,,,,,,30,center
way/8103341,way/8103341,,,,,,,,,,,,,,,,,,,,,,,,,,,,,,,,,,,,,,,,,,,,,,,,,,,,,,,,,,,,,,,,,,,,,,,,,,,,,,,,,,,,,,,,,,,,,,,,,,,,,,,residential,,,,,,,,,,,,,,,,,,,,,,yes,,,,,,30,CZ:zone30,,,,,,U Vysočanského pivovaru,,,,,,,,,,,,,,,,,,,,,,,,,,,,,,,,,,,,,,,,,,,,,,,,,,,,,,,,,,,,,,,,,,,,,,,,,,,,,,,,,,,,,,,,,,,,,,,,,,,,,,left,,,asphalt,,,,good,,,,,,,,,,,,,asphalt,,,,,,,,,,,,,,,,,,,,,,,,,,,,,,,,,,,,,30,center
relation/12397643,relation/12397643,,,,,,,,,,,,,,,,,,,,,,,,,,,,,,,,,,,,,,,,,,,,,,,,,,,,,,,,,,,,,,,,,,,,,,,,,,,,,,,,,,,,,,,,,,,,,,,,,,,,,,,,,,,,,,,,,,meadow,,,,,,,,,,,,,,,,,,,,,,,,pivoňková louka,,,,,,,,,,,,,,,,,,,,,,,,,,,,,,,,,,,,,,,,,,,,,,,,,,,,,,,,,,,,,,,,,,,,,,,,,,,,,,,,,,,,,,,,,,,,,,,,,,,,,,,,,,,,,,,,,,,,,,,,,,,,,,,,,,,,,,,,,,,multipolygon,,,,,,,,,,,,,,,,,,,,,center
way/13882119,way/13882119,,,,,,,,,,,,,,,,,,,,,,,,,,,,,,,,,,,,,,,,,,,,,,,,,,,,,,,,,,,,,,,,,no,,,,,,,,,,,,,,,,,,,,,,,,,,,,,,,,,,,,,,residential,,,,,,,,,,,,no,,,,,,,,,,yes,,,,,,,,,,,,,U Vysočanského pivovaru,,,,,,,,,,,,,,,,,,,yes,,,,,,,,,,,,,,,,,,,,,,,,,,,,,,,,,,,,,,,,,,,,,,,,,,,,,,,,,,,,,,,,,,,,,,,,,,,,,,,,,,,left,,,asphalt,,,,good,,,,,,,,,,,,,asphalt,,,,,,,,,,,,,,,,,,,,,,,,,,,,,,,,,,,,,,center
relation/14981653,relation/14981653,,,,,,,,,,,,,,,,,,,,,,,,,,,,,,,,,,,,yes,,,,,,,,,,,,,,,,,,,,,,,,,,,,,,,,Učebny JIH 008-568,,,,,,,,,,,,,,,,,,,,,,,,,,,,,,,,,,,,,,,,,,,,,,,,,,,,,,,,,,,,,,,,,,,,,,Pivnice JIH,,,,,,,,,,,,,,,,,,,,,,,,,,,,,,,,,,,,,,,,,,,,,,,,,,,,,,,,,,,,,,,,,,,,,,,,,,,,,,,,,,,,,,,,,,,,,,,,,,,,,,,,,,,,,,,,,,,,,,,,,,,,,,,,,,,,,,,,,,,multipolygon,,,,,,,,,,,,,,,,,,,,,center
relation/16308252,relation/16308252,,,,,,,,,,,,,,,,biergarten,,,,,,,,,,,,,,,,,,,,,,,,,,,,,,,,,,,,,,,,,,,,,,,,,,,,,,,,,,,,,,,,,,,,,,,,,,,,,,,,,,,,,,,,,,,,,,,,,,,,,,,,,,,,,,,,,,,,,,,,,,,,,,,,,,,,,,,,,,,,,,,,,,,,,Spojovna,,,,,,,,,,,,,,,,,,,,,,,,,,,,,,,,,,,,,,,,,,,,,,,,,,,,,,,,,,,,,,,,,,,,,,,,,,,,,,,,,,,,,,,,,,,,,,,,,,,,,,,,,,,,,,,,multipolygon,,,,,,,,,,,,,,,,,,,,,center
relation/17261848,relation/17261848,,,,,,,,,,,,,,,,biergarten,,,,,,,,,,,,,,,,,,,,,,,,,,,,,,,,,,,,,,,,,,,,,,,,,,,,,,,,,,,,,,,,,,,,,,,,,,,,,,,,,,,,,,,,,,,,,,,,,,,,,,,,,,,,,,,,,,,,,,,,,,,,,,,,,,,,,,,,,,,,,,,,,,,,,,,,,,,,,,,,,,,,,,,,,,,,,,,,,,,,,,,,,,,,,,,,,,,,,,,,,,,,,,,,,,,,,,,,,,,,,,,,,,,,,,,,,,,,,,,,,,,,,,,,,,,,,,,,,,,,,multipolygon,,,,,,,,,,,,,,,,,,,,,center
way/22121153,way/22121153,,,,,,,,,,,,,,,,,,,,,,,,,,,,,,,,,,,,,,,,,,,,,,,,,,,,,,,,,,,,,,,,,no,,,,,,,,,,,,,,,,,,,,,,,,,,,,,,,,,,,,,,residential,,,,,,,,,,,,,,,,,,,,,,yes,,,,,,30,,,,,,,Pivovarnická,,,,,,,,,,,,,,,,,,,,,,,,,,,,,,,separate,,,,,,,,,,,,,,,,,,,,,,,,,,,,,,,,,,,,,,,,,,,,,,,,,,,,,,,,,,,,,,,,,,,,,,,,,yes,,separate,,,,,,,,zone,,,,,,,,asphalt,,,,,,,,,,,,,,,,,,,,,,,,,,,,,,6.5,,,,,,,,center
way/22123333,way/22123333,,,,,,,,,,,,,,,,,,,,,,,,,,,,,,,,,,,,,,,,,,,,,,,,,,,,,,,,,,,,,,,,,,,,,,,,,,,,,,,,,,,,,,,,,,,,,,,,,,,,,,,service,,,,,,,,,,,,,,,,,,,,,,,,,,,default,,,,,,,,Pivovarnická,,,,,,,,,,,,,,,,,,,,,,,,,,,,,,,,,,,,,,,,,,,,,,,,,,,,,,,,,,,,,,,,,,,,,,,,,,,,,,,,,,,,,,,,,,,,,,,,,,,,,,,,,,,,,,,,,,,,,,,,,,,,,,,,,,,,,,,,,,,,,no,,,,,,,,,,,,,,,,,,,center
way/25401466,way/25401466,,,,,,,,,,,,,,,,biergarten,,,,,,,,,,,,,,,,,civic,,2,,15,,,,,,,,,,,,,,,,,,,,,,,,,,,,,,,,,,,,,,,,,,,,,,,,,,,,,,,,,,,,,,,,,,,,,,,,,,,,,,,,,,,,,,,,,,,,,,,,,,,,,,,,,,,,,,,,,,,,,,,,,,,,,,,,,,,,,,,,,,,,,,,,,,,,,,,,,,,,,,,,,,,,,,,,,,,,,,,,,,,,,,,,42938741,,,,,,,,,,,,,,,,,,,,,,,,,,,,cuzk:ruian,,,,,,,,,,,,,,,,,,,,,,,,,,,,,,,,,,,,,,,,,,,,,,,,,center
way/27753989,way/27753989,,,,,,,,,,,,,,,,,,,,,,,,,,,,,,,,,residential,69,6,,3,,,,,,,,,,,,,,,,,,,,,,,,,,,,,,,,,,,,,,,,,,,,,,,,,,,,,,,,,,,,,,,,,,,,,,,,,,,,,,,,,,,,,,,,,,,,,,,,,,,,,Černý pivovar,,,,,,,,,,,,,,,,,,,,,,,,,,,,,,,,,,,,,,,,,,,,,,,,,,,,,,,,,,,,,,,,,,,,,,,,,,,,,,,,,,,21669155,,,,,,,,,,,,,,,,,,,,,,,,,,,,cuzk:ruian,,,,,,,,,,,,,,,,,,,,,,,,,,,,,,,,,,,,,,,,,,,Q38036737,,,,,,center
way/35036719,way/35036719,,,,,,,,,,,,,,,,,,,,,,,,,,,,,,,,,,,,,,,,,,,,,,,,,,,,,,,,,,,,,,,,,,,,,,,,,,,,,,,,,,,,,,,,,,,,,,,,,,,,,,,residential,,,,,,,,,,,,,,,,,,,,,,,,,,,,,,,,,,destination,Za Pivovarem,,,,,,,,,,,,,,,,,,,,,,,,,,,,,,,,,,,,,,,,,,,,,,,,,,,,,,,,,,,,,,,,,,,,,,,,,,,,,,,,,,,,,,,,,,,,,,,,,,,,,,,,,,,,,,,,,,,,,,,,,,asphalt,,,,,,,,,,,,,,,,,,,,,,,,,,,,,,,,,,,,,,center
way/50111544,way/50111544,,,,,,,11,,,Klíčovská,,,,,,restaurant,,,,,,,,,,,,,,,,,retail,3,2,,6,,,,,,,,,,,,,,,,,,,,,,,,,,,,,,,,,,,,,,,,,,,,,,,,,,,,,,,,,,,,,,,,,,,,,yes,,wlan,,,,,,,,,,,,,,,,,,,,,,,,,yes,,,,,Restaurace a pension Školička,,,,,,,,,,,,,,,,,,,,,,Mo-Su 11:00-22:00,,,,,,,yes,,,,,,,,,,,yes,,,yes,yes,,yes,,,,,,,,,,,,,,yes,,,,,,,,,,+420286583299,,,,,,,,,,,,,22254897,,,,,,0,,gabled,,,,,,,,,,,,,,,,,,,,cuzk:ruian,,,,,,,,,,,,,,,yes,,,,,,,,,,,,hotel,,,,,,,https://www.skolicka.cz/,,,,,no,,,,Q101246551,Category:Pivovar a penzion Beznoska,,,,,center
way/50969545,way/50969545,,,,,,,,,,,,,,,,,,,,,,,,,,,,,,,,,,,,,,,,,,,,,,,,,,,,,,,,,,,,,,,,,,,,,,,,112010220018,,,,,,,,,,,,,,,,,,,,,,,,,,,,,,,,,,,,,,,,,,,,,,,,,,,,,,,,,,,,,,,,,,Pivovarský rybník,,,,,,,,,,,,,water,,,,,,,,,,,,,,,,,,,,,,,,,,,,,,,,,,,,,,,,,,,,,,,,,,,,,,,,,,,,,,,,,,,,,,,,,,,,,,,,,,,,,,,,,,,,,,,,,,vuv:dibavod:a05,,,,,,,,,,,,,,,,,,,,,,,,,,,,,,,,,pond,,,,,,,,,,Q96402368,Category:Pivovarský rybník (Motol),,,,,center
way/61697945,way/61697945,,,,,,,,,,,,,,,,bar,,,,,,,,,,,,,,,,,commercial,,1,,10,,,,,,,,,,,,,,,,,,,,,,,,,,,,,,,,,,,,,,,,,,,,,,,,,,,,,,,,,,,,,,,,,,,,,yes,,,,,,,,,,,,,,,,,,,,,,,,,,,,,,,,,,,,,,,,,,,,,,,,,,,,,,,,,,,,,yes,,,,,,,,,,,,,,,,,,,,,,,,,,,,,,,,,,,,,,,,,,,,,,,,,,,,,,25251465,,,,,,,,,,,,,,,,,,,,,,,,,,,,cuzk:ruian,,,,,,,,,2003-02-25,,,,,,,,,,,,,,,,,,,,,,,,,,,,,,,,,,,,,,,,center
way/62147117,way/62147117,,,,,,,,,,,,,,,,,,,,,,,,,,,,,,,,,yes,2,1,,3,,,,,2023-05-12,,,,,,,,,,,,,,,,,,,brewery,,,,,,,,,,,,,,,,,,,,,,,,,,,,,,,,,,,,,,,,,,,,,,,,,,,,,,,,,,,,,,,,,,,,,,,,,,,,,Pivovar U Bulovky,,,,,,,,,,,,,,,,,,,,,,,,,,,,,,,,,,,,,,,,,,,,,,,,,,,,,,,,,,,,,,,,,,,,,,,,,,,,,,,,,,,22196382,,,,,,,,,,,,,,,,,,,,,,,,,,,,cuzk:ruian,,,,,,,,,,,,,,,,,,,,,,,,,,,,,,,,,,,,,,,,,,,,,,,,,center
way/62176341,way/62176341,,,,,,,,,,,,,,,,,,,,,,,,,,,,,,,,,industrial,,1,,19,,,,,2026-06-13,,,,,,,,,,,,,,,,,,,brewery,,,,,,,,,,,,,,,,,,,,,,,,,,,,,,,,,,,,,,,,,,,,,,,,,,,,,,,,,,,,,,,,,,,,,,,,,,,,,Trilobit,,,,,,,,,,,,,,,,,,,,,,,,,,,,,,,,,,,,,,,,,,,,,,,,,,,,,,,,,,,,,,,,,,,,,,,,,,,,,,,,,,,22204644,,,,,,,,,,,,,,,,,,,,,,,,,,,,,,,,,,,,,,,,,,,,,,,,,,,,,,,,,,,,,,,,,,,,,,,,,,,,,center
way/75854013,way/75854013,,,,,,,,,,,,,,,,biergarten,,,,,,,,,,,,,,,,,,,,,,,,,,,,,,,,,,,,,,,,,,,,,,,,,,,,,,,,,,,,,,,,,,,,,,,,,,,,,,,,,,,,,,,,,,,,,,,,,,,,,,,,,,,,,,,,,,,,,,,,,,,,,,,,,,,,,,,,,,,,,,,,,,,,,,,,,,,,,,,,,,,,,,,,,,,,,,,,,,,,,,,,,,,,,,,,,,,,,,,,,,,,,,,,,,,,,,,,,,,,,,,,,,,,,,,,,,,,,,,,,,,,,,,,,,,,,,,,,,,,,,,,,,,,,,,,,,,,,,,,,,center
way/100895271,way/100895271,,,,,,,,,,,,,,,,biergarten,,,,,,,,,,,,,,,,,,,,,,,,,,,,,,,,,,,,,,,,,,,,,,,,,,,,,,,,,,,,,,,,,,,,,,,,,,,,,,,,,,,,,,,,,,,,,,,,,,,,,,,,,,,,,,,,,,,,,,,,,,,,,,,,,,,,,,,,,,,,,,,,,,,,,,,,,,,,,,,,,,,,,,,,,,,,,,,,,,,,,,,,,,,,,,,,,,,,,,,,,,,,,,,,,,,,,,,,,,,,,,,,,,,,,,,,,,,,,,,,,,,,,,,,,,,,,,,,,,,,,,,,,,,,,,,,,,,,,,,,,,center
way/113160349,way/113160349,,,,,,,,,,,,,,,,biergarten,,,,,,,,,,,,,,,,,,,,,,,,,,,,,,,,,,,,,,,,,,,,,,,,,,,,,,,,,,,,,,,,,,,,,,,,,,,,,,,,,,,,,,,,,,,,,,,,,,,,,,,,,,,,,,,,,,,,,,,,,,,,,,,,,,,,,,,,,,,,,,,,,,,,,,,,,,,,,,,,,,,,,,,,,,,,,,,,,,,,,,,,,,,,,,,,,,,,,,,,,,,,,,,,,,,,,,,,,,,,,,,,,,,,,,,,,,,,,,,,,,,,,,,,,,,,,,,,,,,,,,,,,,,,,,,,,,,,,,,,,,center
way/116744861,way/116744861,,,,,,,,,,,,,,,,,,,,,,,,,,,,,,,,,yes,,,,19,,,,,,,,,,,,,,,,,,,,,,,,,,,,,,,,,,,,,,,,,,,,,,,,,,,,,,,,,,,,,,,,,,,,,,,,,,,,,,,,,,,,,,,,,,,,,,,,,,,,,pivovar,,,,,,,,,,,,,,,,,,,,,,,,,,,,,,,,,,,,,,,,,,,,,,,,,,,,,,,,,,,,,,,,,,,,,,,,,,,,,,,,,,,40519821,,,,,,,,,,,,,,,,,,,,,,,,,,,,cuzk:ruian,,,,,,,,,,,,,,,,,,,,,,,,,,,,,,,,,,,,,,,,,,,Q31144999,,,,,,center
way/128930716,way/128930716,,,,,,,,,,,,,,,,,,,,,,,,,,,,,,,,,,,,,,,,,,,,,,,,,,,,,,,,,,,,,,,,,,,,,,,,,,,,,,,,,,,,,,,,,,,,,,,,,,,,,,,residential,,,,,,,,,,,,,,,,,,,,,,yes,,,,,,30,CZ:zone30,,,,,,Pivoňková,,Päonienzeile,,,Q147105,,,,,,,,,,,,,,,,,,,,,,,,,,,no,,lane,parallel,,,,,,,,,,,,,,,,,,,,,,,,,,,,,,,,,,,,,,,,,,,,,,,,,,,,,,,,,,,,,,,,,,,both,,,,,,,,,,,,,,,,,,,,asphalt,,,,,,,,,,,,,,,,,,,,,,,,,,,,,,,,,,,,,30,center
way/128930717,way/128930717,,,,,,,,,,,,,,,,,,,,,,,,,,,,,,,,,,,,,,,,,,,,,,,,,,,,,,,,,,,,,,,,,,,,,,,,,,,,,,,,,,,,,,,,,,,,,,,,,,,,,,,residential,,,,,,,,,,,,,,,,,,,,,,yes,,,,,,30,CZ:zone30,,,,,,Pivoňková,,Päonienzeile,,,Q147105,,,,,,,,,,,,,,,,,,,,,,,,,,,lane,parallel,no,,,,,,,,,,,,,,,,,,,,,,,,,,,,,,,,,,,,,,,,,,,,,,,,,,,,,,,,,,,,,,,,,,,,,separate,,,,,,,,,,,,,,,,,,,asphalt,,,,,,,,,,,,,,,,,,,,,,,,,,,,,,,,,,,,,30,center
node/130239239,node/130239239,,,,,,,608,,,Tupolevova,,,,,,pub,,,,,,,,,,,,,,,,,,,,,,,,,,,,,,,,,,,,,,,,,,,,,,,,,,,,,,,,,,,,,,,,,,,,,,,,,,,,,,,,,,,,,,,,,,yes,,,,,,,,,,,,,,,,,,,,,,,,,,,,,,,,U Jeníka,,,,,,,,,,,,,,,,,,,,,,,,,,,,,yes,,,,,,,,,,,,,,,,,,,,,,,,,,,,,,,,,,,,,,,,,,,,,,,,,,,,,,,,,,,,,,,,,,,,,,,,,,,,,,,,,,,,,,,,,,,,,,,,,,,,,,,,,,,,,,,,,,,,,,,,,,,,,,,,,,,
way/139743149,way/139743149,,,,,,,,,,,,,,,,biergarten,,,,,,,,,,,,,,,,,,,,,,,,,,,,,,,,,,,,,,,,,,,,,,,,,,,,,,,,,,,,,,,,,,,,,,,,,,,,,,,,,,,,,,,,,,,,,,,,,,,,,,,,,,,,,,,,,,,,,,,,,,,,,,,,,,,,,,,,,,,,,,,,,,,,,,,,,,,,,,,,,,,,,,,,,,,,,,,,,,,,,,,,,,,,,,,,,,,,,,,,,,,,,,,,,,,,,,,,,,,,,,,,,,,,,,,,,,,,,,,,,,,,,,,,,,,,,,,,,,,,,,,,,,,,,,,,,,,,,,,,,,center
way/173596214,way/173596214,,,,,,,,,,,,,,,,pub,,,,,,,,,,,,,,,,,ship,,,,,,,,,2023-09-21,,,,,,,,,,,,,,,,,,,,,,,,,,,,,,,,,,,,,,,,,,,,,,,,,,,,,,,,,,,,,,,,,,wlan,no,,,,,,,,,,,,,,,,,,,,,,,,,,,,,Bukanýr,,,,,,,,,,,,,,"loď, která je ukotvená nastálo",,,,,,,,,,,,,,,,,,,,,,,,,,,,,,,,,,,,,,,,,,,,,,,,,,,,,,,,+420608973582,,,,,,,,,,,,,,,,,,,,,,,,,,,,,,,,,,,,,,yes,,,,,,,,,,,,,,,,,,,,,,,,,,,,,,,,,,,,,https://www.bukanyr.cz/,,,,,no,,,,,,,,,,center
way/182992693,way/182992693,,,,,,,,,,,,,,,,,,,,,,,,,,,,,,,,,yes,,,,,,,,,,,,,,,,,,,,,,,,,,,,brewery,,,,,,,,,,,,,,,,,,,,,,,,,,,,,,,,,,,,,,,,,,,,,,,,,,,,,,,,,,,,,,,,,,,,,,,,,,,,,Marina,,,,,,,,,,,,,,,,,,,,,,,,,,,,,,,,,,,,,,,,,,,,,,,,,,,,,,,,,,,,,,,,,,,,,,,,,,,,,,,,,,,,,,,,,,,,,,,,,,,,,,,,,,,,,,,cuzk:km,,,,,,,,,,,cobblestone,,,,,,,,,,,,,,,,,,,,,,,,,,,,,,,,,,,,,,center
way/209405482,way/209405482,,,,,,,,,,,,,,,,,,,,,,,,,,,,,,,,,hotel,,3,,,,,,,2025-08-12,,,,,,,,,,,,,,,,,,,brewery,,,,,,,,,,,,,,,,,,,,,,,,,,,,,,,,,,,,,,,,,,,,,,,yes,,,,,,,,,,,,,,,,,,,,,,,,,yes,,,,,Minipivovar Beznoska,,,,,,,,,,,,,,,,,,,,,,,,,,,,,,,,,,,,,,,,,,,,,,,,,,,,,,,,,,,,,,,,,,,,,,,,,,,,,,,,,,,,,,,,,,,flat,,,,,,,,,,,,,,,,,no,,,,,,,,,,,,,,,,,,,,,,,,,,,,,,,,,,,,,,,,,,,,,,Q12052781,,,cs:Seznam minipivovarů v Česku,,,center
way/224849704,way/224849704,,,,,,,,,,,,,,,,,,,,,,,,,,,,,,,,,,,,,,,,,,,,,,,,,,,,,,,,,,,,,,,,,,,,,,,,,,,,,,,,,,,,,,,,,,,,,,,,,,,,,,,residential,,,,,,,,,,,,,,,,,,,,,,,,,,,,,,,,,,,Nad Branickým pivovarem,,,,,Q12045379,,,,,,,,,,,,,,,,,,,,,,,,,,,,,,,,,,,,,,,,,,,,,,,,,,,,,,,,,,,,,,,,,,,,,,,,,,,,,,,,,,,,,,,,,,,,,,,,,,,,,,,,,,,,,,,,,,,,,,,,,,,,,,,,,,,,,,,,,,,,,,,,,,,,,,,,,,,center
node/243075684,node/243075684,,,,,,,,,,,,,,,,pub,,,,,,,,,,,,,,,,,,,,,,,,,,,,,,,,,,,,,,,,,,,,,,Potlatch 0.6c,,,,,,,,,,,,,,,,,,,,,,,,,,,,,,,,,,,,,,,,,,,,,,,,,,,,,,,,,,,,,,,,,,,,,,,,,,,,Minus,,,,,,,,,,,,,,,,,,,,,,,,,,,,,,,,,,,,,,,,,,,,,,,,,,,,,,,,,,,,,,,,,,,,,,,,,,,,,,,,,,,,,,,,,,,,,,,,,,,,,,,,,,,,,,,,,,,,,,,,,,,,,,,,,,,,,,,,,,,,,,,,,,,,,,,,,,,,,,,,
node/264494769,node/264494769,,,,,,,,,,,,,no,,,pub,,,,,,,,,,,,,,,,Pilsner Urquell;Radegast,,,,,,,,,,,,,,,,,,,hospudkanahradbach@gmail.com,https://www.facebook.com/hospudkanahradbach/,,,,+420 734 112 214,,,,,,,,,,,,,,,,,,,,,,,,,,,,,,,,,,,,,,,,,,,,,,,,,,yes,,,,,,,,,,,,,,,,,,,,,,,,,,,,,,,,Na hradbách,,,,,,,,,,,,,,venkovní sezení omezeno kvůli vyšehradským rezidentům,,,,,,,,Mo-Su 12:00-24:00,,,Mo-Fr 14:00-22:00; Sa-Su 12:00-22:00;,,Sepap Bimbo Nahota,,garden,,,,,,,,,,,,yes,,,,,,,,,,,,,,,,,,,,,,no,,,,,,,,,,,,,,,,,,,,,,,,,,,,,,,,,,,,,,,,,,,,,outside,,,survey;website,,,,,,,,,,,,,,,,,,yes,yes,flush,no,yes,,no,,,,,,,,,,,,,,,limited,,,,,,,,,,
way/266723593,way/266723593,,,,,,,,,,,,,,,,biergarten,,,,,,,,,,,,,,,,,,,,,,,,,,,,,,,,,,,,,,,,,,,,,,,,,,,,,,,,,,,,,,,,,,,,,,,,,,,,,,,,,,,,,,,,,,,,,,,,,,,,,,,,,,,,,,,,,,,,,,,,,,,,,,,,,,,,,,,,,,,,,,,,,,,,,,,,,,,,,,,,,,,,,,,,,,,,,,,,,,,,,,,,,,,,,,,,,,,,,,,,,,,,,,,,,,,,,,,,,,,,,,,,,,,,,,,,,,,,,,,,,,,,,,,,,,,,,,,,,,,,,,,,,,,,,,,,,,,,,,,,,,center
node/267198809,node/267198809,,,,,,,,,,,,,,,,pub,,,,,,,,,,,,,,,,,,,,,,,,,,2024-06-25,,,,,,,,,,,,,,,,,,,,,,,,,,,,,,,,,,,,,,,,,,,,,,,,,,,,,,,,,,,,,,,,,,,,,,,,,,,,,,,,,,,,,,,,,,,,,,,,Pivnice Skalka,,,,,,,,,,,,,,,,,,,,,,Mo-Fr 12:00-22:00; Sa 14:00-21:00,,,,,,,,,,,,,,,,,,,,,,,,,,,,,,,,,,,,,,,,,,,,,,,,,,,,,,,,,,,,,,,,,,,,,,,,,,,,,,,,,,,,,,,,,,,,,,,,,,,,,,,,,,,,,,,,,,,,,,,,,,,,,,,,,,,,,,,,,,
node/282088403,node/282088403,,,,,,,,,,,,,,,,biergarten,,,,,,,,,,,,,,,,,,,,,,,,,,,,,,,,,,,,,,,,,,,,,,,,,,,,,,,,,,,,,,,,,,,,,,,,,,,,,,,,,,,,,,,,,,,,,,,,,,,,,,,,,,,,,,,,,,,,,,,,,,Tančírna,,,,,,,,,,,,,,,,,,,,,,,,,,,,,,,,,,,,,,,,,,,,,,,,,,,,,,,,,,,,,,,,,,,,,,,,,,,,,,,,,,,,,,,,,,,,,,,,,,,,,,,,,,,,,,,,,,,,,,,,,,,,,,,,,,,,,,,,,,,,,,,,,,,,,,,,,,,,,,,,
way/289772710,way/289772710,,,,,,,,,,,,,,,,biergarten,,,,,,,,,,,,,,,,,,,,,,,,,,,,,,,,,,,,,,,,,,,,,,,,,,,,,,,,,,,,,,,,,,,,,,,,,,,,,,,,,,,,,,,,,,,,,,,,,,,,,,,,,,,,,,,,,,,,,,,,,,,,,,,,,,,,,,,,,,,,,,,,,,,,,,,,,,,,,,,,,,,,,,,,,,,,,,,,,,,,,,,,,,,,,,,,,,,,,,,,,,,,,,,,,,,,,,,,,,,,,,,,,,,,,,,,,,,,,,,,,,,,,,,,,,,,,,,,,,,,,,,,,,,,,,,,,,,,,,,,,,center
node/290027600,node/290027600,,Praha 2,,,,,15,,12000,Ječná,,,,,,restaurant,,,,,,,,,,,,,,,,,,,,,,,,,,2026-06-12,2026-06-12,,,,,,,,,Pivovarskydum,,pivo_dum_benedict,,,,,,,,,,yes,,,,,,,,,,,,,,,,,,,,,,,,,,,,benedict@pivo-dum.cz,,,,,,,,,,,,,,,,,,,,,,,,,,,,,,,,,,,,,,,,,yes,,,,,Pivovarský dům Benedict,,,,,,,פאב בירה,,,Пивоварский дом,,啤酒作坊餐厅,,,,,,,,,,Mo-Su 11:00-23:30,,,,,,,,,,,,,,,,,,,,,,,,,,,,,yes,,,no,,,,,,,,yes,,,,,,,,+420 296 216 666,,,,,,,,,,,,,,,,,,,,,,,,,,,,,,,,,,,,,,no,,,,,,,,,,,,,,,,,,,,,,,,,,,,,yes,,,,,,,,https://www.pivo-dum.cz/,,,,,limited,,,,Q84359896,,,,,,
node/292558838,node/292558838,,Praha,,,,,3,,19000,U Vysočanského pivovaru,,,,,,dentist,,,,,,,,,,,,,,,,,,,,,,,,,,,,,,,,,,,,,,,,,,,,,,,,,,,,,,,,,,,,,,,,,,,,,,,,,,,,,,,,,,,,,dentist,,,,,,,,,,,,,,,,,,,,,,,,,,,,,,,,,,,,,Zubaři u pivovaru,,,,,,,,,,,,,,,,,,,,,,,,,,,,,,,,,,,,,,,,,,,,,,,,,,,,,,,,,,,,,,,,,,,,,,,,,,,,,,,,,,,,,,,,,,,,,,,,,,,,,,,,,,,,,,,,,,,,,,,,,,,,,,,,,,,,,,,,,,,,,,,,,,,,,,,,,,,,,,,,
way/293117389,way/293117389,,,,,,,,,,,,,,,,pub,,,,,,,,,,,,,,,,,,,,,,,,,,,,,,,,,,,,,,,,,,,,,,,,,,,,,,,,,,,,,,,,,,,,,,,,,,,,,,,,,,,,,,,,,,,,,,,,,,,,,,,,,,,,,,,,,,,,,,,,,,Hadovka,,,,,,,,,,,,,,,,,,,,,,,,,,,,,,,,,,,,,,,,,,,,,,,,,,,,,,,,,,,,,,,,,,,,,,,,,,,,,,,,,,,,,,,,,,,,,,,,,,,,,,,,,,,,,,,,,,,,,,,,,,,,,,,,,,,,,,,,,,,,,,,,,,,,,,no,,,,,,,,,,center
node/296155831,node/296155831,,,,,,,,,,,,,,,,pub,,,,,,,,,,,,,,,,,,,,,,,,,,,,,,,,,,,,,,,,,,,,,,,,,,,,,,,,,,,,,,,,,,,,,,,,,,,,,,,,,,,,,,,,,,,,,,,,,,,,,,,,,,,,,,,,,,,,,,,,,,,,,,,,,,,,,,,,,,,,,,,,,,,,,,,,,,,,,,,,,,,,,,,,,,,,,,,,,,,,,,,,,,,,,,,,,,,,,,,,,,,,,,,,,,,,,,,,,,,,,,,,,,,,,,,,,,,,,,,,,,,,,,,,,,,,,,,,,,,,,,,,,,,,,,,,,,,,,,,,,,
node/296454327,node/296454327,,Praha 3,661,,,,661/29,Žižkov,13000,Husinecká,29,,,,,pub,,,,,,,,,,,,,,,,,,,,,,,,,,,,,,,,,,,,,,,,,,,,,,,,,,,,,,,,,,,,,,,,,,,,,,,,,,,,info@systems-group.info,,,,,,,,,,,,,,,,,,,,,,,,,,,,,,,,,,,,,,,,,,,,,,U Habásků,,,,,,,,,,,,,,,,,,,,,,"Mo-Th 16:00-24:00, Fr,Sa 16:00-02:00, Su 16:00-23:00",,,,,,,,,,,,,,,,,,,,,,,,,,,,,,,,,,,,,,,,,,,,,,,,+420 731 606 308,,,,,,,,,,,,,,,,,,,,,,,,,,,,,,,,,,,,,,,,,,,,,,,,,,,,,,,,,,,,,,,,,,,,,,,,,,,https://www.uhabasku-zizkov.cz/,,,,,,,,,,,,,,,
node/296456145,node/296456145,,,936,,,,936/18,,12000,Anny Letenské,18,,,,,bar,,,,,,,,,,,,,,,,,,,,,,,,,,2024-04-07,2025-05-17,,,,,,,,,,,,,,,,,,,,,no,,,,,,,,,,,,,,,,,,,,,,,,,,,,,,,,,,,,,,,,,,,,,,,,,,,,,,,,,,,,,,,,,,,,,,,,,,Savage Bar,,,,,,,,,,,,,,,,,,,,,,Mo-Th 17:00-01:00; Fr-Sa 17:00-02:00; Su 17:00-01:00,,,,,,,,,,,,,,,,,,,,,,,,,,,,,no,,,no,,,,,,,,no,,,,,,,,,,,,,,,,,,,,21748969,,,,,,,,,,,,,,,,,,,,,,,,,,,,,,cuzk:ruian,,,,,,,,,,,,,,,,,,,,,,,,,,,,,,,,,,,,,,no,,,,,,,,,,
node/296460318,node/296460318,,,1901,,,,1901/28,,11000,Opatovická,28,,,,,bar,,,,,,,,,,,,,,,,,,,,,,,,,,,,,,,,,,,,,,,,,,,,,,,,,,,,,,,,,,,,,,,,,,,,,,,,,,,,,,,,,,,,,,,,,,,,,,,,,,,,,,,,,,,,,,,,,,,,,,,,,,La Casa de la Havana vieja,,,,,,,,,,,,,,,,,,,,,,Tu-Sa 17:00-01:00,,,,,,,,,,,,,,,,,,,,,,,,,,,,,,,,,,,,,,,,,,,,,,,,,,,,,,,,,,,,21714142,,,,,,,,,,,,,,,,,,,,,,,,,,,,,,cuzk:ruian,,,,,,,,,,,,,,,,,,,,,,,,,,,,,,,,,,,,,,,,,,,,,,,,
node/296467865,node/296467865,,Praha 1,709,,,,709/26,Staré Město,11000,Dlouhá,26,,,,,bar,,,,,,,,,,,,,,,,,,,,,,,,,,,,,,,,,,,,,,,,,,,,,,,,,,,,,,,,,,,,,,,,,,,,,,,,,,,,,,,,,,,,,,,,,,,,,,,,,,,,,,,,,,,,,,,,,,,,,,,18,,,Moon Club,,,,,,,,,,,,,,,,,,,,,,Tu-Su 18:00-24:00,,,,,,,,,,,,,,,,,,,,,,,,,,,,,,,,,,,,,,,,,,,,,,,,,,,,,,,,,,,,21723524,,,yes,,,,,,,,,,,,,,,,,,,,,,,,,,,,,,,,,,,2019-02-01,,,,,,,,,,,,,,,,,,,,,,,,,https://moonclub.cz/,,,,,,,,,,,,,,,
node/296486470,node/296486470,,Praha 3,470,,,,470/6,Žižkov,13000,Milíčova,6,,,,,pub,,,,,,,,,,,,,,,,,,,,,,,,,,2023-11-20,,,,,,,,,,,,,,,,,,,,,,,,,,,,,,,,,,,,,,,,,,,,,,,,,,,,,,,,,,,,,,,,,,,,,,,,,,,,,,,,,,,,,,,,,,,,,,,,Pivoteka ŽižkOFF,,,,,,,,,,,,,,,,,,,,,,,,,,,,,,,,,,,,,,,,,,,,,,,,,,,,,,,,,,,,,,,,,,,,,,,,,,,,,,,,,,,,,,,,,,,,,,,,,,,,,,,,,,,,,,,,,,,,,,,,,,,,,,,,,,,,,,,,,,,,,,,,,http://www.praguebeeracademy.com/cz/pivni-klub.html,,,,,,,,,,,,,,,
node/296495035,node/296495035,,,646,,,,646/59,,120 00,Lublaňská,59,,,,,bar,,,,,,,,,,,,,,,,,,,,,,,,,,,,,,,,,,,,,,berlinbarpraha,,,,,,,,,,,,,,,,,,,,,,,,,,,,,,,,,,,,,,,,,,,,,,,,,,,,,,,,,,,,,,,,,,,,,,,,,,,,,,,,,,,,Ber.lin Bar,BER.LIN BAR,,BER.LIN BAR,,,,,,,,,,,,,,,,,,,"Su, We-Fr 20:00-02:00; Sa 20:00-03:00",,,,,,,,,,,,,,,,,,,,,,,,,,,,,,,,,,,,,,,,,,,,,,,,,,,,,,,,,,,,,,,,,,,,,,,,,,,,,,,,,,,,,,,,,,,,,,,,,,,,,,,,,,,,,,,,,,,,,,,,,,,https://berlinbar.cz,,,,,,,,,,,,,,,
node/296495446,node/296495446,,Praha 1,222,,,,222/3,Staré Město,110 00,Řetězová,3,,,,,bar,,,,,,,,,,,,,,,,,,,,,,,,,,,,,,,,,,,,,,,,,,,,,,,,,,,,,,,,,,,,,,,,,,,,,,,,,,,,,,,,,,,,,,,,,,,,,,,,,,,,,,,,,,,,,,,,,,,,,,,,,,U Kunstatu,U Kunstatu,,U Kunstatu,,,,,,,,,,,,,,,,,,,Mo-Su 14:00-23:00,,,,,,,,,,,,,,,,,,,,,,,,,,,,,,,,,,,,,,,,,,,,,,,,,,,,,,,,,,,,,,,,,,,,,,,,,,,,,,,,,,,,,,,,,,,,,,,,,,,,,,,,,,,,,,,,,,,,,,,,,,,,,,,,,,,,,,,,,,
node/296498803,node/296498803,,,527,,0,,527/2,,11000,Jilská,2,,,,,pub,,,,,,,,,,,,,,,,,,,,,,,,,,2023-03-10,,,,,,,,,,,,jazzrepublic,,,,,,,,,,,,,,,,,,,,,,,,,,,,,,,,,,,,,,,,,,,,,,,,,,,,,,wlan,,,,,,,,,,,,,,,,,,,,,,,,,,,18,,,jazz republic,Jazz Republic,,Jazz Republic,,,,,,,,,,,,,,,,,,,We-Mo 20:00-24:00,,,,,,,,,,,,,,,,,,,,,,,,,,,,,,,,,,,,,,,,,,,,,,,,,,,,,,,,,,,,,,,,,,,,,,,,,,,,,,,,,,,,,,,,,,cuzk:ruian,,,,,,,,,,,,,,,,,,,,,,,,,,,,,,,,,https://www.jazzrepublic.cz/,,,,,no,,,,,,,,,,
node/296517625,node/296517625,,,,,,,,,,,,,,,,bar,,,,,,,,,,,,,,,,,,,,,,,,,,2026-05-05,,,,,,,,,,,,,,,,,,,,,,,,,,,,,Afterclub,,,,,,,,,,,,,,,,,,,,,info@studio54.cz,,,,,,,,,,,,,,,,,,,,,,,,,,,,,,,,,,,,,,,,,,,,,,Studio 54,,,,,,,,,,,,,,,,,,,,,,"Th 04:00-10:00; Sa,Su 04:00-16:00",,,,,,,,,,,,,,,,,,,,,,,,,,,,,,,,,,,,,,,,,,,,,,,,+420 774 446 854,,,,,,,,,,,,,,,,,,,,,,,,,,,,,,,,,,,,,,,,,,,,,,,,,,,,,,,,,,,,,,,,,,,,,,,,,,,https://www.studio54.cz/,,,,,,,,,,,,,,,
node/296555731,node/296555731,,Praha 3,1286,,,,1286/78,,13000,Slezská,78,,,,,bar,,,,,,,,,,,,,,,,,,,,,,,,,,,,,,,,,,yes,,,,,,,,,,,,,,,,,,,,,,,,,,,,,,,,,,,,,,,,,,,https://www.facebook.com/666wombatcafe/,,,,,,,,,,,,,,,,,,,,,,,,,,,,,,,,,,,,,,,,,,,,,Wombat Cafe,,,,,,,,,,,,,,,,,,,,,,Mo-Sa 15:00-23:30,,,,,,,,,,,,,,,,,,,,,,,,,,,,,,,,,,,,,,,,,,,,,,,,+420 777 666 374,,,,,,,,,,,,21761027,,,,,,,,,,,,,,,,,,,,,,,,,,,,,survey,cuzk:ruian,,,,,,,,,,,,,,,,,,,,,,,,,,,,,,,,,,,,,,no,,,,,,,,,,
node/296570598,node/296570598,,,529,,,,529/1,,120 00,Balbínova,1,,,,,bar,,,,,,,,,,,,,,,,,,,,,,,,,,,,,,,,,,,,,,,,,,,,,,,,,,,,,,,,,,,,,,,,,,,,,,,,,,,,,,,,,,,,,,,,,,,,wlan,,,,,,,,,,,,,,,,,,,,,,,,,,,,,,NUBEERBAR,NUBEERBAR,,NUBEERBAR,,,,,,,,,,,,,,,,,,,Fr 16:00-24:00; Mo-Th 16:00-23:00; Sa 17:00-23:00; Su 17:00-22:00,,,,,,,,,,,,,,,,,,,,,,,,,,,,,,,,,,,,,,,,,,,,,,,,,,,,,,,,,,,,,,,,,,,,,,,,,,,,,,,,,,,,,,,,,,cuzk:ruian,,,,,,,,,,,,,,,,,,,,,,,,,,,,,,,,,https://www.nubeerbar.cz/,,,,,no,steps at entrance,,,,,,,,,
node/296598785,node/296598785,,,1756,,,,1756/114,,13000,Vinohradská,114,,,,,,,,,,,,,,,,,,,,,,,,,,,,,,,2026-02-09,,,2026-02-09,,,,,,,,,,,,,,,,,,,,,,,,,,,,,,,,,,,,,,,,,,,,,,,,,,,,,,,,,,,,,,,,,,,,,,,,,,,,,,,,,,,,,,,,,,,,,Koala,,,,,,,,,,,,,,,,,,,,,,Mo-Fr 06:00-18:00; Sa 06:00-11:30,,,,,,,,,,,,,,,,,,,,,,,,,,,,,,,,,,,,,,,,,,,,,,,,,,,,,,,,,,,,,,,,,,,,,,,,,,,,,,alcohol,,,,,,,,,,,,cuzk:ruian,,,,,,,,,,,,,,,,,,,,,,,,,,,,,,,,,,,,,,,,,,,,,,,,
node/296601430,node/296601430,,Praha 3,809,,,,809/14,,13000,U Rajské zahrady,14,,,,,pub,,,,,,,,,,,,,,,,yes,,,,,,,,,,2025-09-15,,,2025-09-15,,,,,no,,,,,,,,,,,,,burger,,,,,,,,,,,yes,yes,,,,,,,,,,,,,,,,,,,,,,,yes,,,,,,,,,,,,,,,,,,,,,,,,,,,,,,,,,,,,,,,,Belzepub,,,,,,,,,,,,,,,,,,,,,,We-Sa 12:00-22:00,,,,,,,,,,,,,,,,,,,,,,,,,,,,,,,,,,,,,,,,,,,,,,,,,,,,,,,,,,,,21775176,,,,,,,,,,,,,,,,,,,,,,,,,,,,,,cuzk:ruian,,,,,,,,,,,,,,,,,,,,,,,,,,,,,,,,,https://www.belzepub.cz/,,,,,,,,,,,,,,,
node/296608521,node/296608521,,,277,,,,277/30,,11000,Karoliny Světlé,30,,,,,bar,,,,,,,,,,,,,,,,,,,,,,,,,,,,,,,,,,,,,,,,,,,,,,,,,,,,,,,,,,,,,,,,,,,,,,,,,,,,,,,,,,,,,,,,,,,,,,,,,,,,,,,,,,,,,,,,,,,,,,,,,,Café-Bar Duende,Café-Bar Duende,,,,,,,,,,,,,,,,,,,,,,,,,,,,,,,,,,,,,,,,,,,,,,,,,,,,,,,,,,,,,,,,,,,,,,,,,,,,,,,,,,,,,,,,,,,,,,,,,,,,,,,,,,,,,,,cuzk:ruian,,,,,,,,,,,,,,,,,,,,,,,,,,,,,,,,,,,,,,no,,,,,,,,,,
node/296679665,node/296679665,,Praha 1,13,,,,13/8,Staré Město,110 00,U Radnice,8,,,,Absintherie Fr. Kafka,bar,,,,,,,,,,,,,,,,no,,,,,,,,,,,,,,,,,,,,,,,,,,,,,,,,,,,,,,,,,,,,,,,,yes,,,,,,,,,,,,absintherie@absint.cz,,,,,,,,,,,,,,,,,,,,,,,,,,,,,,,,,,,,,,,,,,,,,,Absintherie Franz Kafka,,,,,,,,,,,,,,,,,,,,,,Mo-Su 12:00-24:00,,,,,,,,,,,,,,,,,,,,,,,,,,,,,,,,,,,,,,,,,,,,,,,,+420 273 132 612,,,,,,,,,,,,,,,,,,,,,,,,,,,,,,,,,,,,,,,,,,,,,,,,,,,,,,,,,,,,,,,,,,,,,,,,,,,https://www.absintherie.cz/en/absintherie-franz,,,,,,,,,,,,,,,
node/296680006,node/296680006,,,623,,,,623/5,,15000,Plaská,5,,,,,bar,,,,,,,,,,,,,,,,,,,,,,,,,,,,,,,,,,,,,,,,,,,,,,,,,,,,,,,,,,,,,,,,,yes,,,,,,,,,,,beerspotprague@gmail.com,,,,,,,,,,,,,,yes,,wlan,,,,,,,,,,,,,,,,,,,,,,,,,,,,,,Craft Beer Spot,Craft Beer Spot,,,,,,,,,,,,,,,,,,,,,"Mo-Su 11:30-23:00; Fr,Sa 11:30-24:00",,,,,,,no,,,,,,,,,,,,,,,,,,,,,,,,,,,,,,,,,,,,,,,,,+420 257 219 855,,,,,,,,,,,,22039767,,,,,,,,,,,,,,,,,,alcohol,,,,,,,,no,,,,cuzk:ruian,,,,,,,,,,,,,,,,,,,,,,,,,,,,,,,,,https://beerspotprague.cz,,,,,no,,,,,,,,,,
node/296690531,node/296690531,,,1220,,,,1220/80,,10000,Vršovická,80,,,,,restaurant,,,,,,,,,,,,,,,,yes;various,,,,,,,,,,,2025-05-08,,,,,,,,,,,,,,,,,,,,,,,,,,,,,,,,,,,,,,,,,,,,,,,,,vrsovice@turnovskapivnice.cz,,,,,,,,,,,,,,,,,,,,,,,,,,,,,,,,,,,,,,,,,,,,,,Turnovská pivnice,,,,,,,,,,,,,,,,,,,,,,Mo-Sa 11:00-23:00; Su 11:00-22:00,,,,,,,,,,,,,,,,,,,,,,,,,,,,,,,,,,,,,,,,,,,,,,,,+420 603 100 611,,,,,,,,,,,,,,,,,,,,,,,,,,,,,,,,,,,,,,no,,,,cuzk:ruian,,,,,,,,,,,,,,,,,,,,,,,,,,,,,,,,,https://turnovskapivnice.cz/,,,,,,,,,,,,,,,
node/296700168,node/296700168,,,1436,,,,1436/18,,13000,Velehradská,18,,,,,bar,,,,,,,,,,,,,,,,yes,,,,,,,,,,2024-03-25,,,,,,,,,,,,,,,,,,,,,,,,,,,,,,,,,,,,,,,,,,,,,,,,,,,,,,,,,,,,,,,,,,,,,,,,,,,,,,,,,-1,,,,,,,,,,,,,,,Necropolis,,,,,,,,,,,,,,,,,,,,,,Mo-Su 18:00-01:00,,,,,,,,,,,,,,,,,,,,,,,,,,,,,,,,,,,,,,,,,,,,,,,,,,,,,,,,,,,,,,,,,,,,,,,,,,,,,,,,,,,,,,,,,,cuzk:ruian,,,,,,,,,,,,,,,,,,,,,,,,,,,,,,,,,https://facebook.com/necropolisprague,,,,,,,,,,,,,,,
node/296710660,node/296710660,,,280,,,,280/1,Stodůlky,15500,Jindrova,1,,,,,pub,,,,,,,,,,,,,,,,,,,,,,,,,,,,,,,,,,,,,,,,,,,,,,,,,,,,,,,,,,,,,,,,,,,,,,,,,,,,,,,,,,,,,,,,,,,,,,,,,,,,,,,,,,,,,,,,,,,,,,,,,,U Petrů,,,,,,,,,,,,,,,,,,,,,,,,,,,,,,,,,,,,,,,,,,,,,,,,,,,,,,,,,,,,,,,,,,,,,,,,,,,,,,,,,,,,,,,,,,,,,,,,,,,,,,,,,,,,,,,,,,,,,,,,,,,,,,,,,,,,,,,,,,,,,,,,,,,,,,,,,,,,,,,,
node/296719679,node/296719679,,,204,CZ,,,204,Újezd nad Lesy,19016,Staroklánovická,,,,,,pub,,,,,,,,,,,,,,,,,,,,,,,,,,2026-01-03,,,2026-01-03,,,,,,,,,,,,,,,,,,,,,,,,,,,,,,,,,,,,,,,,,,,,,,,,,,,,,,,,,,,,,,,,,,,,,,,,,,,,,,,,,,,,,,,,,,,,,U Smolíka,,,,,,,,,,,,,,,,,,,,,,"Su-Th 14:00-22:00, Sa,Su 14:00-23:00",,,,,,,,,,,,,,,,,,,,,,,,,,,,,,,,,,,,,,,,,,,,,,,,,,,,,,,,,,,,,,,,,,,,,,,,,,,,,,,,,,,,,,,,,,,,,,,,,,,,,,,,,,,,,,,,,,,,,,,,,,,,,,,,,,,,,,,,,,
node/296720238,node/296720238,,,1030,,,,1030/6,,15000,Erbenova,6,,,,,pub,,,,,,,,,,,,,,,,,,,,,,,,,,,,,,,,,,,,,,,,,,,,,,,,,,,,,,,,,,,,,,,,,,,,,,,,,,,,,,,,,,,,,,,,,,,,wlan,,,,,,,,,,,,,,,,,,,,,,,,,,,,,,Kočárek,,,,,,,,,,,,,,,,,,,,,,,,,,,,,,,,,,,,,,,,,,,,,,,,,,,,,,,,,,,,,,,,,,,,,,,,,,,,,,,,,,,,,,,,,,,,,,,,,,,,,,,,,,,,,,,,cuzk:ruian,,,,,,,,,,,,,,,,,,,,,,,,,,,,,,,,,,,,,,,,,,,,,,,,
node/296721840,node/296721840,,,286,,,,286/17,,10100,Krymská,17,,,,,bar,,,,,,,,,,,,,,,,,,,,,,,,,,,,,,,,,,,,,,,,,,,,,,,,,,,,,,,,,,,,,,,,,,,,,,,,,,,,,,,,,,,,,,,,,,,,,,,,,,,,,,,,,,,,primary,,,,,,,,,,,,,,Patra,,,,,,,,,,,,,,,,,,,,,,,,,,,,,,,,,,,,,,,,,,,,,,,,,,,,,,,,,,,,,,,,,,,,,,,,,,,,,,,,,,22705881,,,,,,,,,,,,,,,,,,,,,,,,,,,,,,cuzk:ruian,,,,,,,,,,,,,,,,,,,,,,,,,,,,,,,,,,,,,,,,,,,,,,,,
node/296726794,node/296726794,,Praha,493,CZ,,,493/63,Břevnov,16900,Bělohorská,63,Praha 6,,,,pub,,,,,,,,,,,,,,,,,,,,,,,,,,,,,,,,,,,,,,,,,,,,,,,,,,,,,,,,,,,,,,,,,,,,,,,,,,,,,,,,,,,,,,,,,,,,wlan,no,,,,,,,,,,,,,,,,,,,,,,,,,,,,,Hostinec Drinopol,,,,,,,,,,,,,,,,,,,,,,"Mo-Fr 10:30-23:00; Sa,Su 11:00-23:00",,,,,,,,,,,,,,,,,,,,,,,,,,,,,,,,,,,,,,,,,,,,,,,,+420 245 006 126,,,,,,,,,,,,,,,,,,,,,,,,,,,,,,,,,,,,,,,,,,cuzk:ruian,survey,,,,,,,,,,,,,,,,,,,,,,,,,,,,,,,,http://www.drinopol.cz/,,,,,,,,,,,,,,,
node/296735618,node/296735618,,,137,,,,137/36,,10400,Přátelství,36,,,,,pub,,,,,,,,,,,,,,,,,,,,,,,,,,,,,,,,,,,,,,,,,,,,,,,,,,,,,,,,,,,,,,,,,,,,,,,,,,,,,,,,,,,,,,,,,,,,,,,,,,,,,,,,,,,,,,,,,,,,,,,,,,U Velké Prahy,,,,,,,,,,,,,,,,,,,,,,,,,,,,,,,,,,,,,,,,,,,,,,,,,,,,,,,,,,,,,,,,,,,,,,,,,,,,,,,,,,22641149,,,,,,,,,,,,,,,,,,,,,,,,,,,,,,cuzk:ruian,,,,,,,,,,,,,,,,,,,,,,,,,,,,,,,,,,,,,,,,,,,,,,,,
node/296739352,node/296739352,,Praha,597,CZ,,,597/67,,19800,Poděbradská,67,,,,,pub,,,,,,,,,,,,,,,,,,,,,,,,,,2025-01-28,,,,,,,,,,,,,,,,,,,,,,yes,,,,,,,,,,,,,,,,,,,,,,,,,,,,,,,,,,,,,,,,,,,,,,,,,,,,,,,,,,,,,,,,,,,,,,,,,,Hospoda U Bočana,,,,,,,,,,,,,,,,,,,,,,Mo-Su 12:00-22:00,,,,,,,,,,,,,,,,,,,,,,,,,,,,,yes,,,no,,,,,,,,no,,,,,,,,,,,,,,,,,,,,22425331,,,,,,,,,,,,,,,,,,,,,,,,,,,,,,cuzk:ruian,,,,,,,,,,,,,,,,,,,,,,,,,,,,,,,,,,,,,,,,,,,,,,,,
node/296742613,node/296742613,,,235,,,,235/13,,18600,Karlínské náměstí,13,,,,,pub,,,,,,,,,,,,,,,,,,,,,,,,,,,,,,,,,,,,,,,,,,,,,,,,,,,,,,,,,,,,,,,,,,,,,,,,,,,,,,,,,,,,,,,,,,,,wlan,,,,,,,,,,,,,,,,,,,,,,,,,,,,,,U Sani,,,,,,,,,,,,,,,,,,,,,,Mo-Sa 11:00-23:00; Su 11:00-22:00,,,,,,,,,,,,,,,,,,,,,,,,,,,,,,,,,,,,,,,,,,,,,,,,,,,,,,,,,,,,22351019,,,,,,,,,,,,,,,,,,,,,,,,,,,,,,cuzk:ruian,,,,,,,,,,,,,,,,,,,,,,,,,no,,,,,,,,,,,,,limited,,,,,,,,,,
node/296760797,node/296760797,,,305,,,,305,Hlubočepy,15200,Do Klukovic,,,,,,restaurant,,,,,,,,,,,,,,,,,,,,,,,,yes,,,,,,,,,,,,,,,,,,,,,,,,,,,,,,,,,,,,,,,,,,,,,,,,,,,,,,,,,,,,,,,,,,yes,,,,,,,,,,,,,,,,,,,,,,,,,,,,,,,,Pivovar Prokopák,,,,,,,,,,,,,,,,,,,,,,Mo-Sa 11:00-21:30,,,,,,,yes,,,,,,,,,,,,,,,yes,,yes,,,,,,,,,,,,,,,,,,,,,,,,,,,,,,,,,,,,22001123,,,,,,,,,,,,,,,,,,,,,,,,,,outside,,,,,,,,,,,,,,,,,,,,,,,,,,,,,,,,,,,,,https://www.pivovar-prokopak.cz/,,,,,,,,,,,,,,,
node/296768916,node/296768916,,,1450,,,,1450/21,,17000,Schnirchova,21,,,,,pub,,,,,,,,,,,,,,,,Pilsner Urquell;Kozel,,,,,,,,,,,,,,,,,,,,,,,,,,,,,,,,,,,,,,,,,,,,,,,,,,,,,,,,,,,,,,,,,,,,,,,,,,,,,,,,,,,,,,,,,,,,,,,,,,,,,,,,,,U Malého Berlína,,,,,,,,,,,,,,,,,,,,,,Mo-Su 11:00-23:00,,,,,,,,,,,,,,,,,,,,,,,,,,,,,,,,,,,,,,,,,,,,,,,,,,,,,,,,,,,,,,,,,,,,,,,,,,,,,,,,,,,,,,,,,,cuzk:ruian,,,,,,,,,,,,,,,,,,,,,,,,,,,,,,,,,https://www.umalehoberlina.cz/,,,,,,,,,,,,,,,
node/296778915,node/296778915,,,38,,,,38/10,,10400,K sokolovně,10,,,,,restaurant,,,,,,,,,,,,,,,,,,,,,,,,,,,,,,,,,,,,,,,,,,,,,,,local,,,,,,,,,,,,,,,,,,,,,,,,,,,,,,,,,,,,,,,,,,,,,,,,,,,,,,,,,,,,,,,,,,,,,,,,,,,Restaurant Pivovarská,,,,,,,,,,,,,,,,,,,,,,Mo-Th 11:00-23:00; Fr-Sa 11:00-24:00; Su 11:00-23:00,,,,,,,,,,,,,,,,,,,,,,,,,,,,,,,,,,,,,,,,,,,,,,,,+420 267 711 949,,,,,,,,,,,,,,,,,,,,,,,,,,,,,,,,,,,,,,,,,,cuzk:ruian,,,,,,,,,,,,,,,,,,,,,,,,,,,,,,,,,https://restaurantpivovarska.cz,,,,,,,,,,,,,,,
node/296782644,node/296782644,,,1070,,,,1070/28,,17000,V Háji,28,,,,,pub,,,,,,,,,,,,,,,,,,,,,,,,,,,,,,,,,,,,,,,,,,,,,,,local,,,,,,,,,,,,,,,,,,,,,,,,,,,,,,,,,,,,,,,,,,,,,,,,,,,,,,,,,,,,,,,,,,,,,,,,,,,V Háji,,,,,,,,,,,,,,,,,,,,,,Mo-Fr 09:00-22:00; Sa-Su 10:00-21:00,,,,,,,,,,,,,,,,,,,,,,,,,,,,,,,,,,,,,,,,,,,,,,,,,,,,,,,,,,,,,,,,,,,,,,,,,,,,,,,,,,,,,,,,,,cuzk:ruian,,,,,,,,,,,,,,,,,,,,,,,,,,,,,,,,,,,,,,,,,,,,,,,,
node/296783584,node/296783584,,,865,,,,865/35,,10000,V Rybníčkách,35,,,,,pub,,,,,,,,,,,,,,,,yes;various,,,,,,,,,,,,,,,,,,,,,,,,,,,,,,,regional,,,,,,,,,,,,,,,,,,,,,,,,,,,,,,,,,,,,,,,,,,,,,,,,,,,,,,,,,,,,,,,,,,,,,,,,,,,Hostinec V Rybníčkách,,,,,,,,,,,,,,,,,,,,,,Mo-Su 12:00-22:00,,,,,,,,,,,,,,,,,,,,,,,,,,,,,,,,,,,,,,,,,,,,,,,,+420 608 342 877,,,,,,,,,,,,,,,,,,,,,,,,,,,,,,,,,,,,,,,,,,cuzk:ruian,,,,,,,,,,,,,,,,,,,,,,,,,,,,,,,,,,,,,,,,,,,,,,,,
node/296785271,node/296785271,,,39,,,,39,,19900,Beranových,,,,,,pub,,,,,,,,,,,,,,,,,,,,,,,,,,,,,,,,,,,,,,,,,,,,,,,,,,,,,,,,,,,,,,,,,,,,,,,,,,,,,,,,,,,,,,,,,,yes,,,,,,,,,,,,,,,,,,,,,,,,,,,,,,,,Empír steak Letňany,,,,,,,,,,,,,,,,,,,,,,,,,,,,,no,,,,,,,,,,,,,,,,,,,,,,,,,,,,,,,,,,,,,,,,,,,,,,,,,,,,,,,,,,,,,,,,,,,,,,,,,,,,,,,,,,,cuzk:ruian,,,,,,,,,,,,,,,,,,,,,,,,,,,,,,,,,https://www.empirsteak.cz/,,,,,,,,,,,,,,,
node/296804168,node/296804168,,,9,,,,9,,15531,Jílovišťská,,,,,,pub,,,,,,,,,,,,,,,,,,,,,,,,,,,,,,,,,,,,,,,,,,,,,,,,,,,,,,,,,,,,,,,,,,,,,,,,,,,,,,,,,,,,,,,,,,,,,,,,,,,,,,,,,,,,,,,,,,,,,,,,,,U Járina,,,,,,,,,,,,,,,,,,,,,,,,,,,,,,,,,,,,,,,,,,,,,,,,,,,,,,,,,,,,,,,,,,,,,,,,,,,,,,,,,,,,,,,,,,,,,,,,,,,,,,,,,,,,,,,,cuzk:ruian,,,,,,,,,,,,,,,,,,,,,,,,,,,,,,,,,,,,,,,,,,,,,,,,
node/296827496,node/296827496,,,877,,,,877/1,,15200,V bokách III,1,,,,,bar,,,,,,,,,,,,,,,,,,,,,,,,,,,,,,,,,,,,,,,,,,,,,,,,,,,,,,,,,,,,,,,,,,,,,,,,,,,,,,,,,,,,,,,,,,,,,,,,,,,,,,,,,,,,,,,,,,,,,,,,,,Vinárna U Butona,,,,,,,,,,,,,,,,,,,,,,,,,,,,,,,,,,,,,,,,,,,,,,,,,,,,,,,,,,,,,,,,,,,,,,,,,,,,,,,,,,,,,,,,,,,,,,,,,,,,,,,,,,,,,,,,cuzk:ruian,,,,,,,,,,,,,,,,,,,,,,,,,,,,,,,,,,,,,,,,,,,,,,,,
node/296832271,node/296832271,,,125,,,,125,,19900,Beranových,,,,,,pub,,,,,,,,,,,,,,,,,,,,,,,,,,,,,,,,,,,,,,,,,,,,,,,,,,,,,,,,,,,,,,,,,,,,,,,,,,,,,,,,,,,,,,,,,,,,,,,,,,,,,,,,,,,,,,,,,,,,,,,,,,Sport Bar Chelsea,,,,,,,,,,,,,,,,,,,,,,,,,,,,,,,,,,,,,,,,,,,,,,,,,,,,,,,,,,,,,,,,,,,,,,,,,,,,,,,,,,,,,,,,,,,,,,,,,,,,,,,,,,,,,,,,cuzk:ruian,,,,,,,,,,,,,,,,,,,,,,,,,,,,,,,,,,,,,,,,,,,,,,,,
node/299776744,node/299776744,,,,,,,,,,,,,,,,pub,,,,,,,,,,,,,,,,,,,,,,,,,,,,,,,,,,,,,,,,,,,,,,Potlatch 0.10b,,,,,,,,,,,,,,,,,,,,,,,,,,,,,,,,,,,,,,,,,,,,,,,,,,,,,,,,,,,,,,,,,,,,,,,,,,,,hospůdka U Karla,,,,,,,,,,,,,,,,,,,,,,,,,,,,,,,,,,,,,,,,,,,,,,,,,,,,,,,,,,,,,,,,,,,,,,,,,,,,,,,,,,,,,,,,,,,,,,,,,,,,,,,,,,,,,,,,,,,,,,,,,,,,,,,,,,,,,,,,,,,,,,,,,,,,,,,,,,,,,,,,
way/300042533,way/300042533,,,,,,,,,,,,,,,,biergarten,,,,,,,,,,,,,,,,,,,,,,,,,,,,,,,,,,,,,,,,,,,,,,,,,,,,,,,,,,,,,,,,,,,,,,,,,,,,,,,,,,,,,,,,,,,,,,,,,,,,,,,,,,,,,,,,,,,,,,,,,,Na Bašte,,,,,,,,,,,,,,,,,,,,,,,,,,,,,,,,,,,,,,,,,,,,,,,,,,,,,,,,,,,,,,,,,,,,,,,,,,,,,,,,,,,,,,,,,,,,,,,,,,,,,,,,,,,,,,,,,,,,,,,,,,,,,,,,,,,,,,,,,,,,,,,,,,,,,,,,,,,,,,,,center
node/304323786,node/304323786,,,,,,,,,,,,,,,,bar,,,,,,,,,,,,,,,,,,,,,,,,,,,,,,,,,,,,,,,,,,,,,,,,,,,,,,,,,,,,,,,,,,,,,,,,,,,,,,,,,,,,,,,,,,,,,,,,,,,,,,,,,,,,,,,,,,,,,,,,,,Pivní bar Na Vrcholu,,,,,,,,,,,,,,,,,,,,,,,,,,,,,,,,,,,,,,,,,,,,,,,,,,,,,,,,,,,,,,,,,,,,,,,,,,,,,,,,,,,,,,,,,,,,,,,,,,,,,,,,,,,,,,,,,,,,,,,,,,,,,,,,,,,,,,,,,,,,,,,,,,,,,,,,,,,,,,,,
node/305079222,node/305079222,,Praha,,,,,22,,11800,Újezd,,,,,,restaurant,,,,,,,,,,,,,,,,,,,,,,,,,,,,,,,,,,,,,,,,,,,,,,,regional,,,,,,,,,,,,,,,,,,,,,,,,,,,,,,,,,,,,,,,,,,,yes,,,,,,,,,,,,,,,,,,,,,,,,,,,,,,,,Pivnice U Švejků,,,,,,,,,,,,,,,,,,,,,,Mo-Su 11:00-22:00,,,,,,,yes,,,,,,,,,,,,,,,,,,,,,,,,,,,,,,,,,,,,,,,,,,,,,,,,,,,,,,,,,,,,,,,,,,,,,,,,,,,,,,,,,,,,,,,,,,,,,,,,,,,,,,,,,,,,,,,,,,,,,,,,,yes,,,,,,,,,,
node/308365561,node/308365561,,,,,,,,,,,,,,,,bar,,,,,,,,,,,,,,,,,,,,,,,,,,,,,,,,,,,,,,,,,,,,,,,,,,,,,,,,,,,,,,,,,,,,,,,,,,,,,,,,,,,,,,,,,,,,,,,,,,,,,,,,,,,,,,,,,,,,,,,,,,Sport bar Na Chmelnici,,,,,,,,,,,,,,,,,,,,,,Mo-Su 09:00-22:00,,,,,,,,,,,,,,,,,,,,,,,,,,,,,,,,,,,,,,,,,,,,,,,,,,,,,,,,,,,,,,,,,,,,,,,,,,,,,,,,,,,,,,,,,,,,,,,,,,,,,,,,,,,,,,,,,,,,,,,,,,,,,,,,,,,,,,,,,,
node/308582119,node/308582119,,,,,,,,,,,,,,,,restaurant,,,,,,,,,,,,,,,,,,,,,,,,,,,,,,,,,,,,,,,,,,,,,,,,,,,,,,,,,,,,,,,,,,,,,,,,,,,,,,,,,,,,,,,,,,yes,,,,,,,,,,,,,,,,,,,,,,,,,,,,,,,,Hospoda Jarov,,,,,,,,,,,,,,,,,,,,,,Mo-Sa 10:00-22:00,,,,,,,yes,,,,,,,,,,,,,,,,,,,,,,,,,,,,,,,,,,,,,,,,,,,,,,,,,,,,,,,,,,,,,,,,,,,,,,,,,,,,,,,,,,,,,,,,,,,,,,,,,,,,,,,,,,,,,,,,,,,,https://www.facebook.com/HospodaJAROV/,,,,,,,,,,,,,,,
node/315124571,node/315124571,,,,,,,,,,,,,,,,pub,,,,,,,,,,,,,,,,,,,,,,,,,,,,,,,,,,,,,,,,,,,,,,,,,,,,,,,,,,,,,,,,,,,,,,,,,,,,,,,,,,,,,,,,,,,,,,,,,,,,,,,,,,,,,,,,,,,,,,,,,,Bar NDR,,,,,,,,,,,,,,,,,,,,,,,,,,,,,,,,,,,,,,,,,,,,,,,,,,,,,,,,,,,,,,,,,,,,,,,,,,,,,,,,,,,,,,,,,,,,,,,,,,,,,,,,,,,,,,,,,,,,,,,,,,,,,,,,,,,,,,,,,,,,,,,,,,,,,,,,,,,,,,,,
node/316778801,node/316778801,,Praha,,,,,33,,14700,Podolská,,,,,,bar,,,,,,,,,,,,,,,,,,,,,,,,,,,,,,,,,,,,,,,,,,,,,,,,,,,,,,,,,,,,,,,,,,,,,,,,,,,,,,,,,,,,,,,,,,,,,,,,,,,,,,,,,,,,,,,,,,,,,,,,,,Tobaco,,,,,,,,,,,,,,,,,,,,,,,,,,,,,,,,,,,,,,,,,,,,,,,,,,,,,,,,,,,,,,,,,,,,,,,,,,,,,,,,,,,,,,,,,,,,,,,,,,,,,,,,,,,,,,,,,,,,,,,,,,,,,,,,,,,,,,,,,,,,,,,,,,,,,,,,,,,,,,,,
node/330200829,node/330200829,,,,,,,,,,,,,,,,,,,,,,,,,,,,,,,,,,,,,,,,,,2025-10-07,,,,,,,,,,,,,,,,,,,,,,,,,,,,,,,,,,,,,,,,,,,,,yes,,,,,,,,,,,,,,,,,,,,,,,,,,,,,,,,,,,,,,,,,,,,,,,,,,,Galerie vín,,,,,,,,,,,,,,,,,,,,,,,,,,,,,,,,,,,,,,,,,,,,,,,,,,,,,,,,,,,,,,,,,,,,,,,,,,,,,,,,,,,,,,,,,,,,,,,,,,,,alcohol,,,,,,,,,,,,,,,,,,,,,,,,,,,,,,,,,,,,,,,,,,,,,,,,,,no,,,,,,,,,,
node/330643006,node/330643006,,Praha,,,,,48,,15000,Štefánikova,,,,,,restaurant,,,,,,,,,,,,,,,,,,,,,,,,,,,,,,,,,,,,,,,,,,,,,,,regional,,,,,,,,,,,,,,,,,,,,,,,,,,,,,,,,,,,,,,,,,,,,,wlan,no,,,,,,,,,,,,,,,,,,,,,,,,,,,,,Pivnice U Dělového kříže,,,,,,,,,,,,,,,,,,,,,,,,,,,,,,,,,,,,,,,,,,,,,,,,,,,,,,,,,,,,,,,,,,,,,,+420 257 221 221,,,,,,,,,,,,,,,,,,,,,,,,,,,,,,,,,,,,,,,,,,,,,,,,,,,,,,,,,,,,,,,,,,,,,,,,,,,http://www.udelovehokrize.eu/,,,,,,,,,,,,,,,
node/331950069,node/331950069,,,,,,,,,,,,,,,,pub,,,,,,,,,,,,,,,,,,,,,,,,,,,,,,,,,,,,,,,,,,,,,,,,,,,,,,,,,,,,,,,,,,,,,,,,,,,,,,,,,,,,,,,,,,,,,,,,,,,,,,,,,,,,,,,,,,,,,,,,,,Hostinec staré zátiší,,,,,,,,,,,,,,,,,,,,,,Mo-Su 10:00-22:00,,,,,,,,,,,,,,,,,,,,,,no,,no,,,,,,,,,,,,,,,,,,,,,,,,,,,,,,,,,,,,,,,,,,,,,,,,,,,,,,,,,,,,,,,,,,,,,,,,,,,,,,,,,,,,,,,,,,,,,,,,,,,,,,,,,,,,,,,,,,
node/331956703,node/331956703,,Praha,,,,,22,,11000,Smetanovo nábřeží,,,,,,bar,,,,,,,,,,,,,,,,,,,,,,,,,,,,,,,,,,,,,,,,,,,,,,,,,,,,,,,,,,,,,,,,,,,,,,,,,,,,,,,,,,,,,,,,,,,,,,,,,,,,,,,,,,,,,,,,,,,,,,,,,,Rivier,,,,,,,,,,,,,,,,,,,,,,,,,,,,,,,,,,,,,,,,,,,,,,,,,,,,,,,,,,,,,,,,,,,,,,,,,,,,,,,,,,,,,,,,,,,,,,,,,,,,,,,,,,,,,,,,,,,,,,,,,,,,,,,,,,,,,,,,,,,,,,,,,,,,,,no,,,,,,,,,,
node/331959659,node/331959659,,Praha,1651,CZ,,,1651/11,Nové Město,11000,Křemencova,11,Praha 1,,,,restaurant,,,,,,,,,,,,,,,,yes,,,,,,,,,,2025-02-16,,,,,,,,,,,,https://www.instagram.com/pivovar_u_fleku,,,,,,,,,czech;regional,,,,,,,,,,,,,,,,,,,,,,,,,,,,,ufleku@ufleku.cz,,,,,,,,,,,,,,,,,,,,,,,,,,,,,,,,,,,,,,,,,yes,,,,,U Fleků,U Fleků,,U Fleků,,,,,,,,,,,,,,,,,,,Mo-Su 10:00-23:00,,,,,,,yes,,,,,,,,,,,yes,,,yes,,,,,,,,,,,,,,,,,,,,,,,,,,,+420 224 934 019,,,,,,,,,,,,,,,,,,,,,,,,,,,,,,,,,,,,,,,,,local knowledge,cuzk:ruian,,,,,,,,,,,,,,,,,yes,,,,,,,,,,,,,,,,https://ufleku.cz/,,,,,,,,,Q1581385,,,cs:Pivovar U Fleků,,,
node/331960291,node/331960291,,,186,,,,186/7,,,Křemencova,7,,,,,pub,,,,,,,,,,,,,,,,,,,,,,,,,,,,,,,,,,,,,,,,,,,,,,,,,,,,,,,,,,,,,,,,,,,,,,,,,,,,,,,,,,,,,,,,,,,,,,,,,,,,,,,,,,,,,,,,,,,,,,,,,,U Karla,,,,,,,,,,Пивоварня,,,,,,,,,,,,,,,,,,,,,,,,,,,,,,,,,,,,,,,,,,,,,,,,,,,,,,,,,,,,,,,,,,,,,,,,,,,,,,,,,,,,,,,,,,,,,,,,,,,,,,,,,,,,,,,,,,,,,,,,,,,,,,,,,,,,,,,,,,,,,,,,,,,,,,
node/331960299,node/331960299,,Praha,,,,,9,,12000,Na Zbořenci,,,,,,pub,,,,,,,,,,,,,,,,,,,,,,,,,,,,,,,,,,,,,,,,,,,,,,,,,,,,,,,,,,,,,,,,,,,,,,,,,,,,,,,,,,,,,,,,,,,,wlan,,,,,,,,,,,,,,,,,,,,,,,,,,,,,,Milá tchýně,,,,,,,,,,,,,,,,,,,,,,Mo-Fr 15:00-03:00; Sa-Su 17:00-03:00,,,,,,,,,,,,,,,,,,,,,,,,,,,,,,,,,,,,,,,,,,,,,,,,+420 602 955 486,,,,,,,,,,,,,,,,,,,,,,,,,,,,,,,,,,,,,,,,,,,,,,,,,,,,,,,,,,,,,,,,,,,,,,,,,,,https://milatchyne.cz/,,,,,,,,,,,,,,,
node/331960300,node/331960300,,Praha,261,CZ,,,261/5,Nové Město,12000,Na zbořenci,5,Praha 2,,,,pub,,,,,,,,,,,,,,,,,,,,,,,,,,,,,,,,,,,,,,,,,,,,,,,,,,,,,,,,,,,,,,,,,,,,,,,,,,,,,,,,,,,,,,,,,,,,wlan,no,,,,,,,,,,,,,,,,,,,,,,,,,,,,,U Žaludů,,,,,,,,,,,,,,,,,,,,,,"Mo-Fr 10:30-23:00; Sa,Su 11:00-23:00",,,,,,,no,,,,,,,,,,,,,,,,,,,,,,,,,,,,,,,,,,,,,,,,,+420 603 782 970,,,,,,,,,,,,,,,,,,,,,,,,,,,,,,,,,,,,,,,,,,cuzk:ruian,survey,,,,,,,,,,,,,,,,,,,,,,,,,,,,,,,,http://www.morlor.com/uzaludu/,,,,,,,,,,,,,,,
node/331960684,node/331960684,,,,,,,,,,,,,,,Malostranský restaurant pod Petřínem,pub,,,,,,,,,,,,,,,,,,,,,,,,,,,2023-07-22,,,,,,,,,,,,,,,,,,,,,no,,,,3rd party app Qerko required for bitcoin payment,,,,,,,,,,,,,,,,,,,,,,,,info@pivnicepodpetrinem.cz,,,,,,,,,,,,,,yes,,,,,,,,,,,,,,,,,,,,,Pod Petřínem,,,,,,,,,,,Pivnice pod Petřínem,,,,,,,,,,,,,,,,,,,,,,,,,,,,,no,,,,,,,,,,,,,,,,,,,,,,,,,,,,,,,,,,,,no,,,,,+420 257 224 408,,,,,,,,,,,,,,,,,,,,,,,,,,,,,,,,,,,,,,yes,,,,,,,,,,,,,,,,,,,,,,,,,,,,,,,,,,,,,http://www.pivnicepodpetrinem.cz/,,,,,no,,,,,,,,,,
node/331960888,node/331960888,,Praha,,,,,2,,16000,Mydlářka,,,,,,pub,,,,,,,,,,,,,,,,,,,,,,,,,,,,,,,,,,,,,,,,,,,,,,,,,,,,,,,,,,,,,,,,,,,,,,,,,,,,,,,,,,,,,,,,,,,,,,,,,,,,,,,,,,,,,,,,,,,,,,,,,,Oáza,,,,,,,,,,,,,,,,,,,,,,,,,,,,,,,,,,,,,,,,,,,,,,,,,,,,,,,,,,,,,,,,,,,,,,,,,,,,,,,,,,,,,,,,,,,,,,,,,,,,,,,,,,,,,,,,,,,,,,,,,,,,,,,,,,,,,,,,,,,,,,,,,,,,,,,,,,,,,,,,
node/332224305,node/332224305,,,,,,,,,,,,,,,,,,,,,,,,,,,,,,,,,,,,,,,,,,,,,,,,,,,,,,,,,,,,,,,,,,,,,,,,,,,,,,,,,,,,,,,yes,,,,,,,,,,,,,,,,,,,,,,,,,,,,,,,,,,,,,,,,,,,,,,,,,,,Šakalí šenk,,,,,,,,,,,,,,,,,,,,,,,,,,,,,,,,,,,,,,,,,,,,,,,,,,,,,,,,,,,,,,,,,,,,,,,,,,,,,,,,,,,,,,,,,,,,,,,,,,,,alcohol,,,,,,,,,,,,,,,,,,,,,,,,,,,,,,,,,,,,,,,,,,,,,,,,,,,,,,,,,,,,
node/332450286,node/332450286,,,,,,,,,,,,,,,,pub,,,,,,,,,,,,,,,,staropramen,,,,,,,,,,,,,,,,,,,,,,,,,,,,,,,,,,,,,,,,,,,,,,,,,,,,,,,,,,,,,,,,,,,,,,,,,,,,,,,,,,,,,,,,,,,,,,,,,,,,,,,,,,"Hostinec ""u Anduly""",,,,,,,,,,,,,,,,,,,,,,,,,,,,,,,,,,,,,,,,,,,,,,,,,,,,,,,,,,,,,,,,,,,,,,,,,,,,,,,,,,,,,,,,,,,,,,,,,,,,,,,,,,,,,,,,,,,,,,,,,,,,,,,,,,,,,,,,,,,,,,,,,,,,,,,,,,,,,,,,
node/339049781,node/339049781,,,,,,,,,,,,,,,,bar,,,,,,,,,,,,,,,,Vinohadský_pivovar,,,,,,,,,,,,,,,,,,,,,,,,,,,,,,,,,,,,,,,,,,,,,,,,,,,,,,,,,,,,radek.bartos@district3.cz,,,,,,,,,,,,,,,,wlan,,,,,,,,,,,,,,,,,,,,,,,,,,,,,,District 3 Bar,,,,,,,,,,,,,,,,,,,,,,Mo-Fr 16:00-22:00,,,,,,,no,,,,,,,,,,,,,,,,,,,,,,,,,,,,,,,,,,,,,,,,,+420777632094,,,,,,,,,,,,,,,,,,,,,,,,,,,,,,,,,,,,,,,,,,,,,,,,,,,,,,,,,,,,,,,,,,,,,,,,,,,https://facebook.com/zizkov3,,,,,limited,,,,,,,,,,
node/340024367,node/340024367,,Praha,1390,CZ,,,1390/17,Nové Město,11000,Vladislavova,17,Praha 1,,,,pub,,,,,,,,,,,,,,,,,,,,,,,,,,,,,,,,,,,,,,,,,,,,,,,,,,,,,,,,,,,,,,,,,,,,,,,,,,,,,,,,,,,,,,,,,,,,,,,,,,,,,,,,,,,,,,,,,,,,,,,,,,The Dutch Pub,,,,,,,,,,,,,,,,,,,,,,"Mo-Th 11:00-24:00, Fr 11:00-01:00, Sa 12:00-01:00, Su 12:00-23:00",,,,,,,,,,,,,,,,,,,,,,,,,,,,,,,,,,,,,,,,,,,,,,,,+420 727 969 818,,,,,,,,,,,,,,,,,,,,,,,,,,,,,,,,,,,,,,,,,,cuzk:ruian,survey,,,,,,,,,,2022-05-20,,,,,,,,,,,,,,,,,,,,,,https://www.dutchpub.cz/,,,,,,,,,,,,,,,
node/343683687,node/343683687,,,,,,,33/1,,,Charvátova,,,,,,pub,,,,,,,,,,,,,,,,,,,,,,,,,,2024-08-06,,,,,,,,,,,,,,,,,,,,,,,,,,,,,,,,,,,,,,,,,,,,,,,,,,,,,,,,,,,,,,,,yes,,,,,,,,,,,,,,,,,,,,,,,,,,,,,,,,Jelínkova plzeňská pivnice,,,,,,,,,,,,,,,,,,,,,,Mo-Fr 10:00-22:00; Sa 10:00-18:00,,,,,,,no,,,,,,,,,,,,,,,,,,,,,,,,,,,,,,,,,,,,,,,,,+420 224 948 486,,,,,,,,,,,,,,,,,,,,,,,,,,,,,,,,,,,,,,,,,,,,,,,,,,,,,,,,,,,,,,,,,,,,,,,,,,,,,,,,,,,,,,,,,,
node/343804474,node/343804474,,,,,,,1719/42,,,Biskupcova,,,,,,bar,,,,,,,,,,,,,,,,,,,,,,,,,,2025-11-27,,,2025-11-27,,,,,,,,,,,,,,,,,,,,,,,,,,,,,,,,,,,,,,,,,,,,,,,,,,,,,,,,,,,,,,,,,,,,,,,,,,,,,,,,,,,,,,,,,,,,,Vinařství Pfeffer,,,,,,,,,,,,,,,,,,,,,,"Mo,We,Fr 16:00-22:00",,,,,,,,,,,,,,,,,,,,,,,,,,,,,,,,,,,,,,,,,,,,,,,,,,,,,,,,,,,,,,,,,,,,,,,,,,,,,,,,,,,,,,,,,,,,,,,,,,,,,,,,,,,,,,,,,,,,,,,,,,,,,,,,limited,,,,,,,,,,
node/344797516,node/344797516,,,,,,,,,,,,,,,,pub,,,,,,,,,,,,,,,,,,,,,,,,,,,,,,,,,,,,,,,,,,,,,,,,,,,,,,,,,,,,,,,,,,,,,,,,,,,,,,,,,,,,,,,,,,,,,,,,,,,,,,,,,,,,,,,,,,,,,,,,,,Club Montana,,,,,,,,,,,,,,,,,,,,,,,,,,,,,,,,,,,,,,,,,,,,,,,,,,,,,,,,,,,,,,,,,,,,,,,,,,,,,,,,,,,,,,,,,,,,,,,,,,,,,,,,,,,,,,,,,,,,,,,,,,,,,,,,,,,,,,,,,,,,,,,,,,,,,,,,,,,,,,,,
node/346198673,node/346198673,,Praha,,,,,209,,16100,Evropská,,,,,,restaurant,,,,,,,,,,,,,,,,,,,,,,,,,,2025-09-09,,2025-09-09,,,2025-09-09,,,,,,,,,,,,,,,,regional,,,,,,,,,,,,yes,,,,,,,,,,,,,,,,,,,,,,,,,,,,,,,yes,,,,,,,,,,,,,,,,,,,,,,,,,,,yes,,,,,Libocký pivovar - Hostinec nad Šárkou,,,,,,,,,,,,,,,,,,,,,,Mo-Sa 11:00-23:00; Su 11:00-22:00,,,,,,,yes,,,,,,,,,,,,,,,,,,,,,,,,,,,,,,,,,,,,,,,,,+420 733 502 600,,,,,,,,,,,,,,,,,,,,,,,,,,,,,,,,,,,,,,outside,,,,,,,,,,,,,,,,,,,,,,,,,,,,,,,,,,,,,https://nadsarkou.cz/,,,,,,,,,,,,,,,
node/346909390,node/346909390,,,,,,,,,,,,,,,,pub,,,,,,,,,,,,,,,,,,,,,,,,,,,,,,,,,,,,,,,,,,,,,,,,,,,,,,,,,,,,,,,,,,,,,,,,,,,,,,,,,,,,,,,,,,,,,,,,,,,,,,,,,,,,,,,,,,,,,,,,,,U Kestřánků,,,,,,,,,,,,,,,,,,,,,,Mo-Su,,,,,,,,,,,,,,,,,,,,,,,,,,,,,,,,,,,,,,,,,,,,,,,,,,,,,,,,,,,,,,,,,,,,,,,,,,,,,,,,,,,,,,,,,,,,,,,,,,,,,,,,,,,,,,,,,,,,,,,,,,,,,,,,,,,,,,,,,,
node/350569091,node/350569091,,,,,,,,,,,,,,,,restaurant,,,,,,,,,,,,,,,,,,,,,,,,,,,,,,,,,,,,,,,,,,,,,,,,,,,,,,,,,,,,,,,,,,,,,,,,,,,,,,,,,,,,,,,,,,yes,,,,,,,,,,,only,,,,,,,,,,,,,,,,,,,,,Pivovar Cobolis,,,,,,,,,,,,,,,,,,,,,,"Mo-Th 11:00-23:00; Fr,Sa 11:00-23:30; Su 11:00-22:00",,,,,,,yes,,,,,,,,,,,,,,,yes,,yes,,,,,,,,,,,,,,,,,,,,,,,,,,,,,,,,,,,,,,,,,,,,,,,,,,,,,,,,,,,,,,,,,,,,,,,,,,,,,,,,,,,,,,,,,,,yes,,,,,,,,https://www.cobolis.cz/,,,,,yes,,,,Q56597912,,,,,,
node/352803371,node/352803371,,,,,,,,,,,,,,,,bar,,,,,,,,,,,,,,,,,,,,,,,,,,,,,,,,,,,,,,,,,,,,,,,,,,,,,,,,,,,,,,,,,,,,,,,,,,,,,,,,,,,,,,,,,,,,,,,,,,,,,,,,,,,,,,,,,,,,,,,,,,Klec,,,,,,,,,,,,,,,,,,,,,,,,,,,,,,,,,,,,,,,,,,,,,,,,,,,,,,,,,,,,,,,,,,,,,,,,,,,,,,,,,,,,,,,,,,,,,,,,,,,,,,,,,,,,,,,,,,,,,,,,,,,,,,,,,,,,,,,,,,,,,,,,,,,,,,,,,,,,,,,,
node/355008175,node/355008175,,Praha,1939,CZ,,,1939/7,Nové Město,12000,Resslova,7,Praha 2,,,,pub,,,,,,,,,,,,,,,,,,,,,,,,,,2026-05-08,,,,,,,,,,,,,,,,,,,,,,,,,,,,,,,,,,,,,,,,,,,,,,,,,,,,,,,,,,,,,,,,,,wlan,no,,,,,,,,,,,,,,,,,,,,,,,,,,,,,Krčma U Parašutistů,,,,,,,,U Parašutistů / az ejtőernyősökhöz,,,,,,,,,,,,,,Mo-Fr 11:00-22:00; Sa 12:00-23:00; Su 12:00-22:00,,,,,,,no,,,,,,,,,,,,,,,,,,,,,,,,,,,,,,,,,,,,,,,,,+420 737 670 278,,,,,,,,,,,,,,,,,,,,,,,,,,,,,,,,,,,,,,,,,,cuzk:ruian,survey,,,,,,,,,,,,,,,,,,,,,,,,,,,,,,,,https://www.uparasutistu.cz/,,,,,limited,,,,,,,,,,
node/355008183,node/355008183,,Praha,260,CZ,,,260/14,Nové Město,12000,Na Zderaze,14,Praha 2,,,,,,,,,,,,,,,,,,,,,,,,,,,,,,,,,,,,,,,,,,,,,,,,,,,,,,,,,,,,,,,,,,,,,,,,,drink:wine=yes,,,,,,,,https://www.facebook.com/muzeummedoviny/,,,,,,,,,,,,,,,,,,,,,,,,,,,,,,,,,,,,,,,,,,,,,Muzeum medoviny,,,,,,,,,,,,,,,,,,,,,,Tu-Fr 13:00-19:00,,,,,,,,,,,,,,,,,,,,,,,,,,,,,,,,,,,,,,,,,,,,,,,,+420 775 633 077,,,,,,,,,,,,,,,,,,,,,,,,,,,,,,alcohol,,,,,,,,,,,,cuzk:ruian,survey,,,,,,,,,,,,,,,,,,,,,,,,,,,,,,,,https://www.muzeummedoviny.cz/,,,,,,,,,,,,,,,
node/355008194,node/355008194,,Praha,,,,,30,,12000,Myslíkova,,,,,,pub,,,,,,,,,,,,,,,,,,,,,,,,,,,,,,,,,,,,,,,,,,,,,,,,,,,,,,,,,,,,,,,,,,,,,,,,,,,,vinko.charlie@gmail.com,,,,,,,,,,,,,,,,,,,,,,,,,,,,,,,,,,,,,,,,,,,,+420 608 984 203,,Vínko Charlie,,,,,,,,,,,,,,,,,,,,,,,,,,,,,,,,,,,,,,,,yes,,,,,,,,,,,,,,,,,,,,,,,no,,,,,,,,,,,,,,,,,,,,,,,,,,,,,,,,,,,,,,,,,,,,,,,,,,,,,,,,,,,,,,,,,,,,,,,,,,,,,,,,,,,,,,,,,,,,,,,,,
node/355278872,node/355278872,,Praha,,,,,975/2,,16900,Za Hládkovem,,,,,,pub,,,,,,,,,,,,,,,,yes,,,,,,,,,,,,,,,,,,,,,,,,,,,,,,,,,,,,,,,,,,,,,,,,,,,,,,,,,,,,burgerpub@nahubalce.cz,,,,,,,,,,,,,,,,,,,,,,,,,,,,,,,,,,,,,,,,,,,,,,Burger Pub Na Hubálce,,,,,,,,,,,,,,,,,,,,,,Mo-Su 12:00-22:30,,,,,,,yes,,,,,,,,,,,,,,,,,,,,,,,,,,,,,,,,,,,,,,,,,+420 604 562 941,,,,,,,,,,,,,,,,,,,,,,,,,,,,,,,,,,,,,,no,,,,,,,,,,,,,,,,,,,,,,,,,,,,,,,,,,,,,,,,,,,,,,,,,,,,
node/358488347,node/358488347,,Praha,,,,,29,,11000,Pštrossova,,,,,,pub,,,,,,,,,,,,,,,,,,,,,,,,,,,,,,,,,,,,,,,,,,,,,,,,,,,,,,,,,,,,,,,,,,,,,,,,,,,,,,,,,,,,,,,,,,,,,,,,,,,,,,,,,,,,,,,,,,,,,,,,,,Propaganda,,,,,,,,,,,,,,,,,,,,,,,,,,,,,,,,,,,,,,,,,,,,,,,,,,,,,,,,,,,,,,,,,,,,,,,,,,,,,,,,,,,,,,,,,,,,,,,,,,,,,,,,,,,,,,,,,,,,,,,,,,,,,,,,,,,,,,,,,,,,,,,,,,,,,,,,,,,,,,,,
node/360039727,node/360039727,,,,,,,,,,,,,,,,pub,,,,,,,,,,,,,,,,,,,,,,,,,,,,,,,,,,,davidhousa@gmail.com,krkohospudka,,,+420 608 566 262,,,https://www.krkonosskahospudka.cz/,,,,,,,,,,,,,,,,,,,,,,,,,,,,,,,,,,,,,,,,,,,,,,,,,,,,,,,,,,,,,,,,,,,,,,,,,,,,,,,,Krkonošská hospůdka,,,,,,,,,,,,,,,,,,,,,,Mo-Su 15:00-22:00,,,,,,,,,,,,,,,,,,,,,,,,,,,,,,,,,,,,,,,,,,,,,,,,,,,,,,,,,,,,,,,,,,,,,,,,,,,,,,,,,,,,,,,,,,,,,,,,,,,,,,,,,,,,,,,,,,,,,,,,,,,,,,,,no,,,,,,,,,,
node/360183674,node/360183674,,,,,,,321/33,,160 00,Bubenečská,,,,,,pub,,,,,,,,,,,,,,,,,,,,,,,,,,,,,,,,,,,,,,,,,,,,,,,,,,,,,,,,,,,,,,,,,,,,,,,,,,,,,,,,,,,,,,,,,,,,wlan,,,,,,,,,,,,,,,,,,,,,,,,,,,,,,Pivovar Bubeneč,Pivovar Bubeneč,,Pivovar Bubeneč,,,,,,,,,,,,,,,,,,,"Mo-Fr 15:00-23:00; Sa,Su 11:00-23:00",,,,,,,,,,,,,,,,,,,,,,yes,,yes,,,,,,,,,,,,,,,,,,,,,,,,+420 222 933 511,,,,,,,,,,,,,,,,,,,,,,,,,,,,,,,,,,,,,,,,,,,,,,,,,,,,,,,,,,,,,,,,,,,,,,,,,,,https://pivovarbubenec.cz,,,,,,,,,,,,,,,
node/360551865,node/360551865,,,,,,,,,148 00,,,,,,,pub,,,,,,,,,,,,,,,,,,,,,,,,,,,,,,,,,,,,,,,,,,,,,,Merkaartor 0.13,,,,,,,,,,,,,,,,,,,,,,,,,,,,,,,,,,,,yes,,,,,,,,,,,,,,,,,,,,,,,,,,,,,,,,,,,,,,,,Blanice,,,,,,,,,,,,,,,,,,,,,,Mo-Su 15:00-02:30,,,,,,,,,,,,,,,,,,,,,,,,,,,,,,,,,,,,,,,,,,,,,,,,+420 737 243 547,,,,,,,,,,,,,,,,,,,,,,,,,,,,,,,,,,,,,,,,,,,,,,,,,,,,,,,,,,,,,,,,,,,,,,,,,,,https://klubblanice.cz/,,,,,,,,,,,,,,,
node/360656908,node/360656908,,,,,,,,,,,,,,,,pub,,,,,,,,,,,,,,,,,,,,,,,,,,,,,,,,,,,,,,,,,,,,,,,,,,,,,,,,,,,,,,,,,,,,,,,,,,,,,,,,,,,,,,,,,,,,,,,,,,,,,,,,,,,,,,,,,,,,,,,,,,Pivnice a bar u koně,,,,,,,,,,,,,,,,,,,,,,,,,,,,,,,,,,,,,,,,,,,,,,,,,,,,,,,,,,,,,,,,,,,,,,,,,,,,,,,,,,,,,,,,,,,,,,,,,,,,,,,,,,,,,,,,,,,,,,,,,,,,,,,,,,,,,,,,,,,,,,,,,,,,,,,,,,,,,,,,
node/361405420,node/361405420,,,,,,,,,,,,,,,,bar,,,,,,,,,,,,,,,,Stella Artois,,,,,,,,,,,,,,,,,,,,,,,,,,,,,,,,,,,,,,,,,,,,,,,,,,,,,,,,,,,,,,,,,,,,,,,,,,,,,,,,,,,,,,,,,,,,,,,,,,,,,,,,,,Café Bar Zastávka,,,,,,,,,,,,,,,,,,,,,,,,,,,,,yes,,,,,,,,,,,,,,,,,,,,,,,,,,,,,,,,,,,,,,,,,,,,,,,,,,,,,,,,,,,,,,,,,,,,,,,,,,,,,,,,,,,,,,,,,,,,,,,,,,,,,,,,,,,,,,,,,,,,,,,,,yes,,,,,,,,,,
node/366113036,node/366113036,,,,,,,,,,,,,,,,pub,,,,,,,,,,,,,,,,,,,,,,,,,,,,,,,,,,,,,,,,,,,,,,,,,,,,,,,,,,,,,,,,,,,,,,,,,,,,,,,,,,,,,,,,,,,,,,,,,,,,,,,,,,,,,,,,,,,,,,,,,,Na Rajské,,,,,,,,,,,,,,,,,,,,,,,,,,,,,,,,,,,,,,,,,,,,,,,,,,,,,,,,,,,,,,,,,,,,,,,,,,,,,,,,,,,,,,,,,,,,,,,,,,,,,,,,,,,,,,,,,,,,,,,,,,,,,,,,,,,,,,,,,,,,,,,,,,,,,,,,,,,,,,,,
node/369379798,node/369379798,,,,,,,,,,,,,,,,bar,,,,,,,,,,,,,,,,,,,,,,,,,,2024-08-14,,,,,,,,,,,,,,,,,,,,,,,,,,,,,,,,,,,,,,,,,,,,,,,,,,,,,,,,,,,,,,,,,,,,,,,,,,,,,,,,,,,,,,,,,,,,,,,,Aprés,,,,,,,,,,,,,,,,,,,,,,Mo-Fr 17:00-24:00,,,,,,,,,,,,,,,,,,yes,,,,yes,,yes,,,,,,,,,,,,,,,,,,,,,,,,,,,,,,,,,,,,,,,,,,,,,,,,,,,,,,,,,,,,,,,,,,,,,,,,,,,,,,,,,,,,,,,,,,,,,,,,,,,,,,,,,,,,,,,,,,
node/370365654,node/370365654,,,,,0,,373/25,,,Karmelitská,,,,,,pub,,,,,,,,,,,,,,,,,,,,,,,,,,2026-02-21,,,,,,,,,,,,,,,,,,,,,,,,,,,,,,,,,,,,,,,,,,,,,,,,,,,,,,,,,,,,,,,,,,,,,,,,,,,,,,,,,0,,,,,,,,,,yes,,,,,Pivovar Mikulas,,,,,,,,,,,,,,,,,,,,,,,,,,,,,,,,,,,,,,,,yes,,,,yes,,yes,,,,,,,,,,,,,,,,,,,,,,,,,,,,,,,,,,,,,,,,,,,,,,,,,,,,,,,,,,,,,,outside,,,,,,,,,,,,,,,,,,,,,,,,,,,,,,,,,,,,,,,,,,,,,,,,,,,,
node/370945606,node/370945606,,,,,,,,,,,,,,,,,,,,,,,,,,,,,,,,,,,,,,,,,,,,,,,,,,,,,,,,,,,,,,,,,,,,,,,,,,,,,,,,,,,,,,,yes,,,,,,,,,,,,,,,,,,,,,,,,,,,,,,,,,,,,,,,,,,,,,,,,,,,Bacchus,,,,,,,,,,,,,,,,,,,,,,Mo-Sa 12:00-24:00,,,,,,,,,,,,,,,,,,,,,,,,,,,,,,,,,,,,,,,,,,,,,,,,,,,,,,,,,,,,,,,,,,,,,,,,,,,,,,alcohol,,,,,,,,,,,,,,,,,,,,,,,,,,,,,,,,,,,,,,,,,,,,,,,,,,,,,,,,,,,,
node/377126315,node/377126315,,,,,,,,,,,,,,,,,,,,,,,,,,,,,,,,,,,,,,,,,,,,,,,,,,,,,,,,,,,,,,,,,,,,,,,,,,,,,,,,,,,,,,,,,,,,,,,,,,,,,,,,,,,,,,,,,,,,,,,,,,,,,,,,,,,,,,,,,,Hospoda na Chlumecké,,,,,,,,,,,,,,,,,,,,,,,,,,,,,,,,,,,,,,,,,,,,,,,,,,,,,,,,,,,,,,,,,,,,,,,,,,,,,,,,,,,,,,,,,,,,,,,,,,,,,,,,,,,,,,,,,,,,,,,,,,,,,,,,,,,,,,,,,,,,,,,pub,,,,,,,,,,,,,,,,,
way/379800530,way/379800530,,,,,,,,,,,,,,,Branický pivovar,,,,,,,,,,,,,,,,,,,,,,,,,,,,,,,,,,,,,,,,,,,,,,,,,,,,,Výroba piva ukončena,,,,,,,,,,,,,,,,,,,,,,,,,,,,,,,,,,,,,,,,,,,,,,industrial,,,,,,,,,,,,,,,,,,,,,,,,Pivovar Braník,,,,,,,,,,,,,,,,,,,,,,,,,,,,,,,,,,,,,,,,,,,,,,,,,,,,,,,,,,,,,,,,,,,,,,,,,,,,,,,,,,,,,,,,,,,,,,,,,,,,,,,,,,,,,,,,,,,,,,,,,,,,,,,,,,,,,,,,,,,,,,,,,,,,,,,,,,Q12045379,,,cs:Pivovar Braník,,,center
node/384058618,node/384058618,,,,,,,,,,,,,,,,bar,,,,,,,,,,,,,,,,,,,,,,,,,,,,,,,,,,,,,,,,,,,,,,,,,,,,,,,,,,,,,,,,,,,,,,,,,,,,,,,,,,,,,,,,,,,,,,,,,,,,,,,,,,,,,,,,,,,,,,,,,,Sportbar Tenis,,,,,,,,,,,,,,,,,,,,,,,,,,,,,,,,,,,,,,,,,,,,,,,,,,,,,,,,,,,,,,,,,,,,,,,,,,,,,,,,,,,,,,,,,,,,,,,,,,,,,,,,,,,,,,,,,,,,,,,,,,,,,,,,,,,,,,,,,,,,,,,,,,,,,,,,,,,,,,,,
node/389121387,node/389121387,,,,,,,,,,,,,,,,pub,,,,,,,,,,,,,,,,,,,,,,,,,,,,,,,,,,,,,,,,,,,,,,,,,,,,,,,,,,,,,,,,,,,,,,,,,,,,,,,,,,,,,,,,,,,,,,,,,,,,,,,,,,,,,,,,,,,,,,,,,,Pivnice Darda,,,,,,,,,,,,,,,,,,,,,,,,,,,,,,,,,,,,,,,,,,,,,,,,,,,,,,,,,,,,,,,,,,,,,,,,,,,,,,,,,,,,,,,,,,,,,,,,,,,,,,,,,,,,,,,,,,,,,,,,,,,,,,,,,,,,,,,,,,,,,,,,,,,,,,,,,,,,,,,,
node/390543030,node/390543030,,Praha,,,,,3,,12800,Na Slupi,,,,,,bar,,,,,,,,,,,,,,,,,,,,,,,,,,,,,,,,,,,,,,,,,,,,,,,,,,,,,,,,,,,,,,,,,,,,,,,,,,,,,,,,,,,,,,,,,,,,,,,,,,,,,,,,,,,,,,,,,,,,,,,,,,Billiard bar Albertov,,,,,,,,,,,,,,,,,,,,,,,,,,,,,,,,,,,,,,,,,,,,,,,,,,,,,,,,,,,,,,,,,,,,,,,,,,,,,,,,,,,,,,,,,,,,,,,,,,,,,,,,,,,,,,,,,,,,,,,,,,,,,,,,,,,,,,,,,,,,,,,,,,,,,,,,,,,,,,,,
way/392930763,way/392930763,,,,,,,,,,,,,,,,,,,,,,,,,,,,,,,,,,,,,,,,,,,,,,,,,,,,,,,,,,,,,,,,,,,,,,,,,,,,,,,,,,,,,,,,,,,,,,,,,,,,,,,residential,,,,,,,,,,,,,,,,,,,,,,yes,,,,,,30,CZ:zone30,,,,,,U Vysočanského pivovaru,,,,,,,,,,,,,,,,,,,yes,,,,,,,,,,,,,,,,,,,,,,,,,,,,,,,,,,,,,,,,,,,,,,,,,,,,,,,,,,,,,,,,,,,,,,,,,,,,,,,,,,,no,,,,,,,good,,,,,,,,,,,,,asphalt,,,,,,,,,,,,,,,,,,,,,,,,,,,,,,,,,,,,,30,center
way/392930764,way/392930764,,,,,,,,,,,,,,,,,,,,,,,,,,,,,,,,,,,,,,,,,,,,,,,,,,,,,,,,,,,,,,,,,,,,,,,,,,,,,,,,,,,,,,,,,,,,,,,,,,,,,,,residential,,,,,,,,,,,,,,,,,,,,,,yes,,,,,,30,CZ:zone30,,,,,,U Vysočanského pivovaru,,,,,,,,,,,,,,,,,,,yes,,,,,,,,,,,,,,,,,,,,,,,,,,,,,,,,,,,,,,,,,,,,,,,,,,,,,,,,,,,,,,,,,,,,,,,,,,,,,,,,,,,left,,,asphalt,,,,good,,,,,,,,,,,,,asphalt,,,,,,,,,,,,,,,,,,,,,,,,,,,,,,,,,,,,,30,center
node/394820071,node/394820071,,,,,,,,,,,,,,,,pub,,,,,,,,,,,,,,,,,,,,,,,,,,,,,,,,,,,divciskok@gmail.com,,,,,+420 235 364 120,,,,,,,,,,,,Otvírací doba se mění podle ročního období a počasí,,,,,,,,,,,,,,,,,,,,,,,,,,,,,,,,,,,,,,,,,,,,,,,,,,,,,,,,,,,,,,,,,,,,,,Dívčí skok,,,,,,,,,hostinec,,,,,,,,,,,,,"Mo-Fr 14:00-20:00; Sa,Su 10:00-20:00",,,,,,,yes,,,,,,,,,,,,,,,,,,,,,,,,,,,,,,,,,,,,,,,,,+420 606 760 647,,,,,,,,,,,,,,,,,,,,,,,,,,,,,,,,,,,,,,outside,,,survey,,,,,,,,,,,,,,,,,,,,,,,,,,,,,,,,,,https://www.divciskok.cz/,,,,,,,,,,,,,,,
way/401345793,way/401345793,,,1,,,,1/12,,19000,Freyova,12,,,,,,,,,,,,,,,,,,,,,,yes,,3,,,,,,,2024-03-03,,,,,,,,,contact@hotel-pivovar.cz,,+420 283 890 151,,,+420 283 892 150,,www.hotel-pivovar.cz,,,,,,,,,,,,,,,,,,,,,,,,,,,,,,,,,,,,,,,,,,,,,,,,,,wlan,,,,,,,,,,,,,,,,,,,,,,,,,,,,,,Hotel Pivovar,,,,,,,,,,,,,,,,,,,,,,,,,,,Tomáš Zupka,,,,,,,,,,,,,,,,,,,,,,,,,,,,,,,,,,,,,,,,,,,,,,,,,,,,,,,,,,,,,red,1,roof_tiles,gabled,,88,,,,,,,,,,,,,,,,,,cuzk:km,cuzk:ruian,,,,,,,2-3,,,,,,,,,,,,,,,,,,,hotel,,,,,,,,,,,,limited,,,,,,,,,,center
node/411091229,node/411091229,,,,,,,,,,,,,,,,pub,,,,,,,,,,,,,,,,,,,,,,,,,,2024-03-19,,,,,,,,,,,,,,,,,,,,,,,,,,,,,,,,,,,,,,,,,,,,,,,,,,,,,,,,,,,,,,,,,,,,,,,,,,,,,,,,,,,,,,,,,,,,,,,,Lidový dům,,,,,,,,,,,,,,,,,,,,,,,,,,,,,,,,,,,,,,,,,,,,,,,,,,,,,,,,,,,,,,,,,,,,,,,,,,,,,,,,,,,,,,,,,,,,,,,,,,,,,,,,,,,,,,,,,,,,,,,,,,,,,,,,,,,,,,,,,,,,,,,,,,,,,,,,,,,,,,,,
node/411613740,node/411613740,,,,,,,,,,,,,,,,pub,,,,,,,,,,,,,,,,,,,,,,,,,,,,,,,,,,,,,,,,,,,,,,,,,,,,,,,,,,,,,,,,,,,,,,,,,,,,,,,,,,,,,,,,,,,,,,,,,,,,,,,,,,,,,,,,,,,,,,,,,,U Rosů,,,,,,,,,,,,,,,,,,,,,,,,,,,,,,,,,,,,,,,,,,,,,,,,,,,,,,,,,,,,,,,,,,,,,,,,,,,,,,,,,,,,,,,,,,,,,,,,,,,,,,,,,,,,,,,,,,,,,,,,,,,,,,,,,,,,,,,,,,,,,,,,,,,,,,,,,,,,,,,,
node/422694321,node/422694321,,Praha,,,,,,,12800,,,,,,,bar,,,,,,,,,,,,,,,,,,,,,,,,,,,,,,,,,,,,,,,,,,,,,,,,,,,,,,,,,,,,,,,,,,,,,,,,,,,,,,,,,,,,,,,,,,,,wlan,,,,,,,,,,,,,,,,,,,,,,,,,,,,,,Bar Hidden,,,,,,,,,,,,,,,,,,,,,,Mo-Fr 15:00-23:00,,,,,,,,,,,,,,,,,,,,,,,,,,,,,,,,,,,,,,,,,,,,,,,,+420 777 207 584,,,,,,,,,,,,,,,,,,,,,,,,,,,,,,,,,,,,,,,,,,,,,,,,,,,,,,,,,,,,,,,,,,,,,,,,,,,http://www.hidden.cz/,,,,,,,,,,,,,,,
node/426162004,node/426162004,,,,,,,35,,,Hartigova,,,,,,bar,,,,,,,,,,,,,,,,,,,,,,,,,,,,,,,,,,,,,,,,,,,,,,,,,,,,,,,,,,,,,,,,,,,,,,,,,,,,,,,,,,,,,,,,,,,,,,,,,,,,,,,,,,,,,,,,,,,,,,,,,,Bar Club K35A,,,,,,,,,,,,,,,,Koněvova,,,,,,,,,,,,,,,,,,,,,,,,,,,,,,,,,,,,,,,,,,,,,,,,,,,,,,,,,,,,,,,,,,,,,,,,,,,,,,,,,,,,,,,,,,,,,,,,,,,,,,,,,,,,,,,,,,,,,,,,,,,,,,,,,http://www.k35a.cz,,,,,,,,,,,,,,,
node/428930149,node/428930149,,,,,,,,,,,,,,,,pub,,,,,,,,,,,,,,,,,,,,,,,,,,,,,,,,,,,,,,,,,,,,,,,,,,,,,,,,,,,,,,,,,,,,,,,,,,,,,,,,,,,,,,,,,,,,,,,,,,,,,,,,,,,,,,,,,,,,,,,,,,U plavců,,,,,,,,,,,,,,,,,,,,,,"Su-Th 17:00-23:00, Fr,Sa 17:00-24:00",,,,,,,,,,,,,,,,,,,,,,,,,,,,,,,,,,,,,,,,,,,,,,,,,,,,,,,,,,,,,,,,,,,,,,,,,,,,,,,,,,,,,,,,,,,,,,,,,,,,,,,,,,,,,,,,,,,,,,,,,,,,,,,,,,,,,,,,,,
node/428930150,node/428930150,,,,,,,,,,,,,,,,bar,,,,,,,,,,,,,,,,,,,,,,,,,,,,,2025-01-29,,,,,,,,,,,,,,,,,,,,,,,,,,,,,,,,,,,,,,,,,,,,,,,,,,,,,,,,,,,,,,,,,,,,,,,,,,,,,,,,,,,,,,,,,,,,,p. m.,,,,,,,,,,,,,,,,,,,,,,,,,,no,,,,,,,,,,,,,,,,,,,,,,,,,,,,,,,,,,,,,,,,,,,,,,,,,,,,,,,,,,,,,,,,,,,,,,,,,,,,,,,,,,,,,,,,,,,,,,,,,,,,,,,,,,,,,,,,,,,,,,,https://www.pmclub.net/,,,,,,,,,,,,,,,
node/429412703,node/429412703,,Praha,169,CZ,,,169/1,Dejvice,16000,Václavkova,1,Praha 6,,,,pub,,,,,,,,,,,,,,,,,,,,,,,,,,,,,,,,,,,,,,,,,,,,,,,,,,,,,,Every year there's a big celebration on 25 January at 8:50 and again at 20:50.,,,,,,,,,,,,,,,,,,,,,,,,,,,,,,yes,,,,,,,,yes,,,,,,,,,,,,,,,,,,,,,,,,,,,,,,Dejvická nádražka,,,,,,,,,,,,,,Každý rok 25. ledna je zde velká oslava v 8:50 a ve 20:50.,,,,,,,,Mo-Su 12:00-24:00,,,,,,,yes,,,,,,,,,,,,,,,,,,,,,,,,,,,,,,,,,,,,,,,,,+420 774 341 215,,,,,,,,,,,,,,,,,,,,,,,,,,,,,,,,,,,,,,outside,,,survey,cuzk:ruian,survey,,,,,,,,,,,,,,,,,,,,,,,,,,,,,,,,http://nadrazka.cz/,,,,,,,,,,,,,,,
node/429453909,node/429453909,,Praha,1912,CZ,,,1912/11,Nové Město,12800,Trojická,11,Praha 2,,,,pub,,,,,,,,,,,,,,,,,,,,,,,,,,,,,,,,,,,,,,,,,,,,,,,,,,,,,,,,,,,,,,,,,,,,,,,,,,,,,,,,,,,,,,,,,,,,,,,,,,,,,,,,,,,,,,,,,,,,,,,,,,U suchý dásně,,,,,,,,,,,,,,,,,,,,,,"Mo-Th 14:00-02:00, Fr 15:00-03:00, Sa 16:00-03:00, Su 16:00-01:00",,,,,,,,,,,,,,,,,,,,,,,,,,,,,,,,,,,,,,,,,,,,,,,,+420 224 919 710,,,,,,,,,,,,,,,,,,,,,,,,,,,,,,,,,,,,,,,,,,cuzk:ruian,survey,,,,,,,,,,,,,,,,,,,,,,,,,,,,,,,,https://www.suchadasen.cz/,,,,,,,,,,,,,,,
node/431093188,node/431093188,,,,,,,,,,,,,,,,pub,,,,,,,,,,,,,,,,,,,,,,,,,,,,,,,,,,,,,,,,,,,,,,,,,,,,,,,,,,,,,,,,,,,,,,,,,,,,,,,,,,,,,,,,,,,,,,,,,,,,,,,,,,,,,,,,,,,,,,,,,,Snack bar Blesk,,,,,,,,,,,,,,,,,,,,,,Su-Fr 14:00-23:00; Sa 16:00-23:00,,,,,,,,,,,,,,,,,,,,,,,,,,,,,,,,,,,,,,,,,,,,,,,,,,,,,,,,,,,,,,,,,,,,,,,,,,,,,,,,,,,,,,,,,,,,,,,,,,,,,,,,,,,,,,,,,,,,,,,,,,,,,,,,,,,,,,,,,,
node/431093189,node/431093189,,,,,,,,,,,,,,,,bar,,,,,,,,,,,,,,,,,,,,,,,,,,,,,,,,,,,,,,,,,,,,,,,,,,,,,,,,,,,,,,,,,,,,,,,,,,,,,,,,,,,,,,,,,,,,,,,,,,,,,,,,,,,,,,,,,,,,,,,,,,Crash Cafe,,,,,,,,,,,,,,,,,,,,,,,,,,,,,,,,,,,,,,,,,,,,,,,,,,,,,,,,,,,,,,,,,,,,,,,,,,,,,,,,,,,,,,,,,,,,,,,,,,,,,,,,,,,,,,,,,,,,,,,,,,,,,,,,,,,,,,,,,,,,,,,,,,,,,,,,,,,,,,,,
node/434518184,node/434518184,,,,,,,5,,,Křemencova,,,,,,bar,,,,,,,,,,,,,,,,,,,,,,,,,,,,,,,,,,,,,,,,,,,,,,,,,,,,,,,,,,,,,,,,,,,,,,,,,,,,,,,,,,,,,,,,,,,,,,,,,,,,,,,,,,,,,,,,,,,,,,,,,,Absinthe Time,,,,,,,,,,Абсент-бар,,,,,,,,,,,,Mo-Su 17:00-00:00,,,,,,,,,,,,,,,,,,,,,,,,,,,,,,,,,,,,,,,,,,,,,,,,,,,,,,,,,,,,,,,,,,,,,,,,,,,,,,,,,,,,,,,,,,,,,,,,,,,,,,,,,,,,,,,,,,,,,,,,,,,http://www.absinthe-time.cz/,,,,,,,,,,,,,,,
node/435137714,node/435137714,,Praha,,,,,3,,11000,U Dobřenských,,,,,,restaurant,,,,,,,,,,,,,,,,,,,,,,,,,,,,,,,,,,,info@pivovarstaremesto.cz,,,,,,,,,,,,regional,,,,,,,,,,,,,,,,,,,,,,,,,,,,,,,,,,,,,,,,,,,,,,,,,,,,,,,,,,,,,,,,,,,,,,yes,,,,,Pivovar Staré Město,,,,,,,,,,,,,,,,,,,,,,"Mo-Fr 16:30-22:30; Fr, Sa 16:30-23:00; Su 16:30-22:00",,,,,,,,,,,,,,,,,,,,,,,,,,,,,,,,,,,,,,,,,,,,,,,,+420 777 090 146,,,,,,,,,,,,,,,,,,,,,,,,,,,,,,,,,,,,,,,,,,,,,,,,,,,,,,,,,,,yes,customers,,,,,,,,,,,,,,,https://www.pivovarstaremesto.cz/,,,,,no,,,,,,,,,,
node/437250437,node/437250437,,,,,,,,,,,,,,,,bar,,,,,,,,,,,,,,,,,,,,,,,,,,,,,,,,,,,,,,,,,,,,,,,,,,,,,,,,,,,,,,,,,,,,,,,,,,,,,,,,,,,,,,,,,,yes,,,,,,,,,,,,,,,,,,,,,,,,,,,,,,,,Vinárna Na Hrádku,,,,,,,,,,,,,,,,,,,,,,Mo-Fr 16:30-22:00,,,,,,,no,,,,,,,,,,,,,,,,,,,,,,,,,,,,,,,,,,,,,,,,,,,,,,,,,,,,,,,,,,,,,,,,,,,,,,,,,,,,,,,,,,,,,,,,,,,,,,,,,,,,,,,,,,,,,,,,,,,,,,,,,,,,,,,,,,,
node/445843603,node/445843603,,,,,,,,,,,,,,,,pub,,,,,,,,,,,,,,,,,,,,,,,,,,,,,,,,,,,,,,,,,,,,,,,,,,,,,,,,,,,,,,,,,,,,,,,,,,,,,,,,,,,,,,,,,,,,,,,,,,,,,,,,,,,,,,,,,,,,,,,,,,Na Rychte,,,,,,,,,,,,,,,,,,,,,,,,,,,,,,,,,,,,,,,,,,,,,,,,,,,,,,,,,,,,,,,,,,,,,,,,,,,,,,,,,,,,,,,,,,,,,,,,,,,,,,,,,,,,,,,,,,,,,,,,,,,,,,,,,,,,,,,,,,,,,,,,,,,,,,,,,,,,,,,,
node/449703355,node/449703355,,,229,,,,229/14,,19000,U Harfy,14,,,,,pub,,,,,,,,,,,,,,,,,,,,,,,,,,,,,,,,,,,,,,,,,,,,,,,,,,,,,,,,,,,,,,,,,,,,,,,,,,,,,,,,,,,,,,,,,,,,,,,,,,,,,,,,,,,,,,,,,,,,,,,,,,Na Poděbradské,,,,,,,,,,,,,,,,,,,,,,Mo-Fr 11:00-23:00,,,,,,,,,,,,,,,,,,,,,,yes,,yes,,,,,,,,,,,,,,,,,,,,,,,,,,,,,,,,,,,,,,,,,,,,,,,,,,,,,,,,,,,,,,,,,,cuzk:ruian,,,,,,,,,,,,,,,,,,,,,,,,,,,,,,,,,,,,,,,,,,,,,,,,
node/450566320,node/450566320,,,,,,,,,,,,,,,,pub,,,,,,,,,,,,,,,,,,,,,,,,,,,,,,,,,,,,,,,,,,,,,,,,,,,,,,,,,,,,,,,,,,,,,,,,,,,,,,,,,,,,,,,,,,,,,,,,,,,,,,,,,,,,,,,,,,,,,,,,,,Fatal Music Club,,,,,,,,,,,,,,,,,,,,,,,,,,,,,,,,,,,,,,,,,,,,,,,,,,,,,,,,,,,,,,,,,,,,,,,,,,,,,,,,,,,,,,,,,,,,,,,,,,,,,,,,,,,,outside,,,,,,,,,,,,,,,,,,,,,,,,,,,,,,,,,,,,,https://fatalclub.cz/,,,,,limited,,,,,,,,,,
node/450566322,node/450566322,,,,,,,,,,,,,,,,pub,,,,,,,,,,,,,,,,,,,,,,,,,,,,,,,,,,,,,,,,,,,,,,,,,,,,,,,,,,,,,,,,,,,,,,,,,,,,,,,,,,,,,,,,,,yes,,,,,,,,,,,,,,,,,,,,,,,,,,,,,,,,Černá/Black Swine,,,,,,,,,,,,,,,,,,,,,,"Mo-Th 16:00-24:00, Fr,Sa 16:00-01:00, Su 16:00-23:00",,,,,,,no,,,,,,,,,,,,,,,,,,,,,,,,,,,,,,,,,,,,,,,,,,,,,,,,,,,,,,,,,,,,,,,,,,,,,,,,,,,,,,,,,,,,,,,,,,,,,,,,,,,,,,,,,,,,,,,,,,,,,,,,,,,,,,,,,,,
node/457720011,node/457720011,,,,,,,,,,,,,,,,bar,,,,,,industrial,,,,,,,,,,Molson Cors,,,,,,,,,,,,,,,,,,,,,,,,,,,,,,,,,,,,,,,,,,,,,,,,,,,,,,,,,,,,,,,,,,,,,,,,,,yes,,,,,,,,,,,,,,,,,,,,,,,,,,,,,,,,Na Želvě,,,,,,,,,,,,,,,,,,,,,,,,,,,,,yes,,,,,,,,,,,,,,,,,,,,,,,,,,,,,,,,,,,,,,,,,,,,,,,,,,,,,,,,,,,,,,,,,,,,,,,,,,,,,,,,,,,,,,,,,,,,,,,,,,,,,,,,,,,,,,,,,,,,,,,,,,,,,,,,,,,
node/467846283,node/467846283,,,,,,,,,,,,,,,,bar,,,,,,,,,,,,,,,,,,,,,,,,,,,,,,,,,,,,,,,,,,,,,,,,,,,,,,,,,,,,,,,,,,,,,,,,,,,,,,,,,,,,,,,,,,,,,,,,,,,,,,,,,,,,,,,,,,,,,,,,,,Bar 109,,,,,,,,,,,,,,,,,,,,,,,,,,,,,,,,,,,,,,,,,,,,,,,,,,,,,,,,,,,,,,,,,,,,,,,,,,,,,,,,,,,,,,,,,,,,,,,,,,,,,,,,,,,,,,,,,,,,,,,,,,,,,,,,,,,,,,,,,,,,,,,,,,,,,,limited,,,,,,,,,,
node/473226958,node/473226958,,,,,,,,,,,,,,,,restaurant,,,,,,,,,,,,,,,,,,,,,,,,,,,,,2026-03-18,,,,,,,,,,,+420 224 229 982,,https://udvoukocek.cz/,,,,,,,,,,,,,,,,,,,,,,,,,,,,,,,,,,,,,,,,,,,,,,,,,,,,,,,,,,,,,,,,,,,,,,,,,,,yes,Beer receipt since Mozart times.,,,,U Dvou koček,,,,,,,,U Dvou koček / a két macskához,,,,,,,,,,,,,,Mo-Su 11:00-23:00,,,,,,,,,,,,,,,,,,,,,,,,,,,,,,,,,,,,,,,,,,,,,,,,,,,,,,,,,,,,,,,,,,,,,,,,,,,,,,,,,,,,,,,,,,,,,,,,,,,,,,,,,,,,,,,,,,,,,,,,,,,,,,,,no,,,,,,,,,,
node/474956727,node/474956727,,,,,,,,,,,,,,,,pub,,,,,,,,,,,,,,,,yes,,,,,,,,,,2023-10-08,,,,,,,,,,,,,,,,,,,,,,,,,,,,,,,,,,,,,,,,,,,,,,,,,,,,,,,,,,,,,,,,,,,,,,,,,,,,,,,,,,,,,,,,,,,,,,,,Slunečnice,,,,,,,,,,,,,,,,,,,,,,,,,,,,,,,,,,,,,,,,,,,,,,,,,,,,,,,,,,,,,,,,,,,,,,,,,,,,,,,,,,,,,,,,,,,,,,,,,,,,,,,,,,,,,,,,,,,,,,,,,,,,,,,,,,,,,,,,,,,,,,,,,,,,,,,,,,,,,,,,
node/475420172,node/475420172,,,134,,,,134/77,,16100,Libocká,77,,,,,biergarten,,,,,,,,,,,,,,,,,,,,,,,,,,,,,,,,,,,,,,,,,,,,,,,,,,,,,,,,,,,,,,,,,,,,,,,,,,,,,,,,,,,,,,,,,,,,,,,,,,,,,,,,,,,,,,,,,,,,,,,,,,Hostinec nad sarkou,,,,,,,,,,,,,,,,,,,,,,,,,,,,,,,,,,,,,,,,,,,,,,,,,,,,,,,,,,,,,,,,,,,,,,,,,,,,,,,,,,,,,,,,,,,,,,,,,,,,,,,,,,,,,,,,cuzk:ruian,,,,,,,,,,,,,,,,,,,,,,,,,,,,,,,,,,,,,,,,,,,,,,,,
way/483876254,way/483876254,,,,,,,,,,,,,,,,,,,,,,,,,,,,,,,,,,,,,,,,,,,,,,,,,,,,,,,,,,,,,,,,,,,,,,,,,,,,,,,,,,,,,,,,,,,,,,,,,,,,,,,,,,,,,,,,,,,,,,,,,,park,,,,,,,,,,,,,,,,Zahrada Pivovaru Hostivar,,,,,,,,,,,,,,,,,,,,,,,,,,,,,,,,,,,,,,,,,,,,,,,,,,,,,,,,,,,,,,,,,,,,,,,,,,,,,,,,,,,,,,,,,,,,,,,,,,,,,,,,,,,,,,,,,,,,,,,,,,,,,,,,,,,,,,,,,,,,,,,,,,,,,,,,,,,,,,,,center
node/485606705,node/485606705,,Praha 4,,,,,65/147,,14700,Branická,,,,,,pub,,,,,,,,,,,,,,,,,,,,,,,,,,,,,,,,,,,,,,,,,,,,,,,,,,,,,,,,,,,,,,,,,,,,,,,,,,,,,,,,,,,,,,,,,,,,,,,,,,,,,,,,,,,,,,,,,,,,,,,,,,Hostinec U kohouta,,,,,,,,,,,,,,,,,,,,,,Mo-Su 10:00-23:00,,,,,,,,,,,,,,,,,,,,,,,,,,,,,,,,,,,,,,,,,,,,,,,,,,,,,,,,,,,,,,,,,,,,,,,,,,,,,,,,,,,,,,,,,,,,,,,,,,,,,,,,,,,,,,,,,,,,,,,,,,,,,,,,,,,,,,,,,,
way/485980904,way/485980904,,,,,,,,,,,,,,,,restaurant,,,,,,,,,,,,,,,,,houseboat,,,,,,,,,,,,,,,,,,,,,,,,,,,,,,,,,,,,,,,,,,,,,,,,,,,,,,,,,,,,,,,,yes,,,,,,,,,,,,,,,,,,,,,,,,,,,,,,,,,,,,yes,,,,,Loď Pivovar,,,,,,,,,,,,,,,,,,,,,,"Fr,Sa 11:30-22:00,11:30-23:00",,,,,,,,,,,,,,,,,,,,,,,,,,,,,,,,,,,,,,,,,,,,,,,,,,,,,,,,,,,,,,,,,,,,,,,,,,,,,,,,,,,,,,,,,,,,,,,,,,,,,,,,,,,,,,,,,,,,,,,,,,,,,,,,,,,,Q28949044,Category:Loď Pivovar,,,,,center
way/491981367,way/491981367,,,,,,,,,,,,,,,,biergarten,,,,,,,,,,,,,,,,,,,,,,,,,,,,,,,,,,,,,,,,,,,,,,,,,,,,,,,,,,,,,,,,,,,,,,,,,,,,,,,,,,,,,,,,,,,,,,,,,,,,,,,,,,,,,,,,,,,,,,,,,,,,,,,,,,,,,,,,,,,,,,,,,,,,,,,,,,,,,,,,,,,,,,,,,,,,,,,,,,,,,,,,,,,,,,,,,,,,,,,,,,,,,,,,,,,,,,,,,,,,,,,,,,,,,,,,,,,,,,,,,,,,,,,,,,,,,,,,,,,,,,,,,,,,,,,,no,,,,,,,,,,center
way/491983024,way/491983024,,,,,,,,,,,,,,,,biergarten,,,,,,,,,,,,,,,,,roof,,,,,,,,,,,,,,,,,,,,,,,,,,,yes,,,,,,,,,,,,,,,,,,,,,,,,,,,,,,,,,,,,,,,,,,,,,,,,,,,,,,,,,,,,,,,,,,,,,,,,,,,,,,,,,,,,,,,,,,,,,,,,,,,,,,,,,,,,,,,,,,,,,,,,,,,,,,,,,,,,,,,,,,,,,,,,,,,,,,,,,,,,,,,,,,,,,,,,,,,,,,,,,,,,,,,,,,,,,,,,,,,,,,,,,,,,,,,,,,,,,,,,,,,,,,,,,,,,,,,,,,,,,,center
way/491983030,way/491983030,,,,,,,,,,,,,,,,biergarten,,,,,,,,,,,,,,,,,,,,,,,,,,,,,,,,,,,,,,,,,,,,,,,,,,,,,,,,,,,,,,,,,,,,,,,,,,,,,,,,,,,,,,,,,,,,,,,,,,,,,,,,,,,,,,,,,,,,,,,,,,,,,,,,,,,,,,,,,,,,,,,,,,,,,,,,,,,,,,,,,,,,,,,,,,,,,,,,,,,,,,,,,,,,,,,,,,,,,,,,,,,,,,,,,,,,,,,,,,,,,,,,,,,,,,,,,,,,,,,,,,,,,,,,,,,,,,,,,,,,,,,,,,,,,,,,,,,,,,,,,,center
way/504462468,way/504462468,,,,,,,,,,,,,,,,,,,,,,,,,,,,,,,,,,,,,,,,,,,,,,,,,,,,,,,,,,,,,,,,,,,,,,,,,,,,,,,,,,,,,,,,,,,,,,,,,,,,,,,residential,,,,,,,,,,,,,,,,,,,,,,,,,,,,,,,,,,,Za Pivovarem,,,,,,,,,,,,,,,,,,,,,,,,,,,,,,,,,,,,,,,,,,,,,,,,,,,,,,,,,,,,,,,,,,,,,,,,,,,,,,,,,,,,,,,,,,,,,,,,,,,,,,,,,,,,,,,,,,,,,,,,,,asphalt,,,,,,,,,,,,,,,,,,,,,,,,,,,,,,,,,,,,,,center
way/504462470,way/504462470,,,,,,,,,,,,,,,,,,,,,,,,,designated,,,,,,,,,,,,,,,,,,,,,,,,,,,,,,,,,,,,,,,,,,,,,,,,,,,,,,,,,,,,,,,,,,,,,,,,,,designated,,,,cycleway,,,,,,,,,,,,,,,,,,,,,,,,,,,,,,,,,,,Za Pivovarem,,,,,,,,,,,,,,,,,,,,,,,,,,,,,,,,,,,,,,,,,,,,,,,,,,,,,,,,,,,,,,,,,,,,,,,,,,,,,,,,,,,,,,,,,,,,,,,no,,,,,,,,,,,,,,,,,,,,,,,,,,,asphalt,,,,,,,,,,,,,,,,,,,,,,,,,,,,,,,,,,,,,,center
node/536286751,node/536286751,,,,,,,,,,,,,,,,pub,,,,,,,,,,,,,,,,,,,,,,,,,,,,,,,,,,,,,,,,,,,,,,,,,,,,,,,,,,,,,,,,,,,,,,,,,,,,,,,,,,,,,,,,,,yes,,,,,,,,,,,,,,,,,,,,,,,,,,,,,,,,Pohádka,,,,,,,,,,,,,,,,,,,,,,Mo-Su 10:00-22:00,,,,,,,no,,,,,,,,,,,,,,,,,,,,,,,,,,,,,,,,,,,,,,,,,,,,,,,,,,,,,,,,,,,,,,,,,,,,,,,,,,,,,,,,,,,,,,,,,,,,,,,,,,,,,,,,,,,,,,,,,,,,,,,,,,,,,,,,,,,
way/545030229,way/545030229,,,,,,,,,,,,,,,,,,,,,,,,,,,,,,,,,,,,,,,,,,,,,,,,,,,,,,,,,,,,,,,,,no,,,,,,,,,,,,,,,,,,,,,,,,,,,,,,,,,,,,,,residential,,,,,,,,,,,,,1,,,,,,,,,yes,,,,,,30,,,,,,,U Libeňského pivovaru,,,,,,,,,,,,,,,,,,,yes,,,,,,,,,,,,,,,,,,,,,,,,,,,,,,,,,,,,,,,,,,,,,,,,,,,,,,,,,,,,,,,,,,,,,,,,,,,,,,,,,,,both,,,,,,,,,,,,zone,,,,,,,,asphalt,,,,,,,,,,,,,,,,,,,,,,,,,,,,,,8,,,,,,,,center
node/552405058,node/552405058,,Praha,1035,CZ,,,1035/17,Staré Město,11000,Karoliny Světlé,17,Praha 1,,,,pub,,,,,,,,,,,,,,,,,,,,,,,,,,,,,,,,,,,,,,,,,,,,,,,,,,,,,,,,,,,,,,,,,,,,,,,,,,,,,https://www.facebook.com/HostinecURotundy/,,,,,,,,,,,,,,,,,,,,,,,,,,,,,,,,,,,,,,,,,,,,,Hostinec u Rotundy,,,,,,,,,,,,,,,,,,,,,,Mo-Su 11:00-22:30,,,,,,,,,,,,,,,,,,,,,,,,,,,,,,,,,,,,,,,,,,,,,,,,+420 224 227 227,,,,,,,,,,,,,,,,,,,,,,,,,,,,,,,,,,,,,,,,,,cuzk:ruian,survey,,,,,,,,,,,,,,,,,,,,,,,,,,,,,,,,http://www.pivniceurotundy.cz/,,,,,,,,,,,,,,,
node/566395679,node/566395679,,,,,,,,,,,,,,,,pub,,,,,,,,,,,,,,,,,,,,,,,,,,,,,,,,,,,,,,,,,,,,,,,,,,,,,,,,,,,,,,,,,,,,,,,,,,,,,,,,,,,,,,,,,,,,,,,,,,,,,,,,,,,,,,,,,,,,,,,,,,U Kmotra,,,,,,,,,,,,,,,,,,,,,,,,,,,,,,,,,,,,,,,,,,,,,,,,,,,,,,,,,,,,,,,,,,,,,,,,,,,,,,,,,,,,,,,,,,,,,,,,,,,,,,,,,,,,,,,,,,,,,,,,,,,,,,,,,,,,,,,,,,,,,,,,,,,,,,,,,,,,,,,,
node/585175528,node/585175528,,,,,,,,,,,,,,,,pub,,,,,,,,,,,,,,,,,,,,,,,,,,,,,2024-09-28,,,,,,,,,,,,,,,,,,,,,,,,,,,,,,,,,,,,,,,,,,,,,,,,,,,,,,,,,,,,,,,,,,,,,,,,,,,,,,,,,,,,,,,,,,,,,U Žabáka,,,,,,,,,,,,,,,,,,,,,,,,,,no,,,yes,,,,,,,,,,,,,,,,,,,,,,,,,,,,,,,,,,,,,,,,,,,,,,,,,,,,,,,,,,,,,,,,,,,,,,,,,,,,,,,,,,,,,,,,,,,,,,,,,,,,,,,,,,,,,,,,,,,,,,,,,,,,,,,,,,,
node/585175539,node/585175539,,Praha 8,,,,,465/31,,18000,Zenklova,,,,,,pub,,,,,,,,,,,,,,,,,,,,,,,,,,,,,2024-11-11,,,,,,,,,,,,,,,,,,,,,,,,,,,,,,,,,,,,,,,,,,,,,,,,,,,,,,,,,,,,,,,,,,,,,,,,,,,,,,,,,,,,,,,,,,,,,Pivnice u Světa,,,,,,,,,,,,,,,,,,,,,,Mo-Su 09:00-23:00,,,,,,,,,,,,,,,,,,,,,,,,,,,,,,,,,,,,,,,,,,,,,,,,,,,,,,,,,,,,,,,,,,,,,,,,,,,,,,,,,,,,,,separated,,,,,,,,,,,,,,,,,,,,,,,,,,,,,,,,,,,,,,,,,,,,,,,,,,,,
node/585175558,node/585175558,,Praha,595,CZ,,,595/8,Libeň,18000,Koželužská,8,Praha 8,,,,pub,,,,,,,,,,,,,,,,,,,,,,,,,,2023-02-04,,,,,,,,,,,,,,,,,,,,,,,,,,,,,,,,,,,,,,,,,,,,,,,,,,,https://www.facebook.com/uhorkych/,,,,,,,,,,,,,,,wlan,customers,,,,,,,,,,,,,,,,,,,,,,,,,,,,,U Horkých,,,,,,,,,,,,,,,,,,,,,,Mo-Fr 10:30-23:00; Sa-Su 11:00-23:00,,,,,,,yes,,,,,,,,,,,,,,,yes,,yes,,,,,,,,,,,,,,,,,,,,,,,,,,,,,,,,,,,,,,,,,,,,,,,,,,,,,,,,,,,,,,,,,,cuzk:ruian,survey,,,,,,,,,,,,,,,,,,,,,,,,,,,,,,,,https://www.uhorkych.cz/,,,,,limited,,,,,,,,,,
node/585182680,node/585182680,,Praha,,,,,142,,18000,Sokolovská,,,,,,pub,,,,,,,,,,,,,,,,,,,,,,,,,,,,,,,,,,,,,,,,,,,,,,,,,,,,,,,,,,,,,,,,,,,,,,,,,,,,,,,,,,,,,,,,,,yes,,,,,,,,,,,,,,,,,,,,,,,,,,,,,,,,U chcípáka,,,,,,,,,,,,,,,,,,,,,,Mo-Su 11:00-23:00,,,,,,,no,,,,,,,,,,,,,,,,,,,,,,,,,,,,,,,,,,,,,,,,,,,,,,,,,,,,,,,,,,,,,,,,,,,,,,,,,,,,,,,,,,,,,,,,,,,,,,,,,,,,,,,,,,,,,,,,,,,,,,,,,yes,,,,,,,,,,
node/585182690,node/585182690,,,,,,,,,,,,,,,,pub,,,,,,,,,,,,,,,,,,,,,,,,,,,,,2024-05-03,,,,,,,,,,,,,,,,,,,,,,,,,,,,,,,,,,,,,,,,,,,,,,,,,,,,,,,,,,,,,,,,,,,,,,,,,,,,,,,,,,,,,,,,,,,,,Vinárna U Hrabala,,,,,,,,,,,,,,,,,,,,,,Mo-Fr 15:00-22:00,,,,,,,,,,,,,,,,,,,,,,,,,,,,,,,,,,,,,,,,,,,,,,,,,,,,,,,,,,,,,,,,,,,,,,,,,,,,,,,,,,,,,,,,,,,,,,,,,,,,,,,,,,,,,,,,,,,,,,,,,,,,,,,,,,,,,,,,,,
node/585205200,node/585205200,,,,,,,,,,,,,,,,pub,,,,,,,,,,,,,,,,,,,,,,,,,,,,,,,,,,,,,,,,,,,,,,,,,,,,,,,,,,,,,,,,,,,,,,,,,,,,,,,,,,,,,,,,,,,,,,,,,,,,,,,,,,,,,,,,,,,,,,,,,,U Budyho,,,,,,,,,,,,,,,,,,,,,,,,,,,,,,,,,,,,,,,,,,,,,,,,,,,,,,,,,,,,,,,,,,,,,,,,,,,,,,,,,,,,,,,,,,,,,,,,,,,,,,,,,,,,,,,,,,,,,,,,,,,,,,,,,,,,,,,,,,,,,,,,,,,,,,,,,,,,,,,,
node/585219608,node/585219608,,Praha 8,,,,,17,,18600,Křižíkova,,,,,,restaurant,,,,,,,,,,,,,,,,,,,,,,,,,,2025-08-22,2025-07-15,,,,,,,,,,,,,,,,,,,,,yes,,,,,,,,,,,,,,,,,,,,,,,,,,,,,,,,,,,,,,,,,,yes,,,,,,,,,,,,,,,,,,,,,,,,,,,,,,,,Pivovarský klub Benedict,,,,,,,,,,,,,,,,,,,,,,Mo-Sa 11:00-23:30; Su 12:00-22:00,,,,,,,no,,,,,,,,,,,,,,,,,,,,,,yes,,,no,,,,,,,,no,,,,,,,,+420 222 315 777,,,,,,,,,,,,,,,,,,,,,,,,,,,,,,,,,,,,,,no,,,,,,,,,,,,,,,,,,,,,,,,,,,,,,,,,,,,,https://pivo-klub.cz/,,,,,no,,,,,,,,,,
node/585335092,node/585335092,,,,,,,,,,,,,,,,bar,,,,,,,,,,,,,,,,,,,,,,,,,,,,,2025-08-08,,,,,,,,,,,,,,,,,,,,,,,,,,,,,,,,,,,,,,,,,,,,,,,,,,,,,,,,,,,,,,,,,,,,,,,,,,,,,,,,,,,,,,,,,,,,,Na měsíci,,,,,,,,,,,,,,,,,,,,,,Mo-Su 17:00-22:00,,,,,,,,,,,,,,,,,,,,,,,,,,,,,,,,,,,,,,,,,,,,,,,,,,,,,,,,,,,,,,,,,,,,,,,,,,,,,,,,,,,,,,,,,,,,,,,,,,,,,,,,,,,,,,,,,,,,,,,,,,,,,,,,,,,,,,,,,,
node/589970268,node/589970268,,,,,,,,,,,,,,,,pub,,,,,,,,,,,,,,,,,,,,,,,,,,,,,,,,,,,,,,,,,,,,,,,,,,,,,,,,,,,,,,,,,,,,,,,,,,,,,,,,,,,,,,,,,,,,,,,,,,,,,,,,,,,,,,,,,,,,,,,,,,Na Růžku,,,,,,,,,,,,,,,,,,,,,,Mo-Th 14:00-22:00; Sa 13:00-23:00; Su 13:00-21:00; Fr 15:00-24:00,,,,,,,,,,,,,,,,,,,,,,,,,,,,,,,,,,,,,,,,,,,,,,,,,,,,,,,,,,,,,,,,,,,,,,,,,,,,,,,,,,,,,,,,,,,,,,,,,,,,,,,,,,,,,,,,,,,,,,,,,,,,,,,,,,,,,,,,,,
node/606129935,node/606129935,,,,,,,,,,,,,,,,pub,,,,,,,,,,,,,,,,,,,,,,,,,,,,,,,,,,,,,,,,,,,,,,,,,,,,,,,,,,,,,,,,,,,,,,,,,,,,,,,,,,,,,,,,,,,,,,,,,,,,,,,,,,,,,,,,,,,,,,,,,,Bunkr,,,,,,,,,,,,,,,,,,,,,,,,,,,,,,,,,,,,,,,,,,,,,,,,,,,,,,,,,,,,,,,,,,,,,,,,,,,,,,,,,,,,,,,,,,,,,,,,,,,,,,,,,,,,,,,,,,,,,,,,,,,,,,,,,,,,,,,,,,,,,,,,,,,,,,,,,,,,,,,,
node/611414004,node/611414004,,Praha,,,,,9,,15300,Horymírovo náměstí,,,,,,restaurant,,,,,,,,,,,,,,,,,,,,,,,,,,,,,,,,,,,,,,,,,,,,,,,regional,,,,,,,,,,,,,,,,,,,,,,,,,,,,,,,,,,,,,,,,,,,yes,,,,,,,,,,,,,,,,,,,,,,,,,,,,,,,,Pivovar Horymír,,,,,,,,,,,,,,,,,,,,,,Mo-Su 11:00-22:00,,,,,,,no,,,,,,,,,,,,,,,,,,,,,,,,,,,,,,,,,,,,,,,,,,,,,,,,,,,,,,,,,,,,,,,,,,,,,,,,,,,,,,,,,,,,,,,,,,,,,,,,,,,,,,,,,,,,,,,,,,,,https://pivovarhorymir.cz/,,,,,,,,,,,,,,,
node/619481858,node/619481858,,,,,,,,,,,,,,,,pub,,,,,,,,,,,,,,,,,,,,,,,,,,,,,,,,,,,,,,,,,,,,,,,,,,,,,,,,,,,,,,,,,,,,,,,,,,,,,,,,,,,,,,,,,,,,,,,,,,,,,,,,,,,,,,,,,,,,,,,,,,U Jonáše,,,,,,,,,,,,,,,,,,,,,,,,,,,,,,,,,,,,,,,,,,,,,,,,,,,,,,,,,,,,,,,,,,,,,,,,,,,,,,,,,,,,,,,,,,,,,,,,,,,,,,,,,,,,,,,,,,,,,,,,,,,,,,,,,,,,,,,,,,,,,,,,,,,,,,,,,,,,,,,,
node/625826253,node/625826253,,,,,,,,,,,,,,,,bar,,,,,,,,,,,,,,,,,,,,,,,,,,,,,2026-04-22,,,,,,,,,,,,,,,,,,,,,,,,,,,,,,,,,,,,,,,,,,,,,,,,,,,,,,,,,,,,,,,,,,,,,,,,,,,,,,,,,,,,,,,,,,,,,Decentní Dýně,,,,,,,,,,,,,,,,,,,,,,Mo-Th 17:00-23:00; Fr 17:00-24:00; Sa 17:00-24:00,,,,,,,,,,,,,,,,,,,,,,,,,,,,,,,,,,,,,,,,,,,,,,,,,,,,,,,,,,,,,,,,,,,,,,,,,,,,,,,,,,,,,,,,,,,,,,,,,,,,,,,,,,,,,,,,,,,,,,,,,,,https://dcdyne.com/,,,,,,,,,,,,,,,
node/634586354,node/634586354,,Praha,268,CZ,,,268/6,Liboc,16200,Libocká,6,Praha 6,,,,pub,,,,,,,,,,,,,,,,yes;Pilsner_Urquell,,,,,,,,,,,,,,,,,,,,,,,,,,,,,,,,,,,,,,,,,,,,,,,,,,,,,,,,,,,,,https://www.facebook.com/Restaurace-U-Holečků-1450895888464858/,,,,,,,,,,,,,,,,,,,,,,,,,,,,,,,,,,,,,,,,,,,,,U Holečků,,,,,,,,,,,,,,,,,,,,,,"Mo-Su 11:00-24:00; Fr,Sa 00:00-01:00,11:00-24:00",,,,,,,yes,,,,,,,,,,,,,,,,,,,,,,,,,,,,,,,,,,,,,,,,,+420 731 791 969,,,,,,,,,,,,,,,,,,,,,,,,,,,,,,,,,,,,,,outside,,,,cuzk:ruian,survey,,,,,,,,,,,,,yes,,,,,,,,,,,,,,,,,,,http://www.uholecku.cz/,,,,,,,,,,,,,,,
way/659276345,way/659276345,,,,,,,,,,,,,,,,,,,,,,,,,,,,,,,,,,,,,,,,,,,,,,,,,,,,,,,,,,,,,,,,,,,,,,,,,,,,,,,,,,,,,,,,,,,,,,,,,,,,,,,living_street,,,,,,,,,,,,,,,,,,,,,,,,,,,,20,,,,,,,Pivoňská,,,,,,,,,,,,,,,,,,,,,,,,,,,,,,,,,,,,,,,,,,,,,,,,,,,,,,,,,,,,,,,,,,,,,,,,,,,,,,,,,,,,,,,,,,,,,,,,,,,,,,,,,,,,,,,,,,,,,,,,,,paving_stones,,,,,,,,,,,,,,,,,,,,,,,,,,,,,,,,,,,,,,center
node/674723309,node/674723309,,,,,,,,,,,,,,,,biergarten,,,,,,,,,,,,,,,,,,,,,,,,,,,,,,,,,,,,,,,,,,,,,,,,,,,,letní zahrádka květen až září,,,,,,,,,,,,,,,,,,,,,,,,,,,,,,,,,,,,,,,,,,,,,,,,,,,,,,,,,,,,,,,,,,,,,,U Kaštanu,,,,,,,,,,,,,,,,,,,,,,,,,,,,,,,,,,,,,,,,,,,,,,,,,,,,,,,,,,,,,,,,,,,,,,,,,,,,,,,,,,,,,,,,,,,,,,,,,,,,,,,,,,,,,,,,,,,,,,,,,,,,,,,,,,,,,,,,,,,,,,,,,https://kastan.unijazz.cz/,,,,,,,,,,,,,,,
node/677924404,node/677924404,,Praha,345,CZ,,,345/7,,11000,Na Perštýně,7,,,,,restaurant,,,,,,,,,,,,,,,,,,,,,,,,,,,,,2023-05-07,,,,,,,,,,,,,,,,,,regional,,,,,,,,,,,,yes,,,,,,,,,,,,,,,,,info@umedvidku.cz,,,,,,,,,,,,,,,,,,,,,,,,,yes,yes,yes,yes,,,,,,,,,,,,,yes,,,,,U Medvídků,,,,,,,,,,,,,,,,,,,,,,Mo-Sa 11:30-23:00; Su 11:30-22:00,,,,,,,,,,,,,,,,,,,,,,yes,,yes,,,,,,,,,,,,,,,,,,,,,,,,+420 224 211 916,,,,,,,,,,,,,,,,,,,,,,,,,,,,,,,,,,,,,,,,,,,,,,,,,,,,,,,,,,,,,,,,,,,,,,,,,,,https://www.umedvidku.cz/,,,,https://www.umedvidku.cz,,,,,,,,,,,
node/678436132,node/678436132,,,,,,,,,,,,,,,,pub,,,,,,,,,,,,,,,,,,,,,,,,,,,,,,,,,,,,,,,,,,,,,,,,,,,,,,,,,,,,,,,,,,,,,,,,,,,,,,,,,,,,,,,,,,,,,,,,,,,,,,,,,,,,,,,,,,,,,,,,,,Na Betáni,,,,,,,,,,,,,,,,,,,,,,,,,,,,,,,,,,,,,,,,,,,,,,,,,,,,,,,,,,,,,,,,,,,,,,,,,,,,,,,,,,,,,,,,,,,,,,,,,,,,,,,,,,,,,,,,,,,,,,,,,,,,,,,,,,,,,,,,,,,,,,,,,,,,,,,,,,,,,,,,
way/679349415,way/679349415,,,,,,,,,,,,,,,,bar,,,,,,,,,,,,,,,,,houseboat,,,,,,,,,,,,,,,,,,,,,,,,,,,,,,,,,,,,,,,,,,,,,,,,,,,,,,,,,,,,,,,,yes,,,,,,,,,yes,,,,,,,,,,,,,,,,,,,,,,,,,,,,,,,,Altenburg 1964,,,,,,,,,,,,,,tvar a velikost jsou vycucány z prstu,,,,,,,,Apr-Oct: Mo-Su 17:00-01:00,,,,,,,yes,,,,,,,,,,,,,,,,,,,,,,,,,,,,,,,,,,,,,,,,,,,,,,,,,,,,,,,,,,,,,,,,,,,,,,,,,,,,,,,,,,,,,,,,,,,,,,,,,,,,,,,,,,,,,,,,,,,,https://www.altenburg1964.cz/,,,,,,,,,,,,,,,center
way/682103485,way/682103485,,,,,,,,,,,,,,,,bar,,,,,,,,,,,,,,,,,,,,yes,,,,,,,,,,,,,,,,,,,,,,,,,,,,,,,,,,,,,,,,,,,,,,,,,,,,,,,,,,,,,,,,,,,,,,,,,,,,,,,,,,,,,,,,,,,,,,,,,,,,,,Fišerka,,,,,,,,,,,,,,,,,,,,,,,,,,,,,,,,,,,,,,,,,,,,,,,,,,,,,,,,,,,,,,,,,,,,,,,,,,,,,,,,,,,,,,,,,,,,,,,,,,,,,,,,,,,,,,,,,,,,,,,,,,,,,,,,,,,,,,,,,,,,,,,,,,,,,,,,,,,,,,,,center
node/701301858,node/701301858,,,,,,,,,,,,,,,,pub,,,,,,,,,,,,,,,,,,,,,,,,,,,,,,,,,,,,,,,,,,,,,,,,,,,,,,,,,,,,,,,,,,,,,,,,,,,,,,,,,,,,,,,,,,,,,,,,,,,,,,,,,,,,,,,,,,,,,,,,,,U Knotků,,,,,,,,,,,,,,,,,,,,,,Mo-Su 14:30-23:00,,,,,,,,,,,,,,,,,,,,,,,,,,,,,,,,,,,,,,,,,,,,,,,,+420 251 681 944,,,,,,,,,,,,,,,,,,,,,,,,,,,,,,,,,,,,,,,,,,,,,,,,,,,,,,,,,,,,,,,,,,,,,,,,,,,,,,,,,,,,,,,,,,
node/702183418,node/702183418,,,,,,,,,,,,,,,,bar,,,,,,,,,,,,,,,,,,,,,,,,,,2026-04-07,,,,,,,,,,,,,,,,,,,,,,,,,,,,,,,,,,,,,,,,,,,,,,,,,,,,,,,,,,,,,,,,,,,,,,,,,,,,,,,,,-1,,,,,,,,,,,,,,,Osma,,,,,,,,,,,,,,,,,,,,,,,,,,,,,,,,,,,,,,,no,yes,,,,,,,,,,,,,,,,,,,,,,,,,,,,,,,,,,,,,,,,,,,,,,,,,,,,,,,,,,,,,,,,,,,,,,,,,,,,,,,,,,,,,,,,,,,,,,,,,,,,,,,,,,,,,,no,,,,,,,,,,
node/704007494,node/704007494,,Praha,,,,,20,,12800,Podskalská,,,,,,,,,,,,,,,,,,,,,,,,,,,,,,,,,,,,,,,,,,https://www.facebook.com/TheBeerStopPodPetrinem,,,,,,,,,,,,,,,,,,,,,,,,,,,,,yes,,,,,,,,,,,info@beerstop.eu,,,,,,,,,,,,,,,,,,,,,,,,,,,,,,,,,,,,,,,,,,,,+420 777 935 034,,Beer stop v Podskalské,,,,,,,,,,,,,,,,,,,,,,,,,,,,,,,,,,,,,,,,,,,,,,,,,,,,,,,,,,,,,,,,,,,,,,,,,,,,,,,,,,,,,,,,,,,,,,,,,,,,alcohol,,,,,,,,,,,,,,,,,,,,,,,,,,,,,,,,,,,,,,,,,,,,,,,,,,,,,,,,,,,,
node/704693475,node/704693475,,,,,,,,,,,,,,,,pub,,,,,,,,,,,,,,,,,,,,,,,,,,,,,2025-04-08,,,,,,,,,,,,,,,,,,,,,,,,,,,,,,,,,,,,,,,,,,,,,,,,,,,,,,,,,,,,,,,,,,,,,,,,,,,,,,,,,,,,,,,,,,,,,U Libuše,,,,,,,,,,,,,,,,,,,,,,Mo-Su 10:30-23:00,,,,,,,,,,,,,,,,,,,,,,,,,,,,,,,,,,,,,,,,,,,,,,,,,,,,,,,,,,,,,,,,,,,,,,,,,,,,,,,,,,,,,,,,,,,,,,,,,,,,,,,,,,,,,,,,,,,,,,,,,,,,,,,,,,,,,,,,,,
node/704693476,node/704693476,,,,,,,,,,,,,,,,bar,,,,,,,,,,,,,,,,,,,,,,,,,,,,,2025-04-08,,,,,,,,,,,,,,,,,,,,,,,,,,,,,,,,,,,,,,,,,,,,,,,,,,,,,,,,,,,,,,,,,,,,,,,,,,,,,,,,,,,,,,,,,,,,,Obchod Vínem,,,,,,,,,,,,,,,,,,,,,,Tu-Fr 11:30-20:00,,,,,,,,,,,,,,,,,,,,,,,,,,,,,,,,,,,,,,,,,,,,,,,,,,,,,,,,,,,,,,,,,,,,,,,,,,,,,,,,,,,,,,,,,,,,,,,,,,,,,,,,,,,,,,,,,,,,,,,,,,,,,,,,,,,,,,,,,,
node/704693483,node/704693483,,Praha,,,,,12,,12800,Vyšehradská,,,,,,bar,,,,,,,,,,,,,,,,,,,,,,,30,,,,,,,,,,,,,,,,,,,,,,,,,,,,,,,,,,,,,,,,,,,,,,,,,,,,,,,,,,,,,,,,,,,,,wlan,no,,,,,,,,,,,,,,,,,,,,,,,,,,,,,Výloha bar,,,,,,,,,,,,,,,,,,,,,,Mo-Th 17:00-01:00; Fr-Sa 17:00-02:00; Su 17:00-24:00,,,,,,,yes,,,,,,,,,,,,,,,,,,,,,,,,,,,,,,,,,,,,,,,,,,,,,,,,,,,,,,,,,,,,,,,,,,,,,,,,,,,,,,,yes,,,,,,,,,,,,,,,,,,,,,,,,,,,,,,,,,,,,,https://vylohabar.cz,,,,,limited,,,,,,,,,,
node/736793475,node/736793475,,,,,,,927/1a,,14700,Vápencová,,,,,,pub,,,,,,,,,,,,,,,,,,,,,,,,,,,,,,,,,,,,,,,,,,,,,,,,,,,,,,,,,,,,,,,,,,,,,,,,,,,,,,,,,,,,,,,,,,,,,,,,,,,,,,,,,,,,,,,,,,,,,,,,,,Čerstvé pivo,,,Club Time Out,,,,,,,,,,,,,,,,,,,Mo-Su 16:00-21:00,,,,,,,,,,,,,,,,,,,,,,,,,,,,,,,,,,,,,,,,,,,,,,,,,,,,,,,,,,,,,,,,,,,,,,,,,,,,,,,,,,,,,,,,,survey,,,,,,,,,,,,,,,,,,,,,,,,,,,,,,,,,,https://clubtimeout.cz/,,,,,,,,,,,,,,,
way/740682444,way/740682444,,,,,,,,,,,,,,,,biergarten,,,,,,,,,,,,,,,,,,,,,,,,,,,,,,,,,,,,,,,,,,,,,,,,,,,,,,,,,,,,,,,,,,,,,,,,,,,,,,,,,,,,,,,,,,,,,,,,,,,,,,,,,,,,,,,,,,,,,,,,,,Kbelský pivovar,,,,,,,,,,,,,,,,,,,,,,Mo-Su 11:00-23:00,,,,,,,,,,,,,,,,,,,,,,,,,,,,,,,,,,,,,,,,,,,,,,,,,,,,,,,,,,,,,,,,,,,,,,,,,,,,,,,,,,,,,,,,,,,,,,,,,,,,,,,,,,,,,,,,,,,,,,,,,,,,,,,,,,,,,,,,,,center
way/740682445,way/740682445,,,,,,,,,,,,,,,,,,,,,,,,,,,,,,,,,,,2,retail,,,,,,2024-11-09,,,,,,,,,,,,,,,,,,,brewery,,,,,,,,,,,,,,,,,,,,,,,,,,,,,,,,,,,,,,,,,,,,,,,,,,,,,,,,,,,,,,,,,,,,,,,,,,,,,Cobolis,,,,,,,,,,,,,,,,,,,,,,,,,,,,,,,,,,,,,,,,,,,,,,,,,,,,,,,,,,,,,,,,,,,,,,,,,,,,,,,,,,,,,,,,,,,,,,,,,,,,,,,,,,,,,,,,,,,,,,,,,,,,,,,,,,,,,,,,,,,,,,,,,,,,,,,,,,,,,,,,center
node/766147478,node/766147478,,,,,,,,,,,,,,,,pub,,,,,,,,,,,,,,,,,,,,,,,,,,,,,,,,,,,,,,,,,,,,,,,,,,,,,,,,,,,,,,,,,,,,,,,,,,,,,,,,,,,,,,,,,,,,,,,,,,,,,,,,,,,,,,,,,,,,,,,,,,Občerstvení U Bati,,,,,,,,,,,,,,,,,,,,,,,,,,,,,,,,,,,,,,,,,,,,,,,,,,,,,,,,,,,,,,,,,,,,,,,,,,,,,,,,,,,,,,,,,,,,,,,,,,,,,,,,,,,,,,,,,,,,,,,,,,,,,,,,,,,,,,,,,,,,,,,,,,,,,,,,,,,,,,,,
node/774055598,node/774055598,,,,,,,,,,,,,,,,bar,,,,,,,,,,,,,,,,,,,,,,,,,,,,,,,,,,,,,,,,,,,,,,,,,,,,,,,,,,,,,,,,,,,,,,,,,,,,,,,,,,,,,,,,,,,,wlan,no,,,,,,,,,,,,,,,,,,,,,,,,,,,,,Music coctail bar La Chance,,,,,,,,,,,,,,,,,,,,,,,,,,,,,,,,,,,,,,,,,,,,,,,,,,,,,,,,,,,,,,,,,,,,,,,,,,,,,,,,,,,,,,,,,,,,,,,,,,,,,,,,,,,,,,,,,,,,,,,,,,,,,,,,,,,,,,,,,,,,,,,,,,,,,,,,,,,,,,,,
node/776032727,node/776032727,,,,,,,,,,,,,,,,pub,,,,,,,,,,,,,,,,,,,,,,,,,,,2024-02-15,,,,,,,,,,,,,,,,,,,,,,,,,,,,,,,,,,,,,,,,,,,,,,,,,,,,,,,,,,,,,,,,,,,,,,,,,,,,,,,,,,,,,,,,,,,,,,,Restaurace Olympia,,,,,,,,,,,,,,,,,,,,,,Mo-Su 10:00-23:00,,,,,,,yes,,,,,,,,,,,,,,,,,,,,,,,,,,,,,,,,,,,,,,,,,+420 241733982,,,,,,,,,,,,,,,,,,,,,,,,,,,,,,,,,,,,,,,,,,,,,,,,,,,,,,,,,,,,,,,,,,,,,,,,,,,https://www.olympierest.com/,,,,,,,,,,,,,,,
node/804876672,node/804876672,,,,,,,,,,,,,,,,pub,,,,,,,,,,,,,,,,,,,,,,,,,,,,,,,,,,,,,,,,,,,,,,,,,,,,,,,,,,,,,,,,,,,,,,,,,,,,,,,,,,,,,,,,,,,,,,,,,,,,,,,,,,,,,,,,,,,,,,,,,,Na Kamínce,,,,,,,,,,,,,,,,,,,,,,,,,,,,,,,,,,,,,,,,,,,,,,,,,,,,,,,,,,,,,,,,,,,,,,,,,,,,,,,,,,,,,,,,,,,,,,,,,,,,,,,,,,,,,,,,,,,,,,,,,,,,,,,,,,,,,,,,,,,,,,,,,,,,,,,,,,,,,,,,
node/821161544,node/821161544,,Praha 1,,,,,411,,11000,Rytířská,,,,,,bar,,,,,,,,,,,,,,,,Guinness,,,,,,,,,,,,,,,,,,,,,,,,,,,,,,,fish_and_chips;burger;mexican,,,,,,,,,,,,,,,,,,,,,,,,,,,,,,,,,,,,,,,,,,,,,,,,,,,,,,,,,,,,,,,,,,,,,,,,,,,George and Dragon Prague,,,,,,,,,,,,,,,,,,,,,,,,,,,,,,,,,,,,,,,,,,,,,,,,,,,,,,,,,,,,,,,,,,,,,,,,,,,,,,,,,,,,,,,,,,,,,,,,,,,,,,,,,,,,,,,,,,,,,,,,,,,,,,,,,,,,,,,,,,,,,,,,,https://www.georgeanddragon.cz,,,,,limited,,,,,,,,,,
node/828136432,node/828136432,,,,,,,,,,,,,,,,biergarten,,,,,,,,,,,,,,,,,,,,,,,,,,,,,,,,,,,,,,,,,,,,,,,,,,,,,,,,,,,,,,,,,,,,,,,,,,,,,,,,,,,,,,,,,,,,,,,,,,,,,,,,,,,,,,,,,,,,,,,,,,,,,,,,,,,,,,,,,,,,,,,,,,,,,,,,,,,,,,,,,,,,,,,,,,,,,,,,,,,,,,,,,,,,,,,,,,,,,,,,,,,,,,,,,,,,,,,,,,,,,,,,,,,,,,,,,,,,,,,,,,,,,,,,,,,,,,,,,,,,,,,,,,,,,,,,,,,,,,,,,,
node/845434878,node/845434878,,,,,,,,,,,,,,,,pub,,,,,,,,,,,,,,,,,,,,,,,,,,2023-10-03,,,,,,,,,,,,,,,,,,,,,,,,,,,,,,,,,,,,,,,,,,,,,,,,,,,,,,,,,,,,,,,,,,,,,,,,,,,,,,,,,,,,,,,,,,,,,,,,UFO Bar a restaurant,,,,,,,,,,,,,,,,,,,,,,,,,,,,,,,,,,,,,,,,,,,,,,,,,,,,,,,,,,,,,,,,,,,,,,,,,,,,,,,,,,,,,,,,,,,,,,,,,,,,,,,,,,,,yes,,,,,,,,,,,,,,,,,,,,,,,,,,,,,,,,,,,,,,,,,,,,,,,,,,,,
node/854483148,node/854483148,,,,,,,,,,,,,,,,biergarten,,,,,,,,,,,,,,,,,,,,,,,,,,,,,,,,,,,,,,,,,,,,,,,,,,,,,,,,,,,,,,,,,,,,,,,,,,,,,,,,,,,,,,,,,,,,,,,,,,,,,,,,,,,,,,,,,,,,,,,,,,U Sázelů,,,,,,,,,,,,,,,,,,,,,,,,,,,,,,,,,,,,,,,,,,,,,,,,,,,,,,,,,,,,,,,,,,,,,,,,,,,,,,,,,,,,,,,,,,,,,,,,,,,,,,,,,,,,,,,,,,,,,,,,,,,,,,,,,,,,,,,,,,,,,,,,,,,,,,,,,,,,,,,,
way/856695352,way/856695352,customers,,,,,,,,,,,,no,,,biergarten,,,,,,,,,,,,,,,,,,,,,,,,,,,,,,,,,,,,,,,,,,,,,,,,,,,,,,,,,,,,,,,,,,,,,,,,,,,,,,,,,,,,,,,,,,,,,,,,,,,,,,,,,,,,,,,,,,,,,,,,,,,,,,,,,,,,,,,,,,,,,,,,,,,,,,,yes,,,,,,,,,,,,,,,,,,,,,,,,,,,,,,,,,,,,,,,,,,,,,,,,,,,,,,,,,,,,,,,,,,,,,,,,,,,,,,,,,,,,,,,,,,,,,,,,,,,,,,,,,,,,,,,,,,,,,,,,,,,,,,,,,,,center
node/888551217,node/888551217,,,,,,,,,,,,,,,,restaurant,brewery,,,,,,,,,,,,,,,self;various,,,,,,,,,,2023-03-07,,,,,,,,,,,,,,,,,,,,,regional,,,,,,,,,,,,,,,,,,,,,,,,,,,,,info@malesickymikropivovar.cz,,,,,,,,,,,,,,,,wlan,,,,,,,,,,,,,,,,,,,,,,,,,yes,,,,,Malešický mikropivovar,,,,,,,,,,,,,,,,,,,,,,,,,,,,,,,,,,,,,,,,,,,,,,,,,,,,,,,,,,,,,,,,,,,,,,+420 605 707 007,,,,,,,,yes,,,,,,,,,,,,,,,,,,,,,,,,,,,,,,outside,,,,,,,,,,,,,,,,,,,,,,,,,,,,,,,,,,,,,https://www.malesickymikropivovar.cz/,,,,,,,,,,,,,,,
node/890463768,node/890463768,,,,,,,,,,,,,,,,pub,,,,,,,,,,,,,,,,,,,,,,,,,,,,,,,,,,,,,,,,,,,,,,,,,,,,,,,,,,,,,,,,,,,,,,,,,,,,,,,,,,,,,,,,,,,,,,,,,,,,,,,,,,,,,,,,,,,,,,,,,,V Zápolí,,,,,,,,,,,,,,,,,,,,,,,,,,,,,,,,,,,,,,,,,,,,,,,,,,,,,,,,,,,,,,,,,,,,,,,,,,,,,,,,,,,,,,,,,,,,,,,,,,,,,,,,,,,,,,,,,,,,,,,,,,,,,,,,,,,,,,,,,,,,,,,,,,,,,,no,,,,,,,,,,
node/895762285,node/895762285,,,,,,,,,,,,,,,,bar,,,,,,,,,,,,,,,,,,,,,,,,,,,,,,,,,,,,,,,,,,,,,,,,,,,,,,,,,,,,,,,,,,,,,,,,,,,,,,,,,,,,,,,,,,yes,,,,,,,,,,,,,,,,,,,,,,,,,,,,,,,,Na konečné,,,,,,,,,,,,,,,,,,,,,,,,,,,,,yes,,,,,,,,,,,,,,,,,,,,,,,,,,,,,,,,,,,,,,,,,,,,,,,,,,,,,,,,,,,,,,,,,,,,,,,,,,,,,,,,,,,,,,,,,,,,,,,,,,,,,,,,,,,,,,,,,,,,,,,,,,,,,,,,,,,
node/895763724,node/895763724,,,,,,,,,,,,,,,,bar,,,,,,,,,,,,,,,,,,,,,,,,,,,,,,,,,,,,,,,,,,,,,,,,,,,,,,,,,,,,,,,,,,,,,,,,,,,,,,,,,,,,,,,,,,,,,,,,,,,,,,,,,,,,,,,,,,,,,,,,,,Bar Kantáre,,,,,,,,,,,,,,,,,,,,,,,,,,,,,,,,,,,,,,,,,,,,,,,,,,,,,,,,,,,,,,,,,,,,,,,,,,,,,,,,,,,,,,,,,,,,,,,,,,,,,,,,,,,,,,,,,,,,,,,,,,,,,,,,,,,,,,,,,,,,,,,,,,,,,,,,,,,,,,,,
node/895766831,node/895766831,,,,,,,,,,,,,,,,bar,,,,,,,,,,,,,,,,,,,,,,,,,,,,,,,,,,,,,,,,,,,,,,,,,,,,,,,,,,,,,,,,,,,,,,,,,,,,,,,,,,,,,,,,,,yes,,,,,,,,,,,,,,,,,,,,,,,,,,,,,,,,Zanzibar,,,,,,,,,,,,,,,,,,,,,,,,,,,,,yes,,,,,,,,,,,,,,,,,,,,,,,,,,,,,,,,,,,,,,,,,,,,,,,,,,,,,,,,,,,,,,,,,,,,,,,,,,,,,,,,,,,,,,,,,,,,,,,,,,,,,,,,,,,,,,,,,,,,,,,,,,,,,,,,,,,
node/895771091,node/895771091,,,,,,,,,,,,,,,,pub,,,,,,,,,,,,,,,,,,,,,,,,,,,,,,,,,,,,,,,,,,,,,,,,,,,,,,,,,,,,,,,,,,,,,,,,,,,,,,,,,,,,,,,,,,yes,,,,,,,,,,,,,,,,,,,,,,,,,,,,,,,,Satanka,,,,,,,,,,,,,,,,,,,,,,"Mo-Sa 14:00-02:00, Su 02:00-01:00",,,,,,,yes,,,,,,,,,,,,,,,,,,,,,,,,,,,,,,,,,,,,,,,,,,,,,,,,,,,,,,,,,,,,,,,,,,,,,,,,,,,,,,,,,,,,,,,,,,,,,,,,,,,,,,,,,,,,,,,,,,,,,,,,,,,,,,,,,,,
node/895784731,node/895784731,,,,,,,,,,,,,,,,pub,,,,,,,,,,,,,,,,,,,,,,,,,,,,,,,,,,,,,,,,,,,,,,,,,,,,,,,,,,,,,,,,,,,,,,,,,,,,,,,,,,,,,,,,,,,,,,,,,,,,,,,,,,,,,,,,,,,,,,,,,,Čimická kozlovna,,,,,,,,,,,,,,,,,,,,,,,,,,,,,,,,,,,,,,,,,,,,,,,,,,,,,,,,,,,,,,,,,,,,,,,,,,,,,,,,,,,,,,,,,,,,,,,,,,,,,,,,,,,,,,,,,,,,,,,,,,,,,,,,,,,,,,,,,,,,,,,,,,,,,,,,,,,,,,,,
node/895799253,node/895799253,,,,,,,,,,,,,,,,pub,,,,,,,,,,,,,,,,,,,,,,,,,,,,,,,,,,,,,,,,,,,,,,,,,,,,,,,,,,,,,,,,,,,,,,,,,,,,,,,,,,,,,,,,,,,,,,,,,,,,,,,,,,,,,,,,,,,,,,,,,,Amarula,,,,,,,,,,,,,,,,,,,,,,Mo-Su 20:00-01:00,,,,,,,,,,,,,,,,,,,,,,,,,,,,,,,,,,,,,,,,,,,,,,,,,,,,,,,,,,,,,,,,,,,,,,,,,,,,,,,,,,,,,,,,,,,,,,,,,,,,,,,,,,,,,,,,,,,,,,,,,,,,,,,,,,,,,,,,,,
way/913822289,way/913822289,,,,,,,,,,,,,,,,biergarten,,yes,,,,,,,,,,,,,,,,,,,,,,,,,,,,,,,,,,,,,,,,,,,,,,,,,,,,,,,,,,,,,,,draught,,,draught,,,,,,,,,,,,,,,,,,,,,,,,,,,,,,,,,,,,,,,,,,,,,,,,,,,,,,,,,,,,,,,,,,,,,,,,,,,,,,,,,,,yes,,,,,,,,,,,,,,,,,,,,,,,,,,,,,,,,,,,,,,,,,,,,,,,,,,,,,,,,,,,,,,,,,summer,,,,,,,,,,,,,,,,,,,,,,,,,,,,,,,,,,,,,,,,,,,,,,,,,,,,,,,,yes,,,,,,,,,,center
node/920065581,node/920065581,,,,,,,,,,,,,,,,pub,,,,,,,,,,,,,,,,,,,,,,,,,,2024-05-29,,,,,,,,,,,,,,,,,,,,,,,,,,,,,,,,,,,,,,,,,,,,,,,,,,,,,,,,,,,,,,,,,,,,,,,,,,,,,,,,,,,,,,,,,,,,,,,,Herba café,,,,,,,,,,,,,,,,,,,,,,,,,,,,,,,,,,,,,,,,,,,,,,,,,,,,,,,,,,,,,,,,,,,,,,,,,,,,,,,,,,,,,,,,,,,,,,,,,,,,,,,,,,,,,,,,,,,,,,,,,,,,,,,,,,,,,,,,,,,,,,,,,,,,,,no,,,,,,,,,,
node/920065865,node/920065865,,,,,,,,,,,,,,,,pub,,,,,,,,,,,,,,,,,,,,,,,,,,,,,,,,,,,,,,,,,,,,,,,,,,,,,,,,,,,,,,,,,,,,,,,,,,,,,,,,,,,,,,,,,,,,,,,,,,,,,,,,,,,,,,,,,,,,,,,,,,Morava,,,,,,,,,,,,,,,,,,,,,,"Mo-Th 11:00-23:00, Fr 11:00-24:00, Sa 12:00-24:00, Su 12:00-22:00",,,,,,,,,,,,,,,,,,,,,,,,,,,,,,,,,,,,,,,,,,,,,,,,,,,,,,,,,,,,,,,,,,,,,,,,,,,,,,,,,,,,,,,,,,,,,,,,,,,,,,,,,,,,,,,,,,,,,,,,,,,,,,,,limited,,,,,,,,,,
node/920066044,node/920066044,,,,,,,1215/36,,,Kubelíkova,,,,,,pub,,,,,,,,,,,,,,,,,,,,,,,,,,2023-11-20,,,,,,,,,,,,,,,,,,,,,,,,,,,,,,,,,,,,,,,,,,,,,,,,,,,,,,,,,,,,,,,,,,wlan,,,,,,,,,,,,,,,,,,,,,,,,,,,,,,Království,,,,,,,,,,,,,,,,,,,,,,Mo-Su 17:00-24:00,,,,,,,,,,,,,,,,,,,,,,,,,,,,,,,,,,,,,,,,,,,,,,,,,,,,,,,,,,,,,,,,,,,,,,,,,,,,,,,,,,,,,,,,,,,,,,,,,,,,,,,,,,,,,,,,,,,,,,,,,,,,,,,,,,,,,,,,,,
node/920066555,node/920066555,,,,,,,,,,,,,,,,bar,,,,,,,,,,,,,,,,,,,,,,,,,,,,,,,,,,,,share/16ysqPWm5P,,bukowskisbar,,,,,,,,,,,,,,,,,,,,,,,,,,,,served,,,,,,,,,,,,,,,,,,,,,,,,,,,,,,,,,,,,,,,,,0,,,,,,,,,,,,,,,Bukowski's,,,,,,,,,,,,,,,,,,,,,,Mo-Su 19:00-03:00,,,,,,,,,,,,,,,,,,only,,,,,,,,,,,,,,,,,,,,,,,,,,,,,,,,,,,,,,,,,,,,,,,,,,,,,,,,,,,,,,,,,,,,yes,,,,,,,,,,,,,,,,,,,,,,,,,,,,,,,,,,,,,,,,,,no,,,,,,,,,,
node/920066899,node/920066899,,Praha,785,CZ,,,785/79,Žižkov,13000,Bořivojova,79,Praha 3,,,,pub,,,,,,,,,,,,,,,,,,,,,,,,,,,,,,,,,,,,,,,,,,,,,,,,,,,,,,,,,,,,,,,,,,,,,,,,,,,,,https://www.facebook.com/HospudkaNadViktorkou/,,,,,,,,,,,,,,,,,,,,,,,,,,,,,,,,,,,,,,,,,,,,,Hospůdka Nad Viktorkou,,,,,,,,,,,,,,,,,,,,,,Mo-Fr 17:00-01:00; Sa-Su 19:00-01:00,,,,,,,yes,,,,,,,,,,,,,,,,,,,,,,,,,,,,,,,,,,,,,,,,,+420 604 278 074,,,,,,,,,,,,,,,,,,,,,,,,,,,,,,,,,,,,,,,,,,cuzk:ruian,survey,,,,,,,,,,,,,,,,,,,,,,,,,,,,,,,,https://www.nadviktorkou.cz/,,,,,no,,,,,,,,,,
node/920067303,node/920067303,,,,,,,26,,,Vlkova,,,,,,bar,,,,,,,,,,,,,,,,,,,,,,,,,,,,,,,,,,,,,,,,,,,,,,,,,,,,,,,,,,,,,,,,,,,,,,,,,,,,,,,,,,,,,,,,,,,,,,,,,,,,,,,,,,,,,,,,,,,,,,,,,,Vlkova 26,,,,,,,,,,,,,,,,,,,,,,,,,,,,,,,,,,,,,,,,,,,,,,,,,,,,,,,,,,,,,,,,,,,,,,,,,,,,,,,,,,,,,,,,,,,,,,,,,,,,,,,,,,,,,,,,,,,,,,,,,,,,,,,,,,,,,,,,,,,,,,,,,https://vlkova26.cz/,,,,,,,,,,,,,,,
node/920067467,node/920067467,,,,,,,,,,,,,,,,bar,,,,,,,,,,,,,,,,,,,,,,,,,,,,,,,,,,,,,,,,,,,,,,,,,,,,,,,,,,,,,,,,,,,,,,,,,,,,,,,,,,,,,,,,,,,,,,,,,,,,,,,,,,,,,,,,,,,,,,,,,,Up Bar Žižkov,,,,,,,,,,,,,,,,,,,,,,,,,,,,,,,,,,,,,,,,,,,,,,,,,,,,,,,,,,,,,,,,,,,,,,,,,,,,,,,,,,,,,,,,,,,,,,,,,,,,,,,,,,,,,,,,,,,,,,,,,,,,,,,,,,,,,,,,,,,,,,,,,http://www.upbar.cz/,,,,,,,,,,,,,,,
node/925178698,node/925178698,,,,,,,,,,,,,,,,bar,,,,,,,,,,,,,,,,,,,,,,,,,,,,,,,,,,,,,,,,,,,,,,,,,,,,,,,,,,,,,,,,,,,,,,,,,,,,,,,,,,,,,,,,,,,,,,,,,,,,,,,,,,,,,,,,,,,,,,,,,,Sportbar,,,,,,,,,,,,,,,,,,,,,,,,,,,,,,,,,,,,,,,,,,,,,,,,,,,,,,,,,,,,,,,,,,,,,,,,,,,,,,,,,,,,,,,,,,,,,,,,,,,,,,,,,,,,,,,,,,,,,,,,,,,,,,,,,,,,,,,,,,,,,,,,,,,,,,,,,,,,,,,,
node/925966931,node/925966931,,,,,,,,,,,,,,,,restaurant,,,,,,,,,,,,,,,,,,,,,,,,,,,,,,,,,,,,,,,,,,,,,,,regional,,,,,,,,,,,,,,,,,,,,,,,,,,,,,,,,,,,,,,,,,,,,,no,,,,,,,,,,,,,,,,,,,,,,,,,,,,,,Pivovarská прага,Pivovarská прага,,,,,,,,,,,,,,,,,,,,,Mo-Su 11:00-22:00,,,,,,,,,,,,,,,,,,,,,,,,,,,,,,,,,,,,,,,,,,,,,,,,,,,,,,,,,,,,,,,,,,,,,,,,,,,,,,,,,,,,,,yes,,,,,,,,,,,,,,,,,,,,,,,,,,,,,,,,,,,,,https://www.tophotel.cz/cz/Restaurace/pivovarska-restaurace/,,,,,,,,,,,,,,,
node/925967019,node/925967019,,Praha,,,,,88,,14900,Milínská,,,,,,biergarten,,,,,,,,,,,,,,,,,,,,,,,,,,,,,,,,,,,,,,,,,,,,,,,regional,,,,,,,,,,,,,,,,,,,,,,,,,,,,,,,,,,,,,,,,,,,,,,,,,,,,,,,,,,,,,,,,,,,,,,,,,,,U Petra a Markéty,,,,,,,,,,,,,,,,,,,,,,Tu-Th 15:00-22:00; Fr 15:00-23:00; Sa 12:00-23:00; Su 12:00-22:00,,,,,,,,,,,,,,,,,,,,,,,,,,,,,,,,,,,,,,,,,,,,,,,,,,,,,,,,,,,,,,,,,,,,,,,,,,,,,,,,,,,,,,,,,,,,,,,,,,,,,,,,,,,,,,,,,,,,,,,,,,,https://u-petra-a-markety.cz/,,,,,,,,,,,,,,,
node/930164904,node/930164904,,Praha 5,,,,,16,,15000,U Nikolajky,,,,,,,,,,,,,,,,,,,,,,,,,,,,,,,,,,,,,,,,,,,,,,,,,,,,,,,,,,,,,,,,,,,,,,,,,,,,,yes,,,,,,,,,,,,,,,,,,,,,,,,,,,,,,,,,,,,,,,,,,,,,,,,,,,Vinařský dům U Nikolajky,,,,,,,,,,,,,,,,,,,,,,Mo-Th 10:00-20:00; Fr 10:00-22:00; Sa 13:00-21:00; Su 15:00-20:00,,,,,,,,,,,,,,,,,,,,,,,,,,,,,,,,,,,,,,,,,,,,,,,,,,,,,,,,,,,,,,,,,,,,,,,,,,,,,,alcohol,,,,,,,,,,,,,,,,,,,,,,,,,,,,,,,,,,,,,,,,,,,,,https://www.facebook.com/vinarskydumunikolajky,,,,,,,,,,,,,,,
way/930290076,way/930290076,private,,,,,,,,,,,,,,,pub,,,,,,,,,,,,,,,,,yes,,,,,,,,,2023-10-24,,,,,,,,,,,,,,,,,,,,,,,,,,,,,,,,,,,,,,,,,,,,,,,,,,,,,,,,,,,,,,,,,,,,,,,,,,,,,,,,,,,,,,,,,,,,,,,,Sport club Vitkov,,,,,,,,,,,,,,"vstup jen pro cleny, access for the sport club members only",,,,,,,,,,,,,,,,,,,,,,,,,,,,,,,,,,,,,,,,,,,,,,,,,,,,,,,,,,,,,,,,,,,,,,,,,,,,,,,,,,,,,,,,,,,,,,,,,,,,,,,,,,,,,,,,,,,,,,,,,,,,,,,,,,,,,,,,,,,,,,,,,,center
node/941476951,node/941476951,,,,,,,,,,,,,,,,,,,,,,,,,,,,,,,,,,,,,,,,,,,,,,,,,,,,,,,,,,,,,,,,,,,,,,,,,,,,,,,,,,,,,,,,,,,,obchod@vinovsudech.cz,,,,,,,,,,,,,,,,,,,,,,,,,,,,,,,,,,,,,,,,,,,,,,Sykora,,,,,,,,,,,,,,,,,,,,,,Mo-Su 16:00-22:00,,,,,,,,,,,,,,,,,,,,,,,,,,,,,,,,,,,,,,,,,,,,,,,,+420 602 654 739,,,,,,,,,,,,,,,,,,,,,,,,,,,,,,alcohol,,,,,,,,,,,,,,,,,,,,,,,,,,,,,,,,,,,,,,,,,,,,,http://www.vinovsudech.cz,,,,,,,,,,,,,,,
way/953808437,way/953808437,,,,,,,,,,,,,,,,biergarten,,,,,,,,,,,,,,,,,,,,,,,,,,,,,,,,,,,,,,,,,,,,,,,,,,,,,,,,,,,,,,,,,,,,,,,,,,,,,,,,,,,,,,,,,,,,,,,,,,,,,,,,,,,,,,,,,,,,,no,,,,,,,,,,,,,,,,,,,,,,,,,,,,,,,,,,yes,,,,,,,,,,,,,,,,,,,,,,,,,,,,,,,,,,,,,,,,,,,,,,,,,,,,,,,,,,,,,,,,,,,,,,,,,,,,,,,,,,,,,,,,,,,,,,,,,,,,,,,,,,,,,,,,,,,,,,,,,,,,,,,,,,,center
way/973603899,way/973603899,,,,,,,,,,,,,no,,,biergarten,,,,,,,,,,,,,,,,yes;various,,,,,,,,,,,,,,,,,,,,,,,,,,https://pivovarkraft.cz/pivni-zahrada/,,,,,,,,,,,,,,,,,,,,,,,,,,,,,,,,,,,,,,,,,,,,,,,,,,,,,,,,,,,,,,,,,,,,,,,,,,,,,,,,Pivní zahrada Kraft,,,,,,,,,,,,,,,,,,,,,,Mo-Su 16:00-22:00; Oct 15-Mar 15: Tu-Su 17:00-22:00,,,,,,,yes,,,,,,,,,,,,,,,,,,,,,,,,,,,,,,,,,,,,,,,,,,,,,,,,,,,,,,,,,,,,,,,,,,,,,,,,,,,,,,,separated,,,,,,,,,,,,,,,,,,,,,,,,,,,,,,,,,,,,,,,,,,no,,,,,,,,,,center
node/989045389,node/989045389,,Praha 1,,,,,3,,11000,V Kolkovně,,,,,Tretter's Bar Prague;Tretter's New York Prague;Tretter's New York Praha;Tretter's Bar Praha,bar,,,,,,,,,,,,,,,,,,,,,,,,,,,,,,,,,,,,,,,,,,,,,,,,,,,,,,,,,,,,,,,,,,,,,,,,,,,,,,,,,,,,,,,,,,,,,,,,,,,,,,,,,,,,,,,,,,,,,,,,,,Kenton's New York Bar,,,,,,,,,,,,,,,,,,,,,,Mo-Su 19:00-3:00,,,,,,,,,,,,,,,,,,,,,,,,,,,,,,,,,,,,,,,,,,,,,,,,+420 224 811 165,,,,,,,,,,,,,,,,,,,,,,,,,,,,,,,,,,,,,,yes,,,,,,,,,,,,,,,,,,,,,,,,,,,,,,,,,,,,,http://www.tretters-bar.cz/,,,,,,,,,Q98558283,Category:V kolkovně 3,,,,,
node/995953393,node/995953393,,Praha,,,,,570/9,,15000,Stroupežnického,,Smíchov,,,,pub,,,,,,craft_beer,,,,,,,,,,,,,,,,,,,,,,,,,,,,,,,,,,,,,,,,,,,,,,,,,,,,,,,,,,,,,,,,,,,,,,,,,,,,,,,,,,,,,,,,,,,,,,,,,,,,,,,,,,,,,,,,,,,,Mark's pub,,,,,,,,,,,,,,,,,,,,,,Mo-Th 16:00-23:00; Fr-Sa 16:00-01:00; Su 16:00-22:00,,,,,,,,,,,,,,,,,,,,,,,,,,,,,,,,,,,,,,,,,,,,,,,,+420 739 123 663,,,,,,,,,,,,,,,,,,,,,,,,,,,,,,,,,,,,,,,,,,,,,,,,,,,,,,,,,,,,,,,,,,,,,,,,,,,https://www.facebook.com/markspubprague/,,,,,yes,,,,,,,,,,
node/995953405,node/995953405,,,,,,,,,,,,,,,,,,,,,,,,,,,,,,,,,,,,,,,,,,,,,,,,,,,,,,,,,,,,,,,,,,,,,,,,,,,,,,,,,,,,,,,yes,,,,,,,+420 251560178,,,,,,,,,,,,,,,,,,,,,,,,,,,,,,,,,,,,,,,,,,,,Dominec,,,,,,,,,,,,,,,,,,,,,,Mo-Fr 09:00-17:00,,,,,,,,,,,,,,,,,,,,,,,,,,,,,,,,,,,,,,,,,,,,,,,,+420 251566280,,,,,,,,,,,,,,,,,,,,,,,,,,,,,,alcohol,,,,,,,,,,,survey,,,,,,,,,,,,,,,,,,,,,,,,,,,,,,,,,,https://www.dominec.com/,,,,,,,,,,,,,,,
node/997583480,node/997583480,,Praha,,,,,6,,170 00,Heřmanova,,,,,,bar,,,,,,,,,,,,,,,,Únětice,,,,,,,,,,,,,,,,,,,,https://www.facebook.com/kavarnaliberal/,,,,,,,,,,,coffee_shop;bar,,,,,,,,,,,,,,,,,,,,,,,,,,,,,,,,,,,,,,,,,,,yes,,,,,,,,,,,,,,,,,,,,,,,,,,,,,,,,Kavárna Liberál,,,,,,,,,,,,,,,,,,,,,,Mo-Fr 08:00-24:00; Sa-Su 10:00-24:00,,,,,,,sidewalk,,,,,,,,,,,,,,,no,,no,,,,,,,,,,,,,,,,,,,,,,,,+420 732 355 445,,,,,,,,,,,,,,,,,,,,,,,,,,,,,,,,,,,,,,,,,,,,,,,,,,,,,,,,,,,,,,,,,,,,,,,,,,,,,,,,no,,,,,,,,,,
node/1003126873,node/1003126873,,,,,,,,,,,,,,,,pub,,,,,,,,,,,,,,,,,,,,,,,,,,,,,,,,,,,,,,,,,,,,,,,,,,,,,,,,,,,,,,,,,,,,,,,,,,,,,,,,,,,,,,,,,,,,,,,,,,,,,,,,,,,,,,,,,,,,,,,,,,U Kapličky,,,,,,,,,,,,,,,,,,,,,,,,,,,,,,,,,,,,,,,,,,,,,,,,,,,,,,,,,,,,,,,,,,,,,,,,,,,,,,,,,,,,,,,,,,,,,,,,,,,,,,,,,,,,,,,,,,,,,,,,,,,,,,,,,,,,,,,,,,,,,,,,,,,,,,,,,,,,,,,,
node/1008212347,node/1008212347,,Praha 6,1397,,,,1397/27a,,16300,Makovského,27a,,,,,pub,,,,,,,,,,,,,,,,Krušovice,,,,,,,,,,,,,,,,,,,,,,,,,,,,,,,regional,,,,,,,,,,,,,,,,,,,,,,,,,,,,,,,,,,,,,,,,,,,,,wlan,,,,,,,,,,,,,,,,,,,,,,,,,,,,,,Krušovická Šalanda,Krušovická Šalanda,,,,,,,,,,,,,,,,,,,,,Mo-Th 11:00-23:00; Fr 11:00-00:00; Sa 11:30-24:00; Su 11:30-22:00,,,,,,,,,,,,,,,,,,,,,,,,,,,,,,,,,,,,,,,,,,,,,,,,+420 775 682 038,,,,,,,,,,,,,,,,,,,,,,,,,,,,,,,Šalanda,,,,,,,,,,,,,,,,,,,,,,,,,,,,,,,,,,,,,,,,,,,,https://www.restauracesalanda.cz/cs/salanda/repy,,,,https://www.restauracesalanda.cz/cs/salanda/repy,,,,,,,,,,,
node/1008232226,node/1008232226,,,,,,,,,,,,,,,,bar,,,,,,,,,,,,,,,,,,,,,,,,,,,,,,,,,,,,,,,,,,,,,,,,,,,,,,,,,,,,,,,,,,,,,,,,,,,,,,,,,,,,,,,,,,,,,,,,,,,,,,,,,,,,,,,,,,,,,,,,,,,,,,,,,,,,,,,,,,,,,,,,,,,,,,,,,,,,,,,,,,,,,,,,,,,,,,,,,,,,,,,,,,,,,,,,,,,,,,,,,,,,,,,,,,,,,,,,,,,,,,,,,,,,,,,,,,,,,,,,,,,,,,,,,,,,,,,,,,,,,,,,,,,,,,,,,,,,,,,,,,
way/1040766361,way/1040766361,,,,,,,,,,,,,,,,,,,,,,,,,,,,,,,,,,,,,,,,,,,,,,,,,,,,,,,,,,,,,,,,,,,,,,,,,,,,,,,,,,,,,,,,,,,,,,,,,,,,,,,service,,,,,,,,,,,,,,,,,,,,,,,,,,,,,,,,,,,Pivovarnická,,,,,,,,,,,,,,,,,,,,,,,,,,,,,,,,,,,,,,,,,,,,,,,,,,,,,,,,,,,,,,,,,,,,,,,,,,,,,,,,,,,,,,,,,,,,,,,,,,,,,,,,,,,,,,,,,,,,,,,,,,,,,,,,,,,,,,,,,,,,,delivery,,,,,,,,,,,,,,,,,,,center
node/1054447605,node/1054447605,,,,,,,,,,,,,,,,pub,,,,,,,,,,,,,,,,,,,,,,,,,,,,,,,,,,,,,,,,,,,,,,,,,,,,,,,,,,,,,,,,,,,,,,,,,,,,,,,,,,,,,,,,,,,,,,,,,,,,,,,,,,,,,,,,,,,,,,,,,,Pivovar Kilián,,,,,,,,,,,,,,,,,,,,,,,,,,,,,,,,,,,,,,,,,,,,,,,,,,,,,,,,,,,,,,,,,,,,,,,,,,,,,,,,,,,,,,,,,,,,,,,,,,,,,,,,,,,,,,,,,,,,,,,,,,,,,,,,,,,,,,,,,,,,,,,,,,,,,,,,,,,,,,,,
node/1054481737,node/1054481737,,,,,,,,,,,,,,,,pub,,,,,,,,,,,,,,,,,,,,,,,,,,,,,,,,,,,,,,,,,,,,,,,,,,,,,,,,,,,,,,,,,,,,,,,,,,,,,,,,,,,,,,,,,,,,,,,,,,,,,,,,,,,,,,,,,,,,,,,,,,Studio Severka,,,,,,,,,,,,,,,,,,,,,,"PH,Mo-Su 15:00-01:00",,,,,,,,,,,,,,,,,,,,,,,,,,,,,,,,,,,,,,,,,,,,,,,,,,,,,,,,,,,,,,,,,,,,,,,,,,,,,,,,,,,,,,,,,,,,,,,,,,,,,,,,,,,,,,,,,,,,,,,,,,,,,,,,yes,,,,,,,,,,
node/1068488604,node/1068488604,,Praha 11,1602,CZ,,,1602/11,,14900,Podjavorinské,11,,,,,restaurant,,,,,,,,,,,,,,,,,,,,,,,,,,,,,,,,,,,,,,,,,,,,,,,regional,,,,,,,,,,,,,,,,,,,,,,,,,,,,,jihomestskypivovar@seznam.cz,,,,,,,,,,,,,,,,wlan,no,,,,,,,,,,,,,,0,,,,,,,,,,yes,,,,,Jihoměstský pivovar,,,,,,,,,,,,,,,,,,,,,,Mo-We 16:00-22:00; Th-Sa 16:00-23:00; Su 16:00-22:00,,,,,,,,,,,,,,,,,,,,,,,,,,,,,,,,,,,,,,,,,,,,,,,,+420607916919,,,,,,,,,,,,,,,,,,,,,,,,,,,,,,,,,,,,,,no,,,,,,,,,,,,,,,,,,,,,,,,,,,,,,,,,,,,,http://www.jihomestskypivovar.cz/,,,,,,,,,,,,,,,
node/1068905850,node/1068905850,,Praha,205,CZ,,,205/2,Malá Strana,11800,Nerudova,2,Praha 1,no,,,pub,,,,,,,,,,,,,,,,,,,,,,,,,,2025-09-24,,,,,,,,,,,,,,,,,,,,,,,,,,,,,,,,,,,,,,,draught,,,,,,,,,,,,,,,,,,,,,,,,,yes,,,,,,,,,,,,,,,,,,,,,,,,,,,,,,,,U Kocoura,,,,,,,,U Kocoura / a kandúrhoz,,,,,,,,,,,,,,Mo-Su 12:00-22:30,,,,,,,no,,,,,,,,,,,,,,,no,,no,,,,,,,,,,,,,,,,,,,,,,,,+420 257 530 107,,,,,,,,,,,,,,,,,,,,,,,,,,,,,,,,,,,,,,no,,,,cuzk:ruian,survey,,,,,,,,,,,,,,,,yes,,,,,,,,,,,,,,,,,,,,,no,,,,,,,,,,
node/1073584581,node/1073584581,,,,,,,,,,,,,,,,pub,,,,,,,,,,,,,,,,,,,,,,,,,,,,,,,,,,,,,,,,,,,,,,,,,,,,,,,,,,,,,,,,,,,,,,,,,,,,,,,,,,,,,,,,,,,,,,,,,,,,,,,,,,,,,,,,,,,,,,,,,,u Lahváče,,,,,,,,,,,,,,,,,,,,,,,,,,,,,,,,,,,,,,,,,,,,,,,,,,,,,,,,,,,,,,,,,,,,,,,,,,,,,,,,,,,,,,,,,,,,,,,,,,,,,,,,,,,,,,,,,,,,,,,,,,,,,,,,,,,,,,,,,,,,,,,,,,,,,,,,,,,,,,,,
node/1074889866,node/1074889866,,Praha,46,CZ,,,46/88,Smíchov,15000,Nádražní,88,Praha 5,,,,pub,,,,,,,,,,,,,,,,,,,,,,,,,,,,,,,,,,,,,,,,,,,,,,,,,,,,,,,,,,,,,,,,,,,,,,,,,,,,,,,,,,,,,,,,,,,,,,,,,,,,,,,,,,,,,,,,,,,,,,,,,,U Váhy,,,,,,,,,,,,,,,,,,,,,,Mo-Fr 10:00-22:00; Sa 14:00-22:00,,,,,,,,,,,,,,,,,,,,,,yes,,yes,,,,,,,,,,,,,,,,,,,,,,,,,,,,,,,,,,,,,,,,,,,,,,,,,,,,,,,,,,,,,,,,,,cuzk:ruian,survey,,,,,,,,,,,,,,,,,,,,,,,,,,,,,,,,,,,,,,,,,,,,,,,
way/1084115534,way/1084115534,,,,,,,,,,,,,,,,biergarten,,,,,,,,,,,,,,,,,,,,,,,,,,,,,,,,,,,,,,,,,,,,,,,,,,,,,,,,,,,,,,,,,,,,,,,,,,,,,,,,,,,,,,,,,,,,,,,,,,,,,,,,,,,,,,,,,,,,,no,,,,,KD Barikádníků,,,,,,,,,,,,,,,,,,,,,,Mo-Fr 16:00-22:00,,,,,,,yes,,,,,,,,,,,,,,,,,,,,,,,,,,,,,,,,,,,,,,,,,,,,,,,,,,,,,,,,,,,,,,,,,,,,,,,,,,,,,,,,,,,,,,,,,,,,,,,,,,,,,,,,,,,,,,,,,,,,,,,,,,,,,,,,,,,center
way/1090439468,way/1090439468,,,,,,,,,,,,,,,,biergarten,,,,,,,,,,,,,,,,,,,,,,,,,,,,,,,,,,,,,,,,,,,,,,,,,,,,,,,,,,,,,,,,,,,,,,,,,,,,,,,,,,,,,,,,,,,,,,,,,,,,,,,,,,,,,,,,,,,,,,,,,,,,,,,,,,,,,,,,,,,,,,,,,,,,,,,,,,,,,,,,,,,,,,,,,,,,,,,,,,,,,,,,,,,,,,,,,,,,,,,,,,,,,,,,,,,,,,,,,,,,,,,,,,,,,,,,,,,,,,,,,,,,,,,,,,,,,,,,,,,,,,,,,,,,,,,,,,,,,,,,,,center
way/1090439472,way/1090439472,,,,,,,,,,,,,,,,biergarten,,,,,,,,,,,,,,,,,,,,,,,,,,,,,,,,,,,,,,,,,,,,,,,,,,,,,,,,,,,,,,,,,,,,,,,,,,,,,,,,,,,,,,,,,,,,,,,,,,,,,,,,,,,,,,,,,,,,,,,,,,,,,,,,,,,,,,,,,,,,,,,,,,,,,,,,,,,,,,,,,,,,,,,,,,,,,,,,,,,,,,,,,,,,,,,,,,,,,,,,,,,,,,,,,,,,,,,,,,,,,,,,,,,,,,,,,,,,,,,,,,,,,,,,,,,,,,,,,,,,,,,,,,,,,,,,,,,,,,,,,,center
node/1096063711,node/1096063711,,,,,,,,,,,,,,,,,,,,,,,,,,,,,,,,,,,,,,,,,,2024-12-12,,,,,,,,,,,,,,,,,,,,,,,,,,,,,,,,,,,,,,,,,,,,,,,,,,,,,,,,,,,,,,,,,,,,,,,,,,,,,,,,,,,,,,,,,,,,,,,,Starý pivovar,,,,,,,,,,,,,,,,,,,,,,,,,,,,,,,,,,,,,,,,,,,,,,,,,,,,,,,,,,,,,,,,,,,,,,,,,,,,,,,,,,,,,,,,,,,,,,,,,,,,,,,,,,,,,,,,,,,,,,,,,,,,,,,,,,,,,,,,,,hotel,,,,,,,,,,,,,,,,,,,,,,
node/1116132384,node/1116132384,,,,,,,20,,,Kurta Konráda,,,,,Innuendo Cocktail & Music Bar,bar,,,,,,,,,,,,,,,,,,,,,,,,,,,,,,,,,,,,,,,,,,,,,,,,,,,,,,,,,,,,,,,,,,,,,,,,,,,,,,,,,,,,,,,,,,,,,,,,,,,,,,,,,,,,,,,,,,,,,,,,,,Innuendo,,,,,,,,,,,,,,,,,,,,,,,,,,,,,,,,,,,,,,,,,,,,,,,,,,,,,,,,,,,,,,,,,,,,,,,,,,,,,,,,,,,,,,,,,,,,,,,,,,,,,,,,,,,,,,,,,,,,,,,,,,,,,,,,,,,,,,,,,,,,,,,,,,,,,,,,,,,,,,,,
node/1117379014,node/1117379014,,Praha,704,CZ,,,704/36,Nové Město,11000,Vodičkova,36,Praha 1,,,,restaurant,,,,,,,,,,,,,,,,,,,,,,,,,,,,,,,,,,,,,,,,,,,,,,,,,,,,,,,,,,,,,,,,,,,,,,,,,,,,,https://www.facebook.com/Hospoda-v-Lucerně-1448539472038125/,,,,,,,,,,,,,,,,,,,,,,,,,,,,,,,,,,,,,,,,,,,,,Hospoda v Lucerně,,,,,,,,,,,,,,,,,,,,,,,,,,,,,,,,,,,,,,,,,,,,,,,,,,,,,,,,,,,,,,,,,,,,,,+420 724 337 187,,,,,,,,,,,,,,,,,,,,,,,,,,,,,,,,,,,,,,,,,,,survey,,,,,,,,,,,,,,,,,,,,,,,,no,,,http://www.lucerna.cz/,,,,,https://www.hospodalucerna.cz/,,,,,no,,,,,,,,,,
node/1129766950,node/1129766950,,,,,,,,,,,,,,,,pub,,,,,,,,,,,,,,,,,,,,,,,,,,,,,,,,,,,,,,,,,,,,,,,,,,,,,,,,,,,,,,,,,,,,,,,,,,,,,,,,,,yes,,,,,,,,,,,,,,,,,,,,,,,,,,,,,,,,,,,,,,,,Na Staré Cihelně,,,,,,,,,,,,,,,,,,,,,,,,,,,,,,,,,,,,,,,,,,,,,,,,,,,,,,,,,,,,,,,,,,,,,,,,,,,,,,,,,,,,,,,,,,,,,,,,,,,,,,,,,,,,yes,,,,,,,,,,,,,,,,,,,,,,,,,,,,,,,,,,,,,,,,,,,,,,,,,,,,
node/1134171453,node/1134171453,,,,,,,,,,,,,,,,bar,,,,,,,,,,,,,,,,,,,,,,,,,,,,,2023-04-24,,,,,,,,,,,,,,,,,,,,,,,,,,,,,,,,,,,,,,,,,,,,,,,,,,,,,,,,,,,,,,,,,,,,,,,,,,,,,,,,,,,,,,,,,,,,,Vinný Loch,,,,,,,,,,,,,,,,,,,,,,Mo-Su 15:00-01:00,,,,,,,,,,,,,,,,,,,,,,,,,,,,,,,,,,,,,,,,,,,,,,,,,,,,,,,,,,,,,,,,,,,,,,,,,,,,,,,,,,,,,,,,,,,,,,,,,,,,,,,,,,,,,,,,,,,,,,,,,,,,,,,,,,,,,,,,,,
node/1143014989,node/1143014989,,,,,,,,,,,,,,,,pub,,,,,,,,,,,,,,,,,,,,,,,,,,2024-01-27,,,,,,,,,,,,,,,,,,,,,,,,,,,,,,,,,,,,,,,,,,,,,,,,,,,,,,,,,,,,,,,,,,,,,,,,,,,,,,,,,,,,,U Šubrtů,,,,,,,,,,,Na Korunce,,,,,,,,,,,,,,,,,,,,,,,,,,,,,,,,,,,,,,,,,,,,,,,,,,,,,,,,,,,,,,,,,,,,,,,,,,,,,,,,,,,,,,,,,,,,,,,,,,,,,,,,,,,,,,,,,,,,,,,,,,,,,,,,,,,,,,,,,,,,,,,,,,,,,,,,,,,,,,,,
node/1144290057,node/1144290057,,,,,,,,,,,,,,,,,,,,,,,,,,,,,,,,,,,,,,,,,,,,,,,,,,,,,,,,,,,,,,,,,,,,,,,,,,,,,,,,,,,,,,,,,,,,,,,,,,,,,,,,,,,,,,,,,,,,,,,,,,,,,,,,,,,,,,,,,,,,,,,,,,,,,,,,,,,,,,,,,,,,,,,,,,,,,,,,,,,,,,,,,,,,,,,,,,,,,,,,,,,,,,,,,,,,,,,,,,,,,,,,,,,,,,,,,,,,,,alcohol,,,,,,,,,,,,,,,,,,,,,,,,,,,,,,,,,,,,,,,,,,,,,,,,,,,,,,,,,,,,
way/1157705095,way/1157705095,,,,,,,,,,,,,,,,biergarten,,,,,,,,,,,,,,,,,,,,,,,,,,,,,,,,,,,,,,,,,,,,,,,,,,,,,,,,,,,,,,,,,,,,,,,,,,,,,,,,,,,,,,,,,,,,,,,,,,,,,,,,,,,,,,,,,,,,,,,,,,Klaster Monastery Beer Garden,,,,,,,,,,,,,,,,,,,,,,,,,,,,,,,,,,,,,,,,,,,,,,,,,,,,,,,,,,,,,,,,,,,,,,,,,,,,,,,,,,,,,,,,,,,,,,,,,,,,,,,,,,,,,,,,,,,,,,,,,,,,,,,,,,,,,,,,,,,,,,,,,,,,,,,,,,,,,,,,center
way/1182770953,way/1182770953,,,,,,,,,,,,,,,,bar,,,,,,,,,,,,,,,,,container,,,,,,,,,,,,,,,,,,,,,,,,,,,,,,,,,,,,,,,,,,,,,,,,,,,,,,,,,,,,,,,,,,,,,,,,,,,,,,,,,,,,,,,,,,,,,,,,,,,,,,,,,,,,,,,,,,,,,,,,,,,,,,,,,,,,,,yes,,,,,,,,,,,,,,,,,,,,,,,,,,,,,,,,,,,,,,,,,,,,,,,,,,,,,,,,,,,,,,,,,,,,,,,,,,,,,,,,,,,,,,,,,,,,,,,,,,,,,,,,,,,,,,,,,,,,,,,,,,,,,,,,,,,center
way/1198734468,way/1198734468,,,,,,,,,,,,,,,,biergarten,,,,,,,,,,,,,,,,,,,,,,,,,,,,,,,,,,,,,,,,,,,,,,,,,,,,otevřeno 11:00-20:30 a dle lidí a světla,,,,,,,,,,,,,,,,,,,,,,,,,,,,,,,,,,,,,,,,,,,,,,,,,,,,,,,,,,,,,,,,,,,,,,U Sparty,,,,,,,,,,,,,,,,,,,,,,Mo-Su 11:00-20:30,,,,,,,yes,,,,,,,,,,,,,,,,,,,,,,,,,,,,,,,,,,,,,,,,,+420 608 207 778,,,,,,,,,,,,,,,,,,,,,,,,,,,,,,,,,,,,,,,,,,,,,,,,,,,,,,,,,,,,,,,,,,,,,,,,,,,http://www.spartastanek.cz/,,,,,,,,,,,,,,,center
node/1204747373,node/1204747373,,,,,,,,,,,,,,,,,,,,,,,,,,,,,,,,,,,,,,,,,,,,,,,,,,,,,,,,,,,,,,,,,,,,,,,,,,,,,,,,,,,,,,,,,,,,,,,,,,,,,,,,,,,,,,,,,,,,,,,,,,,,,,,,,,,,,,,,,,Vinotéka U soudku,,,,,,,,,,,,,,,,,,,,,,Mo-Fr 14:00-20:00,,,,,,,,,,,,,,,,,,,,,,,,,,,,,,,,,,,,,,,,,,,,,,,,,,,,,,,,,,,,,,,,,,,,,,,,,,,,,,alcohol,,,,,,,,,,,,,,,,,,,,,,,,,,,,,,,,,,,,,,,,,,,,,,,,,,,,,,,,,,,,
way/1208812363,way/1208812363,,,,,,,,,,,,,,,,biergarten,,,,,,,,,,,,,,,,,,,,,,,,,,,,,,,,,,,,,,,,,,,,,,,,,,,,,,,,,,,,,,,,,,,,,,,,,,,,,,,,,,,,,,,,,,,,,,,,,,,,,,,,,,,,,,,,,,,,,,,,,,,,,,,,,,,,,,,,,,,,,,,,,,,,,,,,,,,,,,,,,,,,,,,,,,,,,,,,,,,,,,,,,,,,,,,,,,,,,,,,,,,,,,,,,,,,,,,,,,,,,,,,,,,,,,,,,,,,,,,,,,,,,,,,,,,,,,,,,,,,,,,,,,,,,,,,,,,,,,,,,,center
node/1209100090,node/1209100090,,,,,,,24,,,Nádražní,,,,,,pub,,,,,,,,,,,,,,,,Staropramen,,,,,,,,,,,,,,,,,,,,,,,,,,,,,,,regional,,,,,,,,,,,,,,,,,,,,,,,,,,,,,info@naruzkusmichov.cz,,,,,,,,,,,,,,no,,wlan,,,,,,,,,,,,,,,,,,,,,,,,,,,,,,Naše Hospoda na Růžku,,,,,,,,,,,,,,,,,,,,,,Mo-Fr 07:30-24:00; Sa-Su 11:00-24:00,,,,,,,sidewalk,,,,,,,,,,,,,,,yes,,yes,,,,,,,,,,,,,,,,,,,,,,,,+420739042222,,,,,,,,,,,,,,,,,,,,,,,,,,,,,,,,,,,,,,no,,,,,,,,,,,,,,,,,,,,,,,,,,,,,,,,,,,,,https://www.naruzkusmichov.cz/,,,,,,,,,,,,,,,
node/1218253628,node/1218253628,,,,,,,,,,,,,,,,pub,,,,,,,,,,,,,,,,,,,,,,,,,,,,,,,,,,,,,,,,,,,,,,,,,,,,,,,,,,,,,,,,,,,,,,,,,,,,,,,,,,,,,,,,,,,,,,,,,,,,,,,,,,,,,,,,,,,,,,,,,,,,,,,,,פאב ראשון,,,,,,,,,,,,,,,,,,,,,,,,,,,,,,,,,,,,,,,,,,,,,,,,,,,,,,,,,,,,,,,,,,,,,,,,,,,,,,,,,,,,,,,,,,,,,,,,,,,,,,,,,,,,,,,,,,,,,,,,,,,,,,,,,,,,,,,,,,,,,,,,,,,,,,,,,
node/1226744002,node/1226744002,,Praha,,,,,20,,11000,Vodičkova,,,,,,restaurant,,,,,,,,,,,,,,,,,,,,,,,,,,,,,,,,,,,,,,,,,,,,,,,,,,,,,,,,,,,,,,,,,,,,,,,,,,,,,,,,,,,,,,,,,,,,,,,,,,,,,,,,,,,,,,,,,,,,,yes,,,,,Novoměstský pivovar,,,,,,,,,,,,,,,,,,,,,,,,,,,,,,,,,,,,,,,,,,,,,,,,,,,,,,,,,,,,,,,,,,,,,,,,,,,,,,,,,,,,,,,,,,,,,,,,,,,,vacant,,,,,,,,,,,,,,,,,,,,,,,,,,,,,,,,,,,,,,,,http://www.npivovar.cz,,,,,,,,,,,,,,,,,,,,
node/1241323740,node/1241323740,,Praha,,CZ,,,,Žižkov,13000,,,Praha 3,,,Na Křížku,biergarten,,,,,,,,,,,,,,,,Velkopopovický Kozel,,,,,,,,,,2025-09-22,,,,,,,,,,,,,,,,,,,,,,,,,,,,,,,,,,,,,,,,,,draught,,,,,,,,,,,,,,,,,,,,,,,,no,,,,,,,,,,,,,,,,,,,,,,,,,,,,,,Parukářka,,,,,,,,,,,,,,,,,,,,,,,,,,,,,yes,,,,,,,,,,no,yes,,,,no,,no,,,,,,,,,,,,,,,,,,,,,,,,,,,,,,,,,,,,,,,,,,,,,,,,,,,,,,,,,,,,,,outside,,,,,,,,,,,,,,,,,,,,,,,,,,,,,,,,,,,,,https://www.parukarka.cz/,,,,,yes,,,,,,,,,,
node/1253195601,node/1253195601,,,,,,,,,,,,,,,,pub,,,,,,,,,,,,,,,,,,,,,,,,,,2026-06-08,,,2026-06-08,,,,,,,,,,,,,,,,,,,,,,,,,,,,,,,,,,,,,,,,,,,,,,,,,,,,,,,,,,,,,yes,,wlan,no,,,,,,,,,,,,,,,,,,,,,,,,,,,,,Bella,,,,,,,,,,,,,,,,,,,,,,Mo-Sa 11:00-22:00,,,,,,,yes,,,,,,,,,,,yes,,,no,,,,,,,,,,,,,,,,,,,,,,,,,,,+420 286 580 025,,,,,,,,,,,,,,,,,,,,,,,,,,,,,,,,,,,,,,separated,,,,,,,,,,,,,,,,,,,,,,,,,,,,,,,,,,,,,https://www.restauracebella.cz/,,,,,,,,,,,,,,,
way/1255277061,way/1255277061,,,,,,,,,,,,,,,,biergarten,,,,,,,,,,,,,,,,,,,,,,,,,,,,,,,,,,,,,,,,,,,,,,,,,,,,,,,,,,,,,,,,,,,,,,,,,,,,,,,,,,,,,,,,,,,,,,,,,,,,,,,,,,,,,,,,,,,,,,,,,,,,,,,,,,,,,,,,,,,,,,,,,,,,,,,,,,,,,,,,,,,,,,,,,,,,,,,,,,,,,,,,,,,,,,,,,,,,,,,,,,,,,,,,,,,,,,,,,,,,,,,,,,,,,,,,,,,,,,,,,,,,,,,,,,,,,,,,,,,,,,,,,,,,,,,,,,,,,,,,,,center
node/1257356292,node/1257356292,,,,,,,,,,,,,,,,,,,,,,,,,,,,,,,,,,,,,,,,,,,,,,,,,,,,,,,,,,,,,,,,,,,,,,,,,,,,,,,,,,,,,,,,,,,,,,,,,,,,,,,,,,,,,,,,,,,,,,,,,,,,,,,,,,,,,,,,,,Absinth Shop,,,,,,,,,,,,,,,,,,,,,,Mo-Su 10:00-23:59,,,,,,,,,,,,,,,,,,,,,,yes,,yes,,,,,,,,,,,,,,,,,,,,,,,,,,,,,,,,,,,,,,,,,,,,,,,,,,,,,,alcohol,,,,,,,,,,,,,,,,,,,,,,,,,,,,,,,,,,,,,,,,,,,,,,,,,,,,,,,,,,,,
node/1258869794,node/1258869794,,,,,,,,,,,,,,,,,,,,,,,,,,,,,,,,,,,,,,,,,,,,,2024-12-14,,,,,,,,,,,,,,,,,,,,,,,,,,,,,,,,,,,,,,,,,,,no,,,,,,,,,,,,,,,,,,,,,,,,,,,,,,,,,,,,,,,,,,,,,,,,,,Wine and food shop,,,,,,,,,,,,,,,,,,,,,,,,,,no,,,,,,,,,,,,,,,,,,,,,,,,,,,,,,,,,,,,,,,,,,,,,,,,,,,,,,,,,,,,,,,,,,,,,,,,,,alcohol,,,,,,,,,,,,,,,,,,,,,,,,,,,,,,,,,,,,,,,,,,,,,,,,,,,,,,,,,,,,
node/1259568376,node/1259568376,,,,,,,,,,,,,,,,,,,,,,,,,,,,,,,,,,,,,,,,,,,,,,,,,,,,,,,,,,,,,,,,,,,,,,,,,,,,,,,,,,,,,,,yes,,,,,,,,,,,,,,,,,,,,,,,,,,,,,,,,,,,,,,,,,,,,,,,,,,,U Vinic,,,,,,,,,,,,,,,,,,,,,,"Mo-Fr 12:00-21:00; Sa,Su 15:00-21:00",,,,,,,,,,,,,,,,,,,,,,,,,,,,,,,,,,,,,,,,,,,,,,,,,,,,,,,,,,,,,,,,,,,,,,,,,,,,,,alcohol,,,,,,,,,,,,,,,,,,,,,,,,,,,,,,,,,,,,,,,,,,,,,,,,,,,,,,,,,,,,
node/1260770101,node/1260770101,,Praha 7,1022,,,,1022/15,,17000,Ovenecká,15,,,,Šumavan,pub,,,,,,,,,,,,,,,,Klášter;various,,,,,,,,,,2025-09-07,,,2025-09-07,,,,,,,,,,,,,,,,,,,,,,,,,,,,,,,,,,,,,,,,,,,,,,,,,,,,,,,,,,,,,yes,,,,,,,,,,,,,,,,,,,,,Prašivka,,,,,,,,,,,Hostinec,,,,,,,,,,,,,,,,,Klášterní pivnice,,,,,Mo-Su 09:30-21:30,,,,,,,no,,,,,,,,,,,,,,,,,,,,,,,,,,,,,,,,,,,,,,,,,,,,,,,,,,,,,,,,,,,,,,,,,,,,,,,,,,,,,,,yes,,,,,,,,,,,,,,,,,,,,,,,,,,,,,,,,,,,,,,,,,,,,,,,,,,,,
node/1261026192,node/1261026192,,,,,,,,,,,,,,,,bar,,,,,,,,,,,,,,,,,,,,,,,,,,,,,,,,,,,,,,,,,,,,,,,,,,,,,,,,,,,,,,,,,,,,,,,,,,,,,,,,,,,,,,,,,,,,,,,,,,,,,,,,,,,,,,,,,,,,,,,,,,Metro,,,,,,,,,,,,,,,,,,,,,,"Mo-Fr 10:00-24:00; Sa,Su 14:00-24:00",,,,,,,,,,,,,,,,,,,,,,,,,,,,,,,,,,,,,,,,,,,,,,,,,,,,,,,,,,,,,,,,,,,,,,,,,,,,,,,,,,,,,,,,,,,,,,,,,,,,,,,,,,,,,,,,,,,,,,,,,,,,,,,,,,,,,,,,,,
node/1261026229,node/1261026229,,,,,,,,,,,,,,,,,,,,,,,,,,,,,,,,,,,,,,,,,,,,,,,,,,,,,,,,,,,,,,,,,,,,,,,,,,,,,,,,,,,,,,,,,,,,,,,,,,,,,,,,,,,,,,,,,,,,,,,,,,,,,,,,,,,,,,,,,,,,,,,,,,,,,,,,,,,,,,,,,,,,,,,,,,,,,,,,,,,,,,,,,,,,,,,,,,,,,,,,,,,,,,,,,,,,,,,,,,,,,,,,,,,,,,,,,,,,,,alcohol,,,,,,,,,,,,,,,,,,,,,,,,,,,,,,,,,,,,,,,,,,,,,,,,,,,,,,,,,,,,
node/1261055274,node/1261055274,,,,,,,,,,,,,,,,pub,,,,,,,,,,,,,,,,,,,,,,,,,,,,,,,,,,,,,,,,,,,,,,,,,,,,,,,,,,,,,,,,,,,,,,,,,,,,,,,,,,,,,,,,,,yes,,,,,,,,,,,,,,,,,,,,,,,,,,,,,,,,Kačamba u města Rokycan,,,,,,,,,,,,,,,,,,,,,,"Mo-Fr 12:00-24:00, Sa 11:00-01:00, Su 15:00-24:00",,,,,,,no,,,,,,,,,,,,,,,no,,no,,,,,,,,,,,,,,,,,,,,,,,,,,,,,,,,,,,,,,,,,,,,,,,,,,,,,,,,,,,,,,,,,,,,,,,,,,,,,,,,,,,,,,,,,,,,,,,,,,,,,,,,no,,,,,,,,,,
node/1261055302,node/1261055302,,Praha,,,,,144,,18600,Sokolovská,,,,,,bar,,,,,,,,,,,,,,,,,,,,,,,,,,,,,,,,,,,,,,,,,,,,,,,,,,,,,,,,,,,,,,,,,,,,,,,,,,,,,,,,,,,,,,,,,,,,wlan,,,,,,,,,,,,,,,,,,,,,,,,,,,,,,Styx,,,,,,,,,,,,,,,,,,,,,,"Mo-Fr 16:00-01:00, Sa 18:00-02:00, Su 18:00-24:00",,,,,,,,,,,,,,,,,,,,,,,,,,,,,,,,,,,,,,,,,,,,,,,,,,,,,,,,,,,,,,,,,,,,,,,,,,,,,,,,,,,,,,,,,,,,,,,,,,,,,,,,,,,,,,,,,,,,,,,,,,,https://clubstyx.cz/,,,,,,,,,,,,,,,
way/1263730065,way/1263730065,,,,,,,,,,,,,,,,biergarten,,,,,,,,,,,,,,,,,,,,,,,,,,,,,,,,,,,,,,,,,,,,,,,,,,,,,,,,,,,,,,,,,,,,,,,,,,,,,,,,,,,,,,,,,,,,,,,,,,,,,,,,,,,,,,,,,,,,,,,,,,,,,,,,,,,,,,,,,,,,,,,,,,,,,,,,,,,,,,,,,,,,,,,,,,,,,,,,,,,,,,,,,,,,,,,,,,,,,,,,,,,,,,,,,,,,,,,,,,,,,,,,,,,,,,,,,,,,,,,,,,,,,,,,,,,,,,,,,,,,,,,,,,,,,,,,,,,,,,,,,,center
node/1270105045,node/1270105045,,,,,,,,,,,,,,,,pub,,,,,,,,,,,,,,,,,,,,,,,,,,,,,,,,,,,,,,,,,,,,,,,,,,,,,,,,,,,,,,,,,,,,,,,,,,,,,,,,,,,,,,,,,,,,,,,,,,,,,,,,,,,,,,,,,,,,,,,,,,,,,,,,,,,,,,,,,,,,,,,,,,,,,,,,,,,,,,,,,,,,,,,,,,,,,,,,,,,,,,,,,,,,,,,,,,,,,,,,,,,,,,,,,,,,,,,,,,,,,,,,,,,,,,,,,,,,,,,,,,,,,,,,,,,,,,,,,,,,,,,,,,,,,,,,,,,,,,,,,,
node/1270105057,node/1270105057,,,,,,,,,,,,,,,,pub,,,,,,,,,,,,,,,,,,,,,,,,,,,,,,,,,,,,,,,,,,,,,,,,,,,,,,,,,,,,,,,,,,,,,,,,,,,,,,,,,,,,,,,,,,,,,,,,,,,,,,,,,,,,,,,,,,,,,,,,,,,,,,,,,,,,,,,,,,,,,,,,,,,,,,,,,,,,,,,,,,,,,,,,,,,,,,,,,,,,,,,,,,,,,,,,,,,,,,,,,,,,,,,,,,,,,,,,,,,,,,,,,,,,,,,,,,,,,,,,,,,,,,,,,,,,,,,,,,,,,,,,,,,,,,,,,,,,,,,,,,
node/1270186367,node/1270186367,,,,,,,,,,,,,,,,,,,,,,,,,,,,,,,,,,,,,,,,,,,,,,,,,,,,,,,,,,,,,,,,,,,,,,,,,,,,,,,,,,,,,,,,,,,,,,,,,,,,,,,,,,,,,,,,,,,,,,,,,,,,,,,,,,,,,,,,,,Vinotéka,,,,,,,,,,,,,,,,,,,,,,,,,,,,,,,,,,,,,,,,,,,,,,,,,,,,,,,,,,,,,,,,,,,,,,,,,,,,,,,,,,,,,,,,,,,,,,,,,,,,alcohol,,,,,,,,,,,,,,,,,,,,,,,,,,,,,,,,,,,,,,,,,,,,,,,,,,,,,,,,,,,,
node/1270591806,node/1270591806,,,,,,,,,,,,,,,,pub,,,,,,,,,,,,,,,,,,,,,,,,,,,,,,,,,,,,,,,,,,,,,,,,,,,,,,,,,,,,,,,,,,,,,,,,,,,,,,,,,,,,,,,,,,,,,,,,,,,,,,,,,,,,,,,,,,,,,,,,,,U medvěda,,,,,,,,,,,,,,,,,,,,,,,,,,,,,,,,,,,,,,,,,,,,,,,,,,,,,,,,,,,,,,,,,,,,,,,,,,,,,,,,,,,,,,,,,,,,,,,,,,,,,,,,,,,,,,,,,,,,,,,,,,,,,,,,,,,,,,,,,,,,,,,,,,,,,,,,,,,,,,,,
node/1270591808,node/1270591808,,Praha - Kolovraty,,,,,21/66,,10300,Mírová,,,,,,pub,,,,,,,,,,,,,,,,,,,,,,,,,,2025-01-03,,,,,,,,,,,,,,,,,,,,,,,,,,Hospoda + Sál (KD U Boudů),,,,,,,,,,,,,,,,,,,,,,,,,,,,,,,,,,,,,,,,,,,,,,,,,,,,,,,,,,,,,,,,,,,,,,U Boudů,,,,,,,,,,,,,,,,,,,,,,,,,,,,,,,,,,,,,,,,,,,,,,,,,,,,,,,,,,,,,,,,,,,,,,,,,,,,,,,,,,,,,,,,,,,,,,,,,,,,,,,,,,,,,,,,,,,,,,,,,,,,,,,,,,,,,,,,,,,,,,,,,,,,,,,,,,,,,,,,
node/1271002118,node/1271002118,,Praha,,,,,11,,11000,Národní,,,,,,pub,,,,,,,,,,,,,,,,,,,,,,,,,,2026-04-26,,,,,,,,,,,,,,,,,,,,,,,,,,,,,,,,,,,,,,,,,,,,,,,,,,,,,,,,,,,,,,,,,,,,,,,,,,,,,,,,,,,,,,,,,,,,,,,,Vzorkovna (Dog bar),,,,,,,,,,,,,,,,,,,,,,Mo-Su 14:00-04:00,,,,,,,,,,,,,,,,,,,,,,,,,,,,,,,,,,,,,,,,,,,,,,,,,,,,,,,,,,,,,,,,,,,,,,,,,,,,,,,,,,,,,,yes,,,,,,,,,,,,,,,,,,,,,,,,,,,,,,,,,,,,,https://vzorkovna.biz,,,,,no,,,,,,,,,,
node/1272064729,node/1272064729,,Praha,,,,,56,,11000,Václavské náměstí,,,,,Výtopna restaurant;Restaurace Výtopna;Výtopna Railway Restaurant;Výtopna meat & beer on rails,restaurant,,,,,,,,,,,,,,,,Krušovice;Mušketýr;řezané,,,,,,,,no,,2025-06-20,,,2025-04-01,,,,,,,Vytopna.restaurant.Praha,,,,,,,,,,,burger;czech;chicken,,,,,,,,,,,,,,,,,,served,,,,,,,,,,,praha.vaclavak@vytopna.cz,,,,,,,,,,yes,,,,yes,,wlan,no,no,no,,no,,,,,,,,1,,1,,,,,,,,,,yes,,,,,Výtopna,,,Výtopna Railway Restaurant - Wenceslas Square,,,,,,,Výtopna - ресторан с паровозом,,,,,,,,,,,,Mo-Su 11:00-00:00,,,,,Railway Restaurant Prague s.r.o.,,no,,,,,,,,,,,yes,,,yes,yes,,yes,,,,,,,,,,,,,,,,,,,,,,,,+420 775 444 554,,,,,,,,,,,,,,CZ09248323,,,yes,,,,,,,,,,,,,,,,,,,,,,,,,,,,,,,,,,,,,,,,trains,,yes,,,,,,,no,no,,,,,,,,https://www.vytopna.cz/cs/pobocky/praha-vaclavak/o-pobocce,,,,,no,,,,,,,,,,
node/1272921548,node/1272921548,,Praha,,,,,3,,12000,Rejskova,,,,,,pub,,,,,,,,,,,,,,,,,,,,,,,,,,,,,,,,,,,,,,,,,,,,,,,,,,,,,,,,,,,,,,,,,,,,,,,,,,,,,,,,,,,,,,,,,,,,,,,,,,,,,,,,,,,,,,,,,,,,,,,,,,Magister Kelley,,,,,,,,,,,,,,,,,,,,,,,,,,,,,,,,,,,,,,,,,,,,,,,,,,,,,,,,,,,,,,,,,,,,,,,,,,,,,,,,,,,,,,,,,,,,,,,,,,,,,,,,,,,,,,,,,,,,,,,,,,,,,,,,,,,,,,,,,,,,,,,,,,,,,,,,,,,,,,,,
node/1276242990,node/1276242990,,,,,,,,,,,,,,,,pub,,,,,,,,,,,,,,,,,,,,,,,,,,,,,2024-11-09,,,,,,,,,,,,,,,,,,,,,,,,,,,,,,,,,,,,,,,,,,,,,,,,,,,,,,,,,,,,,yes,,,,,,,,,,,,,,,,,,,,,,,,,,,,,,,,Podkováň,,,,,,,,,,,,,,,,,,,,,,,,,,no,,,no,,,,,,,,,,,,,,,,,,,,,,,,,,,,,,,,,,,,,,,,,,,,,,,,,,,,,,,,,,,,,,,,,,,,,,,,,,,,,,,,,,,,,,,,,,,,,,,,,,,,,,,,,,,,,,,,,,,,,,,,,,,,,,,,,,,
node/1278488469,node/1278488469,,,,,,,,,,,,,,,,,,,,,,,,,,,,,,,,,,,,,,,,,,,,,,,,,,,,,,,,,,,,,,,,,,,,,,,,,,,,,,,,,,,,,,,yes,,,,,,,,,,,,,,,,,,,,,,,,,,,,,,,,,,,,,,,,,,,,,,,,,,,,,,,,,,,,,,,,,,,,,,,,,,,,,,,,,,,,,,,,,,,,,,,,,,,,,,,,,,,,,,,,,,,,,,,,,,,,,,,,,,,,,,,,,,,,,,,,,,,,,,,alcohol,,,,,,,,,,,,,,,,,,,,,,,,,,,,,,,,,,,,,,,,,,,,,,,,,,,,,,,,,,,,
way/1280617062,way/1280617062,,,,,,,,,,,,,,,,biergarten,,,,,,,,,,,,,,,,,,,,,,,,,,,,,,,,,,,,,,,,,,,,,,,,,,,,,,,,,,,,,,,,,,,,,,,,,,,,,,,,,,,,,,,,,,,,,,,,,,,,,,,,,,,,,,,,,,,,,,,,,,,,,,,,,,,,,,,,,,,,,,,,,,,,,,,,,,,,,,,,,,,,,,,,,,,,,,,,,,,,,,,,,,,,,,,,,,,,,,,,,,,,,,,,,,,,,,,,,,,,,,,,,,,,,,,,,,,,,,,,,,,,,,,,,,,,,,,,,,,,,,,,,,,,,,,,,,,,,,,,,,center
node/1281570265,node/1281570265,,,,,,,,,,,,,,,,pub,,,,,,,,,,,,,,,,,,,,,,,,,,2024-11-17,,,,,,,,,,,,,,,,,,,,,,,,,,,,,,,,,,,,,,,,,,,,,,,,,,,,,,,,,,,,,,,,yes,,,,,,,,,,,,,,,,,0,,,,,,,,,,,,,,,Mikulovka,,,,,,,,,,,,,,,,,,,,,,Mo-Su 14:00-21:31,,,,,,,yes,,,,,,,,,,,,,,,,,,,,,,,,,,,,,,,,,,,,,,,,,,,,,,,,,,,,,,,,,,,,,,,,,,,,,,,,,,,,,,,,,,,,,,,,,,,,,,,,,,,,,,,,,,,,,,,,,,,,,,,,,limited,,,,,,,,,,
way/1286215314,way/1286215314,,,,,,,,,,,,,,,Bar kultury a oddechu,bar,,,,,,,,,,,,,,,,,yes,,,,,,,,,,,,,,,,,,,,,,,,,,,,,,,,,,,,,,,,,,,,,,,,,,,,,,,,,,,,,,,,,,,,,,,,,,,,,,,,,,,,,,,,1,,,,,,,,,,,,,,,,,Džungle BKAO,,,,,,,,,,,,,,,,,,,,,,,,,,,,,,,,,,,,,,,,,,,,,,,,,,,,,,,,,,,,,,,,,,,,,,,,,,,,,,,,,,,,,,,,,,,,,,,,,,,,,,,,,,,,,,,,,,,,,,,,,,,,,,,,,,,,,,,,,,,,,,,,,https://navystavisti.cz/udalosti/dzungle-bkao/,,,,,,,,,,,,,,,center
node/1293802163,node/1293802163,,,,,,,,,,,,,,,,bar,,,,,,,,,,,,,,,,,,,,,,,,,,,,,2024-06-03,,,,,,,,,,,,,,,,,,,,,,,,,,,,,,,,,,,,,,,,,,,,,,,,,,,,,,,,,,,,,,,,,,,,,,,,,,,,,,,,,,,,,,,,,,,,,Casino Palmovka,,,,,,,,,,,,,,,,,,,,,,Mo-Su 00:00-24:00,,,,,,,,,,,,,,,,,,,,,,,,,,,,,,,,,,,,,,,,,,,,,,,,,,,,,,,,,,,,,,,,,,,,,,,,,,,,,,,,,,,,,,,,,,,,,,,,,,,,,,,,,,,,,,,,,,,,,,,,,,,,,,,,,,,,,,,,,,
way/1304431377,way/1304431377,,,,,,,,,,,,,,,,biergarten,,,,,,,,,,,,,,,,,,,,,,,,,,,,,,,,,,,,,,,,,,,,,,,,,,,,,,,,,,,,,,,,,,,,,,,,,,,,,,,,,,,,,,,,,,,,,,,,,,,,,,,,,,,,,,,,,,,,,,,,,,Palouček,,,,,,,,,,,,,,,,,,,,,,,,,,,,,yes,,,,,,,,,,,,,,,,,,,,,,,,,,,,,,,,,,,,,,,,,,,,,,,,,,,,,,,,,,,,,,,,,,,,,,,,,,,,,,,,,,,,,,,,,,,,,,,,,,,,,,,,,,,,,,,,,,,,,,,,,,,,,,,,,,,center
way/1317550154,way/1317550154,,,,,,,,,,,,,,,,bar,,,,,,,,,,,,,,,,,,,,,,,,,,,,,,,,,,,,,,,,,,,,,,,,,,,,,,,,,,,,,,,,,,,,,,,,,,,,,,,,,,,,,,,,,room,,,,,,,,,,,,,,,,,,0,,,,,,,,,,,,,,,Sport bar Petr,,,,,,,,,,,,,,,,,,,,,,Mo-Sa 10:00-22:00; Su 10:00-20:00,,,,,,,,,,,,,,,,,,,,,,,,,,,,,,,,,,,,,,,,,,,,,,,,,,,,,,,,,,,,,,,,,,,,,,,,,,,,,,,,,,,,,,,,,,,,,,,,,,,,,,,,,,,,,,,,,,,,,,,,,,,,,,,,,,,,,,,,,,center
way/1320034064,way/1320034064,,,,,,,,,,,,,,,,bar,,,,,,,,,,,,,,,,,,,,,,,,,,,,,,,,,,,,,,,,,,,,,,,,,,,,,,,,,,,,,,,,,,,,,,,,,,,,,,,,,,,,,,,,,room,,,,,,,,,,,,,,,,,,-1,,,,,,,,,,,,,,,Bohemia sport bar,,,,,,,,,,,,,,,,,,,,,,Mo-Sa 15:00-23:00,,,,,,,,,,,,,,,,,,,,,,,,,,,,,,,,,,,,,,,,,,,,,,,,,,,,,,,,,,,,,,,,,,,,,,,,,,,,,,,,,,,,,,,,,,,,,,,,,,,,,,,,,,,,,,,,,,,,,,,,,,,,,,,,,,,,,,,,,,center
node/1322042433,node/1322042433,,Praha,,,,,,,,,,,,,,bar,,,,,,,,,,,,,,,,,,,,,,,,,,,,,,,,,,,,,,,,,,,,,,,,,,,,,,,,,,,,,,,,,,,,,,,,,,,,,,,,,,,,,,,,,,,,,,,,,,,,,,,,,,,,,,,,,,,,,,,,,,Public interest,,,,,,,,,,,,,,,,,,,,,,,,,,,,,,,,,,,,,,,,,,,,,,,,,,,,,,,,,,,,,,,,,,,,,,,,,,,,,,,,,,,,,,,,,,,,,,,,,,,,,,,,,,,,,,,,,,,,,,,,,,,,,,,,,,,,,,,,,,,,,,,,,,,,,,,,,,,,,,,,
node/1322873191,node/1322873191,,Praha,991,CZ,,,991/31,Vinohrady,12000,Šumavská,31,Praha 2,,,,pub,,,,,,,,,,,,,,,,,,,,,,,,,,,,,2026-05-26,,,,,,,,,,,,,,,,,,,,,,,,,,,,,,,,,,,,,,,,,,,,,,,,,,,,,,,,,,,,,yes,,wlan,no,,,,,,,,,,,,,,,,,,,,,,,,,,,,,Kavarna Na Šumavě,Kavarna Na Šumavě,,,,,,,,,,,,,,,,,,,,,Mo-Fr 16:00-22:00,,,,,,,no,,,,,,,,,,,,,,,,,,,,,,,,,,,,,,,,,,,,,,,,,+420 775 688 180,,,,,,,,,,,,,,,,,,,,,,,,,,,,,,,,,,,,,,,,,,cuzk:ruian,survey,,,,,,,,,,,,,,,,,,,,,,,,,,,,,,,,https://www.kavarnanasumave.cz/,,,,,,,,,,,,,,,
node/1322945790,node/1322945790,,Praha,178,,,,178/10,,11800,Thunovská,10,,,,,pub,,,,,,,,,,,,,,,,,,,,,,,,,,,,,,,,,,,,,,,,,,,,,,,,,,,,,,,,,,,,,,,,,draught,,,,,,,,,,,,,,,,,,,,,,,,,,,,,,,,,,,,,,,,,,,,,,,,,,,,,,,,,U Hrocha,,,,,,,,U Hrocha / a vízilóhoz,,У бегемота,,,,,,,,,,,,Mo-Su 12:00-23:00,,,,,,,,,,,,,,,,,,,,,,,,,,,,,,,,,,,,,,,,,,,,,,,,+420 257 533 389,,,,,,,,,,,,,,,,,,,,,,,,,,,,,,,,,,,,,,,,,local knowledge,,,,,,,,,,,,,,,,,,,,,,,,,,,,,,,,,,,,,,,,,,,,,,,,,
node/1322959740,node/1322959740,,Praha,107,CZ,,,107/1,Hradčany,11800,Loretánské náměstí,1,Praha 1,,,,pub,,,,,,,,,,,,,,,,Kozel,,,,,,,,,,,,,,,,,,,,,,,,,,,,,,,,,,,,,,,,,,,,,,,,,,,,,,,,,,,,,https://www.facebook.com/ucernehovola,,,,,,,,,,,,,,,,,,,,,,,,,,,,,,,,,,,,,,,,,,,,,U Černého vola,,Zum Schwarzen Ochsen,,,,,,U Černého vola / a fekete ökörhöz,,У чёрного вола,,,,,,,,,,,,Mo-Su 10:00-22:00,,,,,,,yes,,,,,,,,,,,,,,,,,,,,,,,,,,,,,,,,,,,,,,,,,,,,,,,,,,,,,,,,,,,,,,,,,,,,,,,,,,,,,,,,,,,cuzk:ruian,survey,,,,,,,,,,,,,,,,,,,,,,,,no,,,,,,,,,,,,,limited,,,,Q31825916,,,cs:U Černého vola,,,
node/1323934500,node/1323934500,,Praha 1,,,,,13,,11000,Dlouhá,,,,,,bar,,,,,,,,,,,,,,,,,,,,,,,,,,,,,,,,,,,,,,,,,,,,,,,,,,,,,,,,,,,,,,,,,,,,,,,,,,,,,,,,,,,,,,,,,,,,,,,,,,,,,,,,,,,,,,,,,,,,,,,,,,Bombay Cocktail Bar,,,,,,,,,,,,,,,,,,,,,,,,,,,,,,,,,,,,,,,,,,,,,,,,,,,,,,,,,,,,,,,,,,,,,,,,,,,,,,,,,,,,,,,,,,,,,,,,,,,,,,,,,,,,,,,,,,,,,,,,,,,,,,,,,,,,,,,,,,,,,,,,,,,,,,,,,,,,,,,,
node/1324022035,node/1324022035,,Praha 1,,,,,732/31,,11000,Dlouhá,,,,,El Mojito Cafe;El Mohito pub&bar;El Mohito pub;El Mohito bar,bar,,,,,,,,,,,,,,,,,,,,,,,,,,2025-01-01,,,,,,,,,,,,,,,,,,,,,,,,,,,,,,,,,,,,,,,,,,,,,,,,,,elmojitocafe@yahoo.it,,,,,,,,,,,,,,,,,,,,,,,,,,,,,,,,,,,,,,,,,,,,,,El Mojito,,,,,,,,,,,,,,,,,,,,,,,,,,,,,,,,,,,,,,,,,,,,,,,,,,,,,,,,,,,,,,,,,,,,,,+420 776 872 989,,,,,,,,,,,,,,,,,,,,,,,,,,,,,,,,,,,,,,,,,,,,,,,,,,,,,,,,,,,,,,,,,,,,,,,,,,,https://www.elmojito.cz/,,,,,,,,,,,,,,,
node/1324060376,node/1324060376,,,,,,,8,,,Orlická,,,,,,bar,,,,,,,,,,,,,,,,,,,,,,,,,,,,,,,,,,,,,,,,,,,,,,,,,,,,,,,,,,,,,,,,,,,,,,,,,,,,,,,,,,,,,,,,,,yes,,,,,,,,,,,,,,,,,,,,,,,,,,,,,,,,Hapu,,,,,,,,,,,,,,,,,,,,,,,,,,,,,no,,,,,,,,,,,,,,,,,,,,,,,,,,,,,,,,,,,,,,,,,,,,,,,,,,,,,,,,,,,,,,,,,,,,,,,,,,,,,,,,,,,,,,,,,,,,,,,,,,,,,,,,,,,,,,,,,,,,https://www.facebook.com/Hapubar,,,,,,,,,,,,,,,
way/1324400500,way/1324400500,,,,,,,,,,,,,,,,pub,,,,,,,,,,,,,,,,pilsner_urquell;kozel,,,,,,,,,,,,,,,,,,,,,,,,,,,,,,,,,,,,,,,,,,,,,,,,,,,,,,,,,,,,,,,,,,,,,,,,,room,,,,,,,,,,,,,,,,,,0,,,,,,,,,,,,,,,Hospůdka u Kopeckých,,,,,,,,,,,,,,,,,,,,,,Mo-Th 11:00-23:00; Fr 11:00-24:00; Sa 10:00-24:00; Su 10:00-23:00,,,,,,,,,,,,,,,,,,,,,,,,,,,,,,,,,,,,,,,,,,,,,,,,,,,,,,,,,,,,,,,,,,,,,,,,,,,,,,,,,,,,,,outside,,,,,,,,,,,,,,,,,,,,,,,,,,,,,,,,,,,,,,,,,,,,,,,,,,,,center
way/1324402200,way/1324402200,,,,,,,,,,,,,,,,bar,,,,,,,,,,,,,,,,radegast;pilsner_urquell;kozel,,,,,,,,,,,,,,,,,,,,,,,,,,,,,,,,,,,,,,,,,,,,,,,,,,,,,,,,,,,,provozni@sportbargolem.cz,,,,,,,,,,,,,room,,,,,,,,,,,,,,,,,,0,,,,,,,,,,,,,,,Spor bar Golem,,,,,,,,,,,,,,,,,,,,,,Mo-Su 19:00-07:00,,,,,,,,,,,,,,,,,,,,,,,,,,,,,,,,,,,,,,,,,,,,,,,,+420 777 338 481,,,,,,,,,,,,,,,,,,,,,,,,,,,,,,,,,,,,,,,,,,,,,,,,,,,,,,,,,,,,,,,,,,,,,,,,,,,https://www.sportbargolem.cz/,,,,,,,,,,,,,,,center
node/1325078288,node/1325078288,,,,,,,,,,,,,,,,bar,,,,,,,,,,,,,,,,,,,,,,,,,,2023-03-13,,,,,,,,,,,,,,,,,,,,,,,,,,,,,,,,,,,,,,,,,,,,,,,,,,,,,,,,,,,,,,,,,,,,,,,,,,,,,,,,,,,,,,,,,,,,,,,,Blue Light,,,,,,,,,,,,,,,,,,,,,,,,,,,,,,,,,,,,,,,,,,,,,,,,,,,,,,,,,,,,,,,,,,,,,,,,,,,,,,,,,,,,,,,,,,,,,,,,,,,,,,,,,,,,,,,,,,,,,,,,,,,,,,,,,,,,,,,,,,,,,,,,,,,,,,,,,,,,,,,,
node/1325291691,node/1325291691,,Praha,,,,,17,,11000,Melantrichova,,,,,,bar,,,,,,,,,,,,,,,,,,,,,,,,,,,,,,,,,,,,,,,,,,,,,,,,,,,,,,,,,,,,,,,,,,,,,,,,,,,,,,,,,,,,,,,,,,,,,,,,,,,,,,,,,,,,,,,,,,,,,,,,,,Double Trouble,,,,,,,,,,,,,,,,,,,,,,,,,,,,,,,,,,,,,,,,,,,,,,,,,,,,,,,,,,,,,,,,,,,,,,,,,,,,,,,,,,,,,,,,,,,,,,,,,,,,,,,,,,,,,,,,,,,,,,,,,,,,,,,,,,,,,,,,,,,,,,,,,https://www.doubletrouble.cz,,,,,,,,,,,,,,,
node/1325682043,node/1325682043,,,,,,,,,,,,,,,,pub,,,,,,Kácov,,,,,,,,,,,,,,,,,,,,,,,,,,,,,,,,,,,,,,,,,,,,,,,,,,,,,limited,,,,,,,,,,,,,,,,,,,,,,,,,,,,,,,,,,,,,,,,,,,,,,,,,,,,,,,,,,,,,,,U Klokočnika,,,,,,,,,,,,,,,,,,,,,,,,,,,,,,,,,,,,,,,,,,,,,,,,,,,,,,,,,,,,,,,,,,,,,,,,,,,,,,,,,,,,,,,,,,,,,,,,,,,,,,,,,,,,,,,,,,,,,,,,,,,,,,,,,,,,,,,,,no,,,,,,,,,,,,,yes,,,,,,,,,,
node/1337025550,node/1337025550,,,,,,,,,,,,,,,,,,,,,,,,,,,,,,,,,,,,,,,,,,,,,,,,,,,,,,,,,,,,,,,,,,,,,,,,,,,,,,,,,,,,,,,,,,,,,,,,,,,,,,,,,,,,,,,,,,,,,,,,,,,,,,,,,,,,,,,,,,,,,,,,,,,,,,,,,,,,,,,,,,,,,,,,,,,,,,,,,,,,,,,,,,,,,,,,,,,,,,,,,,,,,,,,,,,,,,,,,,,,,,,,,,,,,,,,,,,,,,alcohol,,,,,,,,,,,,,,,,,,,,,,,,,,,,,,,,,,,,,,,,,,,,,,,,,,,,,,,,,,,,
way/1348041369,way/1348041369,,,,,,,,,,,,,,,,,,,,,,,,,,,,,,,Pivovar Chříč,Pivovar Chříč,,,,,,,,,,,,,,,,,,,,,,,,,,,,,,,,,,,,,,,,,,,,,,,,,bottled,,,,,,,no,,,,obchod@pivovarchric.cz,,,,,,,,,,,,,room,,,,,,,,,,,,,,,,,,0,,,,,,,,,,,,,,,Pivovar Chříč - Podniková prodejna,,,,,,,,,,,,,,,,,,,,,,,,,,,Pivovar Chříč,,,,,,,,,,,,yes,yes,,,yes,yes,,yes,,,,,,,,,,,,,,,,,,,,,,,,+420 737 147 231,,,,,,,,,,,,,,,,,,,,,,shop,,,,,,,,alcohol,,,,,,,,,,,,,,,,,,,,,,,,,,,,,,,,,,,,,,,,,,,,,https://obchod.pivovarchric.cz,,,,,,,,,,,,,,,center
node/1369322783,node/1369322783,,,,,,,,,,,,,,,,bar,,,,,,,,,,,,,,,,,,,,,,,,,,,,,,,,,,,,,,,,,,,,,,,,,,,,,,,,,,,,,,,,,,,,,,,,,,,,,,,,,,,,,,,,,,,,,,,,,,,,,,,,,,,,,,,,,,,,,,,,,,Zelená můza,,,,,,,,,,,,,,,,,,,,,,"Mo-Fr 20:00-22:00; Sa,Su off",,,,,,,,,,,,,,,,,,,,,,,,,,,,,,,,,,,,,,,,,,,,,,,,,,,,,,,,,,,,,,,,,,,,,,,,,,,,,,,,,,,,,,,,,,,,,,,,,,,,,,,,,,,,,,,,,,,,,,,,,,,,,,,,,,,,,,,,,,
node/1392184137,node/1392184137,,,,,,,,,,,,,,,,,,,,,,,,,,,,,,,,,,,,,,,,,,2025-05-27,,,,,,,,,,,,,,,,,,,,,,,,,,,,,,,,,,,,,,,,,,,,,,,,,,jirkadudak@centrum.cz,,,,,,,,,,,,,,,,,,,,,,,,,,,,,,,,,,,,,,,,,,,,,,Vinotéka Naskok,,,,,,,,,,,,,,,,,,,,,,Mo-Su 16:00-22:00,,,,,,,,,,,,,,,,,,,,,,,,,,,,,,,,,,,,,,,,,,,,,,,,+420 777 562 964,,,,,,,,,,,,,,,,,,,,,,,,,,,,,,alcohol,,,,,,,,,,,,,,,,,,,,,,,,,,,,,,,,,,,,,,,,,,,,,http://www.sudovevinoadestilaty.cz,,,,,no,,,,,,,,,,
way/1396084871,way/1396084871,,,,,,,,,,,,,no,,,biergarten,,,,,,,,,,,,,,,,,,,,,,,,,,,,,,,,,,,,,,,,,,,,,,,,,,,,,,,,,,,,,,,,,,,,,,,,,,,,,,,,,,,,,,,,,,,,,,,,,,,,,,,,,,,,,,,,,,,,,,,,,,,,,,,,,,,,,,,,,,,,,,,,,,,,,,,yes,,,,,,,,,,,,,,,,,,,,,,,,,,,,,,,,,,,,,,,,,,,,,,,,,,,,,,,,,,,,,,,,,,,,,,,,,,,,,,,,,,,,,,,,,,,,,,,,,,,,,,,,,,,,,,,,,,,,,,,,,,,,,,,,,,,center
node/1409474794,node/1409474794,,,,,,,,,,,,,,,,pub,,,,,,,,,,,,,,,,,,,,,,,,,,,,,,,,,,,,,,,,,,,,,,,,,,,,,,,,,,,,,,,,,,,,,,,,,,,,,,,,,,,,,,,,,,,,,,,,,,,,,,,,,,,,,,,,,,,,,,,,,,Na Hřišti,,,,,,,,,,,,,,,,,,,,,,,,,,,,,,,,,,,,,,,,,,,,,,,,,,,,,,,,,,,,,,,,,,,,,,,,,,,,,,,,,,,,,,,,,,,,,,,,,,,,,,,,,,,,,,,,,,,,,,,,,,,,,,,,,,,,,,,,,,,,,,,,,,,,,,,,,,,,,,,,
node/1425646287,node/1425646287,,,,,,,,,,,,,,,,,,,,,,,,,,,,,,,,,,,,,,,,,,,,,,,,,,,,,,,,,,,,,,,,,,,,,,,,,,,,,,,,,,,,,,,yes,,,,,,,,,,,,,,,,,,,,,,,,,,,,,,,,,,,,,,,,,,,,,,,,,,,Vinotéka R. Mrština,,,,,,,,,,,,,,,,,,,,,,,,,,,,,,,,,,,,,,,,,,,,,,,,,,,,,,,,,,,,,,,,,,,,,,,,,,,,,,,,,,,,,,,,,,,,,,,,,,,,alcohol,,,,,,,,,,,,,,,,,,,,,,,,,,,,,,,,,,,,,,,,,,,,,,,,,,,,,,,,,,,,
node/1427338969,node/1427338969,,,,,,,,,,,,,,,,pub,,,,,,,,,,,,,,,,,,,,,,,,,,,,,,,,,,,,,,,,,,,,,,,,,,,,,,,,,,,,,,,,,,,,,,,,,,,,,,,,,,,,,,,,,,,,,,,,,,,,,,,,,,,,,,,,,,,,,,,,,,Kiosek Říční lázně,,,,,,,,,,,,,,,,,,,,,,,,,,,,,,,,,,,,,,,,,,,,,,,,,,,,,,,,,,,,,,,,,,,,,,,,,,,,,,,,,,,,,,,,,,,,,,,,,,,,,,,,,,,,,,,,,,,,,,,,,,,,,,,,,,,,,,,,,,,,,,,,,,,,,,,,,,,,,,,,
node/1431740983,node/1431740983,,,,,,,,,,,,,,,,pub,,,,,,,,,,,,,,,,,,,,,,,,,,,,,,,,,,,,pivni.jistota,,,,,,,,,,,,,,,,,,,,,,,,,,,,,,,,,,,,,,,,pivni.jistota@gmail.com,,,,,,,,,,,,,,,,,,,,,,,,,,,,,,,,,,,,,,,,,,,,,,Pivní Jistota,,,,,,,,,,,,,,,,,,,,,,Mo-Sa 15:00-23:30; Su 15:00-22:00,,,,,,,no,,,,,,,,,,,,,,,,,,,,,,,,,,,,,,,,,,,,,,,,,+420 725 569 704,,,,,,,,,,,,,,,,,,,,,,,,,,,,,,,,,,,,,,no,,,,,,,,,,,,,,,,,,,,,,,,,,,,,,,,,,,,,http://www.facebook.com/pivni.jistota,,,,http://www.facebook.com/pivni.jistota,,,,,,,,,,,
way/1435020421,way/1435020421,permissive,,,,,,,,,,,,,,,,,,,,,,,,,,,,,,,,,,,,,,,,,,,,,,,,,,,,,,,,,,,,,,,,,,,,,,,,,,,,,,,,,,,,,,,,,,,,,,,opening hours,,,,,,,corridor,,yes,,,,,,,,,,,,,,,,,,,,,,,,,,,,,,,,,Nuselský pivovar,,,,,,,,,,,,,,,,,,,,,,,,,,,,,,,,,,,,,,,,,,,,,,,,,,,,,,,,,,,,,,,,,,,,,,,,,,,,,,,,,,,,,,,,,,,,,,,,,,,,,,,,,,,,,,,,,,,,,,,,,,paving_stones,,,,,,,,,,,,,,,,,,,,,,,,,,,,,,,,,,,,,,center
node/1438166669,node/1438166669,,Praha,,,,,2,,14000,U Družstva Ideál,,,,,,pub,,,,,,,,,,,,,,,,,,,,,,,,,,,,,,,,,,,,,,,,,,,,,,,,,,,,,,,,,,,,,,,,,,,,,,,,,,,,,,,,,,,,,,,,,,,,,,,,,,,,,,,,,,,,,,,,,,,,,,,,,,U Plevů,,,,,,,,,,,,,,,,,,,,,,"Mo-Fr 13:00-22:00; Sa,Su 11:00-22:00",,,,,,,,,,,,,,,,,,,,,,,,,,,,,,,,,,,,,,,,,,,,,,,,,,,,,,,,,,,,,,,,,,,,,,,,,,,,,,,,,,,,,,,,,,,,,,,,,,,,,,,,,,,,,,,,,,,,,,,,,,,,,,,,,,,,,,,,,,
way/1446604689,way/1446604689,,,,,,,,,,,,,,,,biergarten,,,,,,,,,,,,,,,,,,,,,,,,,,,,,,,,,,,,,,,,,,,,,,,,,,,,,,,,,,,,,,,,,,,,,,,,,,,,,,,,,,,,,,,,,,,,,,,,,,,,,,,,,,,,,,,,,,,,,,,,,,,,,,,,,,,,,,,,,,,,,,,,,,,,,,,,,,,,,,,,,,,,,,,,,,,,,,,,,,,,,,,,,,,,,,,,,,,,,,,,,,,,,,,,,,,,,,,,,,,,,,,,,,,,,,,,,,,,,,,,,,,,,,,,,,,,,,,,,,,,,,,,,,,,,,,,,,,,,,,,,,center
node/1456118656,node/1456118656,,,,,,,,,,,,,,,,bar,,,,,,,,,,,,,,,,,,,,,,,,,,,,,,,,,,,,,,,,,,,,,,,regional,,,,,,,,,,,,,,,,,,,,,,,,,,,,,,,,,,,,,,,,,,,,,no,,,,,,,,,,,,,,,,,,,,,,,,,,,,,,WoodHouse Lounge Marina,,,,,,,,,,,,,,,,,,,,,,,,,,,,,,,,,,,,,,,,,,,,,,,,,,,,,,,,,,,,,,,,,,,,,,+420 777 550 005,,,,,,,,,,,,,,,,,,,,,,,,,,,,,,,,,,,,,,outside,,,,,,,,,,,,,,,,,,,,,,,,,,,,,,,,,,,,,https://www.wood-house.cz/,,,,,no,,,,,,,,,,
way/1458320478,way/1458320478,,,,,,,,,,,,,,,,biergarten,,,,,,,,,,,,,,,,,,,,,,,,,,,,,,,,,,,,,,,,,,,,,,,,,,,,,,,,,,,,,,,,,,,,,,,,,,,,,,,,,,,,,,,,,,,,,,,,,,,,,,,,,,,,,,,,,,,,,,,,,,Zahrádky Hostivař,,,,,,,,,,,,,,,,,,,,,,,,,,,,,yes,,,,,,,,,,,,,,,,,,,,,,,,,,,,,,,,,,,,,,,,,,,,,,,,,,,,,,,,,,,,,,,,,,,,,,,,,,,,,,,,,,,,,,,,,,,,,,,,,,,,,,,,,,,,,,,,,,,,,,,,,,,,,,,,,,,center
node/1480273940,node/1480273940,,Praha,301,CZ,,,301/10,Hradčany,11800,Strahovské nádvoří,10,Praha 1,,,,restaurant,,,,,,,,,,,,,,,,,,,,,,,,,,2025-08-19,2023-12-04,,,,,,,,,,,,,,,,,,,,regional;bohemian,no,,,,,,,,,yes,,,,,,,,,,,,,,,,,,,kancelar@klasterni-pivovar.cz,https://www.facebook.com/Pivovar-Strahov-SvNorbert-255900158543/,,,,,,,,,,,,,yes,,wlan,customers,,,,,,,,,,,,,,,,,,,,,,,,yes,,,,,Pivovar Strahov,Pivovar Strahov,,Strahov Brewery,,,,,,,,,,,,,,,,,,,Mo-Su 10:00-22:00,,,,,,,yes,,,,,,,,,,,yes,,,yes,yes,,yes,,,,,no,,,no,,yes,,,,,,no,,,,,yes,,,+420 734 852 382,,,,,,,,,,,,,,,,,,,,,,,,,,,,,,,,,,,,,,,,,,,,,,,,,,,,,,,,,,,,,,,,,,,,,,,,,,,https://www.klasterni-pivovar.cz/,,,,,,,,,,,,,,,
node/1483568068,node/1483568068,,Praha,,CZ,,,,Vinohrady,,Havlíčkovy sady,,Praha 2,,,,bar,,,,,,,,,,,,,,,,,,,,,,,,,,,,,,,,,,,,,,,,,,,,,,,,,,,,,,,,,,,,,,,,,,,,,,,yes,,,,,,https://www.facebook.com/Sklep-Grébovka-295561175377/,,,,,,,,,,,,,,,,,,,,,,,,,,,,,,,,,,,,,,,,,,,,,Sklep Grébovka,,,,,,,,,,,,,,,,,,,,,,Fr 14:00-21:00,,,,,,,,,,,,,,,,,,,,,,,,,,,,,,,,,,,,,,,,,,,,,,,,+420 774 803 293,,,,,,,,,,,,,,,,,,,,,,,,,,,,,,alcohol,,,,,,,,,,,,,,,,,,,,,,,,,,,,,,,,,,,,,,,,,,,,,http://www.sklepgrebovka.cz/,,,,,,,,,,,,,,,
way/1486277517,way/1486277517,,,,,,,,,,,,,,,,,,,,,,,,,,,,,,,,,,,,,,,,,,,,,,,,,,,,,,,,,,,,,,,,,,,,,,,,,,,,,,,,,,,,,,,,,,,,,,,,,,,,,,,residential,,,,,,,,,,,,,,,,,,,,,,yes,,,,,,30,CZ:zone30,,,,,,Pivoňková,,Päonienzeile,,,Q147105,,,,,,,,,,,,,,,,,,,,,,,,,,,no,,lane,parallel,,,,,,,,,,,,,,,,,,,,,,,,,,,,,,,,,,,,,,,,,,,,,,,,,,,,,,,,,,,,,,,,,,,,separate,,,,,,,,,,,,,,,,,,,asphalt,,,,,,,,,,,,,,,,,,,,,,,,,,,,,,,,,,,,,30,center
node/1490377657,node/1490377657,,Praha,460,CZ,,,460/15,Holešovice,17000,Františka Křížka,15,Praha 7,yes,,,bar,,,,,,,,,,,,,,,,,,,,,,,,,,,,,,,,,,,,,,,,,,,,,,,,,,,,,,,,,,,,,,,,,,,,,,,,,,,,,,,,,,,,,,,,,,yes,,wlan,no,,,,,,,,,,,,,,,,,,,,,,,,,,,,,Bio Oko,,,,,,,,,,,,,,,,,,,,,,"Mo-Fr 00:00-01:00,10:00-24:00; Sa,Su 00:00-01:00,11:00-24:00",,,,,,,no,,,,,,,,,,,,,,,yes,,yes,,,,,,,,,,,,,,,,,,,,,,,,+420 776 622 940,,,,,,,,,,,,,,,,,,,,,,,,,,,,,,,,,,,,,,no,,,,cuzk:ruian,survey,,,,,,,,,,,,,,,,,,,,,,,,,,,,,,,,https://www.biooko.net/,,,,,,,,,,,,,,,
node/1493298559,node/1493298559,,,,,,,346,,160 00,Kafkova,,,,,,,,,,,,,,,,,,,,,,,,,,,,,,,,,,,,,,,,,,pages/Dejvicky-Vinny-Sklipek/205489979478300,,,,,,,,,,,,,,,,,,,,,,,,,,,,,,,,,,,yes,,,,,,,,,,,,,,,,,,,,,,,,,,,,,,,,,,,,,,,,,,,,,,,,,,,Dejvický vinný sklípek,,,,,,,,,,,,,,,,,,,,,,Mo-Th 16:00-21:30; Fr 15:00-22:00,,,,,,,,,,,,,,,,,,,,,,,,,,,,,,,,,,,,,,,,,,,,,,,,+420 724 734 743,,,,,,,,,,,,,,,,,,,,,,,,,,,,,,alcohol,,,,,,,,,,,,,,,,,,,,,,,,,,,,,,,,,,,,,,,,,,,,,https://www.facebook.com/pages/Dejvicky-Vinny-Sklipek/205489979478300?fref=ts,,,,,,,,,,,,,,,
node/1493298566,node/1493298566,,,,,,,,,,,,,,,,,,,,,,,,,,,,,,,,,,,,,,,,,,,,,,,,,,,,,,,,,,,,,,,,,,,,,,,,,,,,,,,,,,,,,,,,,,,,,,,,,,,,,,,,,,,,,,,,,,,,,,,,,,,,,,,,,,,,,,,,,,Global Wines & Spirits,,,,,,,,,,,,,,,,,,,,,,"Mo-Fr 10:00-20:00, Sa 09:00-13:00",,,,,,,,,,,,,,,,,,,,,,,,,,,,,,,,,,,,,,,,,,,,,,,,,,,,,,,,,,,,,,,,,,,,,,,,,,,,,,alcohol,,,,,,,,,,,,,,,,,,,,,,,,,,,,,,,,,,,,,,,,,,,,,https://www.global-wines.cz/,,,,,,,,,,,,,,,
way/1520534510,way/1520534510,,,,,,,,,,,,,,,,,,,,,,,,,,,,,,,,,,,,,,,,,,,,,,,,,,,,,,,,,,,,,,,,,,,,,,,,,,,,,,,,,,,,,,,,,,,,,,,,,,,,,,,residential,,,,,,,,,,,,,,,,,,,,,,yes,,,,,,30,CZ:zone30,,,,,,U Vysočanského pivovaru,,,,,,,,,,,,,,,,,,,yes,,,,,,,,,,,,,,,,,,,,,,,,,,,,,,,,,,,,,,,,,,,,,,,,,,,,,,,,,,,,,,,,,,,,,,,,,,,,,,,,,,,no,,,,,,,good,,,,,,,,,,,,,asphalt,,,,,,,,,,,,,,,,,,,,,,,,,,,,,,,,,,,,,30,center
node/1529352793,node/1529352793,,,,,,,,,,,,,,,,,,,,,,,,,,,,,,,,,,,,,,,,,,,,,,,,,,,,,,,,,,,,,,,,,,,,,,,,,,,,,,,,,,,,,,,yes,,,,,,,,,,,,,,,,,,,,,,,,,,,,,,,,,,,,,,,,,,,,,,,,,,,Pálavská vinárna,,,,,,,,,,,,,,,,,,,,,,,,,,,,,,,,,,,,,,,,,,,,,,,,,,,,,,,,,,,,,,,,,,,,,,,,,,,,,,,,,,,,,,,,,,,,,,,,,,,,alcohol,,,,,,,,,,,,,,,,,,,,,,,,,,,,,,,,,,,,,,,,,,,,,,,,,,,,,,,,,,,,
node/1538110238,node/1538110238,,Praha,,,,,,,10600,K Prádelně,,,,,,pub,,,,,,,,,,,,,,,,,,,,,,,,,,2024-08-21,2023-10-22,,,,,,,,,,,,,,,,,,,,,no,,,,,,,,,,,,,,,,,,,,,,,,,,,,,,,,,,,,,,,,,,,,,,,,,,,,,,,,,,,,,,,,,,,,,,,,,,Hamerský sklípek,,,,,,,,,,,,,,,,,,,,,,,,,,,,,,,,,,,,,,,,,,,,,,,,,,,,https://www.qerko.com,no,,,,,,,,,,,,,,,,,,,,,,,,,,,,,,,,,,,,,,,,,,,,,,,,,,,,,,,,,,,,,,,,,,,,,,,,,,,,,,,,,,,,,,,,,,,,http://hamerskysklipek.cz/,,,,,,,,,,,,,,,
node/1555858844,node/1555858844,,,,,,,,,,,,,,,,pub,,,,,,,,,,,,,,,,,,,,,,,,,,,,,,,,,,,,,,,,,,,,,,,,,,,,,,,,,,,,,,,,,,,,,,,,,,,,,,,,,,,,,,,,,,,,,,,,,,,,,,,,,,,,,,,,,,,,,,,,,,U Jeníčka,,,,,,,,,,,,,,,,,,,,,,11:00-24:00,,,,,,,,,,,,,,,,,,,,,,,,,,,,,,,,,,,,,,,,,,,,,,,,,,,,,,,,,,,,,,,,,,,,,,,,,,,,,,,,,,,,,,yes,,,,,,,,,,,,,,,,,,,,,,,,,,,,,,,,,,,,,,,,,,,,,,,,,,,,
node/1557970798,node/1557970798,,Praha 8,,,,,143,,18000,Zenklova,,,,,,pub,,,,,,,,,,,,,,,,pilsner_urquell;svijany;gambrinus,,,,,,,,,,,,,,,,,,,,https://www.facebook.com/Na-Korábě-U-Prcka,,,,,,,,,,,,,,,,,,,,,,,,,,,,,,,,,,,,,,,,,,,,,,,,,,,,,,,,,,,,,,,,,,,,,,,,,,,,,,,,,,,,,,U Prcka,,,,,,,,,,,,,,,,,,,,,,"Mo-Fr 11:00-23:00; Sa,Su 14:00-22:00",,,,,,,,,,,,,,,,,,,,yes,,no,,,,,,,,,,,,,,,,,yes,,,,,,,,,,,,,,,,,,,,,,,,,,,,,,,,,,,,,,,,,,,,,,,outside,,,,,,,,,,,,,,,,,,,,,,,,,,,,,,,,,,,,,https://hospudka-uprcka0.webnode.cz/,,,,,no,,,,,,,,,,
node/1557970956,node/1557970956,,,,,,,,,,,,,,,,bar,,,,,,,,,,,,,,,,,,,,,,,,,,,,,,,,,,,,,,,,,,,,,,,,,,,,,,,,,,,,,,,,,,,,,,,,,,,,,,,,,,,,,,,,,,,,wlan,,,,,,,,,,,,,,,,,,,,,,,,,,,,,,Enjoy,,,,,,,,,,,,,,,,,,,,,,,,,,,,,,,,,,,,,,,,,,,,,,,,,,,,,,,,,,,,,,,,,,,,,,,,,,,,,,,,,,,,,,,,,,,,,,,,,,,,,,,,,,,,,,,,,,,,,,,,,,,,,,,,,,,,,,,,,,,,,,,,,,,,,,,,,,,,,,,,
node/1583333878,node/1583333878,,Praha 3,,,,,8,,,Jagellonská,,,,,,bar,,,,,,,,,,,,,,,,,,,,,,,,,,2025-11-12,,,2025-11-12,,,,,,,,,,,,,,,,,,,,,,,,,,,,,,,,,,,,,,,,,,yes,,,,,,,,,,,,,,,,,,,,,,,,,,,,,,,,,,,,,,,,,,,,,,,,,,,U posledního soudu,,,,,,,,,,,,,,,,,,,,,,"Mo-Fr 17:00-21:45; Su,PH 18:00-21:45",,,,,,,,,,,,,,,,,,,,,,,,,,,,,,,,,,,,,,,,,,,,,,,,,,,,,,,,,,,,,,,,,,,,,,,,,,,,,,,,,,,,,,,,,,,,,,,,,,,,,,,,,,,,,,,,,,,,,,,,,,,,,,,,,,,,,,,,,,
node/1590856140,node/1590856140,,,,,,,,,,,,,,,,pub,,,,,,,,,,,,,,,,,,,,,,,,,,,,,2026-05-30,,,,,,,,,,,,,,,,,,,,,,,,,,,,,,,,,,,,,,,,,,,,,,,,,,,,,,,,,,,,,,,wlan,,,,,,,,,,,,,,,,,,,,,,,,,,,,,,Na Zápraží,,,,,,,,,,,,,,,,,,,,,,Mo-Su 14:00-23:00,,,,,,,,,,,,,,,,,,,,,,,,,,,,,,,,,,,,,,,,,,,,,,,,,,,,,,,,,,,,,,,,,,,,,,,,,,,,,,,,,,,,,,,,,,,,,,,,,,,,,,,,,,,,,,,,,,,,,,,,,,,,,,,,,,,,,,,,,,
node/1633669171,node/1633669171,,,,,,,,,,,,,no,,,pub,,,,,,,,,,,,,,,,Staropramen,,,,,,,,,,,,,,,,,,,,,,,,,,,,,,,,,,,,,,,,,,,,,,,,,,,,,,,,,,,,,,,,,,,,,,,,,,yes,,,,,,,,,,,,,,,,,,,,,,,,,,,,,,,,Pod hájem,,,,,,,,,,,,,,,,,,,,,,"Mo-Fr 11:00-22:00; Sa,Su 14:00-21:00",,,,,,,terrace,,,,,,,,,,,,,,,,,,,,,,,,,,,,,,,,,,,,,,,,,,,,,,,,,,,,,,,,,,,,,,,,,,,,,,,,,,,,,,,outside,,,,,,,,,,,,,,,,,,,,,,,,,,,,,,,,,,,,,,,,,,,,,,,,,,,,
node/1680404567,node/1680404567,,,,,,,,,,,,,no,,,bar,,,,,,,,,,,,,,,,,,,,,,,,,,,,,2026-06-30,,,,,,,,,,,,,,,,,,,,,,,,,,,,,,,,,,,,,,,,,,,,,,,,,,,,,,,,,,,,,yes,,,,,,,,,,,,,,,,,,,,,,,,,,,,,,,,Palliardi bar café,,,,,,,,,,,,,,,,,,,,,,Mo-Su 10:00-23:00,,,,,,,yes,,,,,,,,,,,,,,,yes,,yes,,,,,,,,,,,,,,,,,,,,,,,,,,,,,,,,,,,,,,,,,,,,,,,,,,,,,,,,,,,,,,yes,,,,,,,,,,,,,,,,,,,,,,,,,,,,,,,,,,,,,,,,,,no,,,,,,,,,,
node/1682874334,node/1682874334,,,,,,,,,,,,,,,,bar,,,,,,,,,,,,,,,,,,,,,,,,,,,,,,,,,,,,,,,,,,,,,,,,,,,,,,,,,,,,,,,,,,,,,,,,,,,,,,,,,,,,,,,,,,yes,,,,,,,,,,,,,,,,,,,,,,,,,,,,,,,,Vinárna Křižík,,,,,,,,,,,,,,,,,,,,,,"Mo-Fr 12:00-23:30; Sa,Su 14:30-23:30",,,,,,,no,,,,,,,,,,,,,,,,,,,,,,,,,,,,,,,,,,,,,,,,,,,,,,,,,,,,,,,,,,,,,,,,,,,,,,,,,,,,,,,,,,,,,,,,,,,,,,,,,,,,,,,,,,,,,,,,,,,,,,,,,no,,,,,,,,,,
node/1690518527,node/1690518527,,,,,,,40,,18000,Primátorská,,,,,,pub,,,,,,,,,,,,,,,,,,,,,,,,,,,,,,,,,,,,,,,,,,,,,,,,,,,,,,,,,,,,,,,,,,,,,,,,,,,,,,,,,,,,,,,,,,,,,,,,,,,,,,,,,,,,,,,,,,,,,,,,,,U Jarolímků,,,,,,,,,,,,,,,,,,,,,,"Mo-Th 11:00-22:00; Sa,Su 12:00-22:00; Fr 11:00-23:00",,,,,,,,,,,,,,,,,,,,,,no,,no,,,,,,,,,,,,,,,,,,,,,,,,,,,,,,,,,,,,,,,,,,,,,,,,,,,,,,,,,,,,,,,,,,,,,,,,,,,,,,,,,,,,,,,,,,,,,,,,,,,https://www.ujarolimku.com/,,,,,,,,,,,,,,,
node/1710005530,node/1710005530,,,,,,,,,,,,,,,,,,,,,,,,,,,,,,,,,,,,,,,,,,,,,,,,,,,,,,,,,,,,,,,,,,,,,,,,,,,,,,,,,,,,,,,,,,,,,,,,,,,,,,,,,,,,,,,,,,,,,,,,,,,,,,,,,,,,,,,,,,,,,,,,,,,,,,,,,,,,,,,,,,,,,,,,,,,,,,,,,,,,,,,,,,,,,,,,,,,,,,,,,,,,,,,,,,,,,,,,,,,,,,,,,,,,,,,,,,,,,,alcohol,,,,,,,,,,,,,,,,,,,,,,,,,,,,,,,,,,,,,,,,,,,,,,,,,,yes,,,,,,,,,,
node/1710160438,node/1710160438,,,,,,,,,,Veronské Náměstí 403,,,,,,bar,,,,,,,,,,,,,,,,,,,,,,,,,,,,,,,,,,,,,,,,,,,,,,,,,,,,,,,,,,,,,,,,,,,,,,,,,,,,,,,,,,,,,,,,,,,,wlan,no,,,,,,,,,,,,,,,,,,,,,,,,,,,,,Sport Bar Nonstop,,,,,,,,,,,,,,,,,,,,,,24/7,,,,,,,,,,,,,,,,,,,,,,,,,,,,,,,,,,,,,,,,,,,,,,,,,,,,,,,,,,,,,,,,,,,,,,,,,,,,,,,,,,,,,,,,,,,,,,,,,,,,,,,,,,,,,,,,,,,,,,,,,,,,,,,,,,,,,,,,,,
node/1711799892,node/1711799892,,,,,,,,,19800,Cíglerova,,,,,,pub,,,,,,,,,,,,,,,,,,,,,,,,,,,,,,,,,,,,,,,,,,,,,,,,,,,,,,,,,,,,,,,,,,,,,,,,,,,,,,,,,,,,,,,,,,,,wlan,,,,,,,,,,,,,,,,,,,,,,,,,,,,,,Sparta,,,,,,,,,,,,,,,,,,,,,,,,,,,,,,,,,,,,,,,,,,,,,,,,,,,,,,,,,,,,,,,,,,,,,,,,,,,,,,,,,,,,,,,,,,,,,,,,,,,,,,,,,,,,,,,,,,,,,,,,,,,,,,,,,,,,,,,,,,,,,,,,,,,,,,,,,,,,,,,,
node/1712556993,node/1712556993,,,,,,,,,,,,,,,,pub,,,,,,,,,,,,,,,,,,,,,,,,,,,,,,,,,,,,,,,,,,,,,,,,,,,,,,,,,,,,,,,,,,,,,,,,,,,,,,,,,,,,,,,,,,,,,,,,,,,,,,,,,,,,,,,,,,,,,,,,,,Na Cvičišti,,,,,,,,,,,,,,,,,,,,,,,,,,,,,,,,,,,,,,,,,,,,,,,,,,,,,,,,,,,,,,,,,,,,,,,,,,,,,,,,,,,,,,,,,,,,,,,,,,,,,,,,,,,,,,,,,,,,,,,,,,,,,,,,,,,,,,,,,,,,,,,,,,,,,,,,,,,,,,,,
node/1714579117,node/1714579117,,,,,,,,,,,,,,,,bar,,,,,,,,,,,,,,,,,,,,,,,,,,,,,,,,,,,,,,,,,,,,,,,,,,,,,,,,,,,,,,,,,,,,,,,,,,,,,,,,,,,,,,,,,,,,,,,,,,,,,,,,,,,,,,,,,,,,,,,,,,Bar Práce,,,,,,,,,,,,,,,,,,,,,,,,,,,,,,,,,,,,,,,,,,,,,,,,,,,,,,,,,,,,,,,,,,,,,,,,,,,,,,,,,,,,,,,,,,,,,,,,,,,,,,,,,,,,,,,,,,,,,,,,,,,,,,,,,,,,,,,,,,,,,,,,,,,,,,,,,,,,,,,,
node/1722092770,node/1722092770,,,,,,Restaurace Obžerství,327,,10900,Jakobiho,,,,,,restaurant,,,,,,,,,,,,,,,,,,,,,,,,,,,,,,,,,,,,,,,,,,,,,,,,,,,,,,,,,,,,,,,,,,,,,,,,,,,,obzerstvi@seznam.cz,,,,,,,,,,,,,,,,wlan,,,,,,,,,,,,,,,,,,,,,,,,,,,,,,Jakobi Pivnice,,,,,,,,,,,,,,,,,,,,,,"Mo-Fr 00:00-01:00,11:30-24:00; Sa,Su 00:00-01:00,13:00-24:00",,,,,,,,,,,,,,,,,,,,,,,,,,,,,,,,,,,,,,,,,,,,,,,,+420 774 879 697,,,,,,,,,,,,,,,,,,,,,,,,,,,,,,,,,,,,,,,,,,,,,,,,,,,,,,,,,,,,,,,,,,,,,,,,,,,http://www.obzerstvi.cz/,,,,,,,,,,,,,,,
node/1726496166,node/1726496166,,,,,,,688/8,,170 00,Milady Horákové,,,,,,bar,,,,,,,,,,,,,,,,,,,,,,,,,,,2025-05-14,,,,,,,,,,,,,,,,,,,,breakfast,,,,,,,,,,,,,,,,,,,,,,,,,,,,,,,,,,,,,,,,,,,,,,,,,,,,,,,,,,,,,,,,,,,,,,,,,,,Cobra,,,,,,,,,,,,,,,,,,,,,,"Mo 11:30-24:00, Tu-Th 11:30-01:00, Fr 11:30-02:00, Sa 10:00-02:00",,,,,,,,,,,,,,,,,,,,,,yes,,yes,,,,,,,,,,,,,,,,,,yes,,,,,,+420 777 355 876,,,,,,,,,,,,,,,,,,,,,,,,,,,,,,,,,,,,,,,,,,,,,,,,,,,,,,,,,,,,,,,,,,,,,,,,,,,https://barcobra.cz/,,,,,no,,,,,,,,,,
node/1736152126,node/1736152126,,Praha,410,CZ,,,410,Lipence,15531,U Kazína,,Praha-Lipence,,,,pub,,,,,,,,,,,,,,,,Gambrinus,,,,,,,,,,,,,,,,,,,,,,,,,,,,,,,,,,,,"V sezoně otevíráme ve 12.00, o víkendech ještě dříve a zavíráme s posledním hostem",,,,,,,,,,,,,,,,,,,,,,,,,,,,,,,,,,,,,,,,wlan,,,,,,,,,,,,,,,,,,,,,,,,,,,,,,Tornádo,,,,,,,,,,,,,,,,,,,,,,,,,,,,,yes,,,,,,,,,,,,,,,,,,,,,,,,,,,,,,,,,,,,,,,,,,,,,,,,,,,,,,,,,,,,,,,,,,,,,,,,,,,,,,,,,,,cuzk:ruian,survey,,,,,,,,,,,,,,,,,,,,,,,,,,,,,,,,http://restauracetornado.cz/,,,,,,,,,,,,,,,
node/1757124595,node/1757124595,,,,,,,,,,,,,,,,pub,,,,,,,,,,,,,,,,,,,,,,,,,,,,,,,,,,,,,,,,,,,,,,,,,,,,,,,,,,,,,,,,,,,,,,,,,,,,,,,,,,,,,,,,,,yes,,,,,,,,,,,,,,,,,,,,,,,,,,,,,,,,U Ulrichů,,,,,,,,,,,,,,,,,,,,,,,,,,,,,yes,,,,,,,,,,,,,,,,,,,,,,,,,,,,,,,,,,,,,,,,,,,,,,,,,,,,,,,,,,,,,,,,,,,,,,,,,,,,,,,yes,,,,,,,,,,,,,,,,,,,,,,,,,,,,,,,,,,,,,,,,,,,,,,,,,,,,
node/1758218285,node/1758218285,,,,,,,,,,,,,,,,pub,,,,,,,,,,,,,,,,,,,,,,,,,,,2025-05-14,,,,,,,,,,,,,,,,,,,,,,,,,,,,,,,,,,,,,,,,,,,,,,,,,,,,,,,,,,,,,,,,,,,,,,,,,,,,,,,,,,,,,,,,,,,,,,,U čtyř bernardýnů,,,,,,,,,,,,,,,,,,,,,,,,,,,,,,,,,,,,,,,,,,,,,,,,,,,,,,,,,,,,,,,,yes,,,,,,,,,,,,,,,,,,,,,,,,,,,,,,,,,,,,,,,,,,,,,,,local knowledge,,,,,,,,,,,,,,,,,,,,,,,,,,,,,,,,,,http://www.uctyrbernardynu.cz/,,,,,,,,,,,,,,,
node/1760786839,node/1760786839,,Praha,1965,CZ,,,1965/4,Nové Město,12800,Benátská,4,Praha 2,,,,pub,,,,,,,,,,,,,,,,,,,,,,,,,,,,,,,,,,,,,,,,,,,,,,,,,,,,Studentský klub Přírodovědecké fakulty UK,,,,,,,,,,,,,,,,,,,,,,,,,https://www.facebook.com/pages/Mrtvá-ryba-187716801292837/,,,,,,,,,,,,,,,,,,,,,,,,,,,,,,,,,,,,,,,,,,,,,Mrtvá ryba,,,,,,,,,,,,,,,,,,,,,,Mo-Th 09:00-00:30; Su 18:00-23:00; Fr 11:00-00:30,,,,,,,yes,,,,,,,,,,,,,,,,,,,,,,,,,,,,,,,,,,,,,,,,,+420 603 453 494,,,,,,,,,,,,,,,,,,,,,,,,,,,,,,,,,,,,,,,,,,cuzk:ruian,survey,,,,,,,,,,,,,,,,,,,,,,,,,,,,,,,,,,,,,,,,,,,,,,,
node/1761229313,node/1761229313,,,,,,,,,,,,,,,,bar,,,,,,,,,,,,,,,,,,,,,,,,,,,,,,,,,,,,,,,,,,,,,,,,,,,,,,,,,,,,,,,,,,,,,,,,,,,,,,,,,,,,,,,,,,,,,,,,,,,,,,,,,,,,,,,,,,,,,,,,,,Vinárna U Venouše,,,,,,,,,,,,,,,,,,,,,,Mo-Fr 15:00-23:00; Sa 17:00-23:00; Su 17:00-21:00,,,,,,,,,,,,,,,,,,,,,,,,,,,,,,,,,,,,,,,,,,,,,,,,,,,,,,,,,,,,,,,,,,,,,,,,,,,,,,,,,,,,,,,,,,,,,,,,,,,,,,,,,,,,,,,,,,,,,,,,,,,,,,,,,,,,,,,,,,
node/1766052588,node/1766052588,,,,,,,,,,,,,,,,pub,,,,,,,,,,,,,,,,,,,,,,,,,,,,,,,,,,,,,,,,,,,,,,,,,,,,,,,,,,,,,,,,,,,,,,,,,,,,,,,,,,,,,,,,,,,,,,,,,,,,,,,,,,,,,,,,,,,,,,,,,,Modřanský biograf,,,,,,,,,,,,,,,,,,,,,,,,,,,,,,,,,,,,,,,,,,,,,,,,,,,,,,,,,,,,,,,,,,,,,,,,,,,,,,,,,,,,,,,,,,,,,,,,,,,,,,,,,,,,,,,,,,,,,,,,,,,,,,,,,,,,,,,,,,,,,,,,,,,,,,limited,,,,,,,,,,
node/1776247792,node/1776247792,,,,,,,,,,,,,,,,pub,,,,,,,,,,,,,,,,,,,,,,,,,,,,,,,,,,,,,,,,,,,,,,,,,,,,,,,,,,,,,,,,,,,,,,,,,,,,,,,,,,,,,,,,,,,,,,,,,,,,,,,,,,,,,,,,,,,,,,,,,,Herna & bar,,,,,,,,,,,,,,,,,,,,,,,,,,,,,,,,,,,,,,,,,,,,,,,,,,,,,,,,,,,,,,,,,,,,,,,,,,,,,,,,,,,,,,,,,,,,,,,,,,,,,,,,,,,,,,,,,,,,,,,,,,,,,,,,,,,,,,,,,,,,,,,,,,,,,,,,,,,,,,,,
node/1776248073,node/1776248073,,,,,,,,,,,,,,,,pub,,,,,,,,,,,,,,,,,,,,,,,,,,2024-09-17,,,,,,,,,,,,,,,,,,,,,,,,,,,,,,,,,,,,,,,,,,,,,,,,,,,,,,,,,,,,,,,,yes,,,,,,,,,,,,,,,,,,,,,,,,,,,,,,,,Oaza,,,,,,,,,,,,,,,,,,,,,,,,,,,,,yes,,,,,,,,,,,,,,,,,,,,,,,,,,,,,,,,,,,,,,,,,,,,,,,,,,,,,,,,,,,,,,,,,,,,,,,,,,,,,,,,,,,,,,,,,,,,,,,,,,,,,,,,,,,,,,,,,,,,,,,,,,,,,,,,,,,
node/1776333105,node/1776333105,,Praha,,,,,,,,,,,,,,pub,,,,,,,,,,,,,,,,,,,,,,,,,,,,,,,,,,,,,,,,,,,,,,,,,,,,,,,,,,,,,,,,,,,,,,,,,,,,,,,,,,,,,,,,,,,,,,,,,,,,,,,,,,,,,,,,,,,,,,,,,,,,,,,,,,,,,,,,,,,,,,,,,,,,,,,,,,,,,,,,,,,,,,,,,,,,,,,,,,,,,,,,,,,,,,,,,,,,,,,,,,,,,,,,,,,,,,,,,,,,,,,,,,,,,,,,,,,,,,,,,,,,,,,,,,,,,,,,,,,,,,,,,,,,,,,,,,,,,,,,,,
node/1776675668,node/1776675668,,Praha,738,CZ,,,738/34,Nusle,14000,Na Veselí,34,Praha 4,,,,pub,,,,,,,,,,,,,,,,,,,,,,,,,,,,,,,,,,,,,,,,,,,,,,,,,,,,,,,,,,,,,,,,,,,,,,,,,,,,,,,,,,,,,,,,,,,,,,,,,,,,,,,,,,,,,,,,,,,,,,,,,,Na Veselí,,,,,,,,,,,,,,,,,,,,,,Mo-Su 15:00-23:00,,,,,,,yes,,,,,,,,,,,,,,,,,,,,,,,,,,,,,,,,,,,,,,,,,,,,,,,,,,,,,,,,,,,,,,,,,,,,,,,,,,,,,,,outside,,,,cuzk:ruian,survey,,,,,,,,,,,,,,,,,,,,,,,,,,,,,,,,,,,,,,,,,,,,,,,
node/1781426835,node/1781426835,,,,,,,,,,,,,,,,pub,,,,,,,,,,,,,,,,,,,,,,,,,,,,,,,,,,,,,,,,,,,,,,,,,,,,,,,,,,,,,,,,,,,,,,,,,,,,,,,,,,,,,,,,,,,,,,,,,,,,,,,,,,,,,,,,,,,,,,,,,,Novodvorská šipka,,,,,,,,,,,,,,,,,,,,,,Mo-Su 09:00-21:30,,,,,,,,,,,,,,,,,,,,,,,,,,,,,,,,,,,,,,,,,,,,,,,,,,,,,,,,,,,,,,,,,,,,,,,,,,,,,,,,,,,,,,,,,,,,,,,,,,,,,,,,,,,,,,,,,,,,,,,,,,,,,,,,,,,,,,,,,,
node/1792376016,node/1792376016,,,,,,,,,,,,,,,,pub,,,,,,,,,,,,,,,,,,,,,,,,,,,,,,,,,,,,,,,,,,,,,,,,,,,,,,,,,,,,,,,,,,,,,,,,,,,,,,,,,,,,,,,,,,,,,,,,,,,,,,,,,,,,,,,,,,,,,,,,,,,,,,,,,,,,,,,,,,,,,,,,,,,,,,,,,,,,,,,,,,,,,,,,,,,,,,,,,,,,,,,,,,,,,,,,,,,,,,,,,,,,,,,,,,,,,,,,,,,,,,,,,,,,,,,,,,,,,,,,,,,,,,,,,,,,,,,,,,,,,,,,,,,,,,,,,,,,,,,,,,
node/1793692925,node/1793692925,,,,,,,,,,,,,,,,pub,,,,,,,,,,,,,,,,,,,,,,,,,,,,,,,,,,,,,,,,,,,,,,,,,,,,,,,,,,,,,,,,,,,,,,,,,,,,,,,,,,,,,,,,,,,,,,,,,,,,,,,,,,,,,,,,,,,,,,,,,,Kocour,,,,,,,,,,,,,,,,,,,,,,,,,,,,,,,,,,,,,,,,,,,,,,,,,,,,,,,,,,,,,,,,,,,,,,,,,,,,,,,,,,,,,,,,,,,,,,,,,,,,,,,,,,,,,,,,,,,,,,,,,,,,,,,,,,,,,,,,,,,,,,,,,,,,,,,,,,,,,,,,
node/1794974161,node/1794974161,,,,,,,,,,,,,,,,bar,,,,,,,,,,,,,,,,,,,,,,,,,,,,,,,,,,,,,,,,,,,,,,,,,,,,,,,,,,,,,,,,,,,,,,,,,,,,,,,,,,,,,,,,,,,,wlan,,,,,,,,,,,,,,,,,,,,,,,,,,,,,,Club Bar S5,,,,,,,,,,,,,,,,,,,,,,,,,,,,,,,,,,,,,,,,,,,,,,,,,,,,,,,,,,,,,,,,,,,,,,,,,,,,,,,,,,,,,,,,,,,,,,,,,,,,,,,,,,,,,,,,,,,,,,,,,,,,,,,,,,,,,,,,,,,,,,,,,,,,,,,,,,,,,,,,
node/1796323018,node/1796323018,,,,,,,,,,,,,,,,pub,,,,,,,,,,,,,,,,,,,,,,,,,,,,,,,,,,,,,,,,,,,,,,,,,,,,,,,,,,,,,,,,,,,,,,,,,,,,,,,,,,,,,,,,,,,,,,,,,,,,,,,,,,,,,,,,,,,,,,,,,,,,,,,,,,,,,,,,,,,,,,,,,,,,,,,,,,,,,,,,,,,,,,,,,,,,,,,,,,,,,,,,,,,,,,,,,,,,,,,,,,,,,,,,,,,,,,,,,,,,,,,,,,,,,,,,,,,,,,,,,,,,,,,,,,,,,,,,,,,,,,,,,,,,,,,,,,,,,,,,,,
node/1797215116,node/1797215116,,,,,,,,,,,,,,,,pub,,,,,,,,,,,,,,,,,,,,,,,,,,,,,,,,,,,,,,,,,,,,,,,,,,,,,,,,,,,,,,,,,,,,,,,,,,,,,,,,,,,,,,,,,,,,,,,,,,,,,,,,,,,,,,,,,,,,,,,,,,Bistro minigolf,,,,,,,,,,,,,,,,,,,,,,,,,,,,,,,,,,,,,,,,,,,,,,,,,,,,,,,,,,,,,,,,,,,,,,,,,,,,,,,,,,,,,,,,,,,,,,,,,,,,,,,,,,,,,,,,,,,,,,,,,,,,,,,,,,,,,,,,,,,,,,,,,,,,,,,,,,,,,,,,
node/1803894998,node/1803894998,,,,,,,,,,,,,,,,pub,,,,,,,,,,,,,,,,,,,,,,,,,,,,,,,,,,,,,,,,,,,,,,,,,,,,,,,,,,,,,,,,,,,,,,,,,,,,,,,,,,,,,,,,,,,,,,,,,,,,,,,,,,,,,,,,,,,,,,,,,,Na Zastávce,,,,,,,,,,,,,,,,,,,,,,,,,,,,,,,,,,,,,,,,,,,,,,,,,,,,,,,,,,,,,,,,,,,,,,,,,,,,,,,,,,,,,,,,,,,,,,,,,,,,,,,,,,,,,,,,,,,,,,,,,,,,,,,,,,,,,,,,,,,,,,,,,,,,,,,,,,,,,,,,
node/1813612145,node/1813612145,,,,,,,,,,,,,,,,pub,,,,,,,,,,,,,,,,,,,,,,,,,,,,,,,,,,,,,,,,,,,,,,,,,,,,,,,,,,,,,,,,,,,,,,,,,,,,,,,,,,,,,,,,,,,,,,,,,,,,,,,,,,,,,,,,,,,,,,,,,,Stánek,,,,,,,,,,,,,,,,,,,,,,,,,,,,,,,,,,,,,,,,,,,,,,,,,,,,,,,,,,,,,,,,,,,,,,,,,,,,,,,,,,,,,,,,,,,,,,,,,,,,,,,,,,,,,,,,,,,,,,,,,,,,,,,,,,,,,,,,,,,,,,,,,,,,,,,,,,,,,,,,
node/1813842484,node/1813842484,,Praha,,,,,11,,10100,Minská,,,,,,bar,,,,,,,,,,,,,,,,,,,,,,,,,,,,,,,,,,,,,,,,,,,,,,,,,,,,,,,,,,,,,,,,,,,,,,,,,,,,,,,,,,,,,,,,,,,,,,,,,,,,,,,,,,,,,,,,,,,,,,,,,,Milá tchýně,,,,,,,,,,,,,,,,,,,,,,Mo-Fr 12:00-00:00; Sa-Su 15:00-00:00,,,,,,,,,,,,,,,,,,,,,,,,,,,,,,,,,,,,,,,,,,,,,,,,+420 723 675 950,,,,,,,,,,,,,,,,,,,,,,,,,,,,,,,,,,,,,,,,,,,,,,,,,,,,,,,,,,,,,,,,,,,,,,,,,,,https://www.milatchyne.cz/,,,,,,,,,,,,,,,
node/1813843724,node/1813843724,,,,,,,,,,,,,,,,pub,,,,,,,,,,,,,,,,,,,,,,,,,,,,,,,,,,,,,,,,,,,,,,,,,,,,,,,,,,,,,,,,,,,,,,,,,,,,,,,,,,,,,,,,,,,,,,,,,,,,,,,,,,,,,,,,,,,,,,,,,,U Tří Soudků,,,,,,,,,,,,,,,,,,,,,,,,,,,,,,,,,,,,,,,,,,,,,,,,,,,,,,,,,,,,,,,,,,,,,,,,,,,,,,,,,,,,,,,,,,,,,,,,,,,,,,,,,,,,,,,,,,,,,,,,,,,,,,,,,,,,,,,,,no,,,,,,,,,,,,,limited,,,,,,,,,,
node/1814665946,node/1814665946,,,,,,,,,,,,,,,U Mazané kačeny,pub,,,,,,,,,,,,,,,,,,,,,,,,,,,,,,,,,,,,https://www.facebook.com/mazanakacena/,,,,+420 725 751 212,,http://www.mazanakacena.cz/,,,,,regional,,,,no,,,,,,,,,,,,,,,,,,,,,,,,,mazanakacena@seznam.cz,,,,,,,,,,,,,,,,,,,,,,,,,,,,,,,,,,,Mazaná kačena,,,,,,,,,,,Hospůdka U mazané kačeny,,,,,,,,,,,,,,,,,Pizza Dali,,,,,Mo-Su 11:00-23:00,,,,,,,yes,,,,,,,,,,,,,yes,,yes,,yes,,,,,,,,,yes,yes,,,yes,,yes,,,,,,yes,yes,yes,,,,,,,,,,,,,,,,,,,,,,,,,,,,,,,,,,,,,,,separated,,,,,,,,,,,,,,,,,,yes,,,,,,,,,,,,,,,,,,,,,,,,,,,,,,,,,,
node/1814665947,node/1814665947,,,,,,,,,,,,,,,,pub,,,,,,,,,,,,,,,,,,,,,,,,,,,,,,,,,,,,,,,,,,,,,,,,,,,,,,,,,,,,,,,,,,,,,,,,,,,,,,,,,,,,,,,,,,,,,,,,,,,,,,,,,,,,,,,,,,,,,,,,,,U Zeleného ptáka,,,,,,,,,,,,,,,,,,,,,,Mo-Fr 14:00-02:00;Sa-Su 13:00-02:00,,,,,,,,,,,,,,,,,,,,,,,,,,,,,,,,,,,,,,,,,,,,,,,,,,,,,,,,,,,,,,,,,,,,,,,,,,,,,,,,,,,,,,yes,,,local_knowledge,,,,,,,,,,,,,,,,,,,,,,,,,,,,,,,,,,,,,,,,,,,,,,,,,
node/1820288452,node/1820288452,,,,,,,,,,,,,,,,pub,,,,,,,,,,,,,,,,,,,,,,,,,,,,,,,,,,,,,,,,,,,,,,,,,,,,,,,,,,,,,,,,,,,,,,,,,,,,,,,,,,,,,,,,,,,,,,,,,,,,,,,,,,,,,,,,,,,,,,,,,,,,,,,,,,,,,,,,,,,,,,,,,,,,,,,,,,,,,,,,,,,,,,,,,,,,,,,,,,,,,,,,,,,,,,,,,,,,,,,,,,,,,,,,,,,,,,,,,,,,,,,,,,,,,,,,,,,,,,,,,,,,,,,,,,,,,,,,,,,,,,,,,,,,,,,,,,,,,,,,,,
node/1824638037,node/1824638037,,,,,,,,,,,,,,,,pub,,,,,,,,,,,,,,,,,,,,,,,,,,,,,,,,,,,,,,,,,,,,,,,,,,,,,,,,,,,,,,,,,,,,,,,,,,,,,,,,,,,,,,,,,,,,,,,,,,,,,,,,,,,,,,,,,,,,,,,,,,,,,,,,,,,,,,,,,,,,,,,,,,,,,,,,,,,,,,,,,,,,,,,,,,,,,,,,,,,,,,,,,,,,,,,,,,,,,,,,,,,,,,,,,,,,,,,,,,,,,,,,,,,,,,,,,,,,,,,,,,,,,,,,,,,,,,,,,,,,,,,,,,,,,,,,,,,no,,,,,,,
node/1826764819,node/1826764819,,,,,,,,,,,,,,,,pub,,,,,,,,,,,,,,,,,,,,,,,,,,,,,,,,,,,,,,,,,,,,,,,,,,,,,,,,,,,,,,,,,,,,,,,,,,,,,,,,,,,,,,,,,,,,,,,,,,,,,,,,,,,,,,,,,,,,,,,,,,Bistro u Daltnů,,,,,,,,,,,,,,,,,,,,,,,,,,,,,,,,,,,,,,,,,,,,,,,,,,,,,,,,,,,,,,,,,,,,,,,,,,,,,,,,,,,,,,,,,,,,,,,,,,,,,,,,,,,,,,,,,,,,,,,,,,,,,,,,,,,,,,,,,,,,,,,,,,,,,,,,,no,,,,,,,
node/1871859094,node/1871859094,,,,,,,,,,,,,,,,pub,,,,,,,,,,,,,,,,,,,,,,,,,,,,,,,,,,,,,,,,,,,,,,,,,,,,,,,,,,,,,,,,,,,,,,,,,,,,,,,,,,,,,,,,,,,,,,,,,,,,,,,,,,,,,,,,,,,,,,,,,,Klub Jih,,,,,,,,,,,,,,,,,,,,,,Mo-Th 14:00-24:00; Fr-Su 16:00-24:00,,,,,,,,,,,,,,,,,,,,,,,,,,,,,,,,,,,,,,,,,,,,,,,,,,,,,,,,,,,,,,,,,,,,,,,,,,,,,,,,,,,,,,,,,,,,,,,,,,,,,,,,,,,,,,,,,,,,,,,,,,,,,,,,,,,,,,,,,,
node/1906541324,node/1906541324,,,,,,,,,,,,,,,,,,,,,,,,,,,,,,,,,,,,,,,,,,,,,2025-02-27,,,,,,,,,,,,,,,,,,,,,,,,,,,,,,,,,,,,,,,,,,,,,,,,,,,,,,,,,,,,,,,,,,,,,,,,,,,,,,,,,,,,,,,,,,,,,Vinotéka ve dvoře,,,,,,,,,,,,,,,,,,,,,,Mo-Th 10:00-18:00; Fr 10:00-17:00,,,,,,,,,,,,,,,,,,,,,,,,,,,,,,,,,,,,,,,,,,,,,,,,,,,,,,,,,,,,,,,,,,,,,,,,,,,,,,alcohol,,,,,,,,,,,,,,,,,,,,,,,,,,,,,,,,,,,,,,,,,,,,,https://www.vinoteka-vedvore.cz/,,,,,,,,,,,,,,,
node/1909240010,node/1909240010,,,,,,,,,,,,,,,,biergarten,,,,,,,,,,,,,,,,,,,,,,,,,,2023-05-08,,,,,,,,,,,,,,,,,,,,,,,,,,,,,,,,,,,,,,,,,,,,,,,,,,,,,,,,,,,,,,,,,,,,,,,,,,,,,,,,,,,,,,,,,,,,,,,,,,,,,,,,,,,,,,,,,,,,,,,,,,,,,,,,,,,,,,,,,,,,,,,,,,,,,,,,,,,,,,,,,,,,,,,,,,,,,,,,,,,,,,,,,,,,,,,,,,,,,,,,,,,,,,,,,,,,,,,,,,,,,,,,,,,,,,,,,,,,,,,,,,,,,,,,,,,,,,,,
node/1920012010,node/1920012010,,Praha,577,,,,577/1,,13000,Dalimilova,1,,,,,restaurant,,,,,,,,,,,,,,,,Pernštejn,,,,,,,,,,,,,,,,,,,,,,,,,,,,,,,regional,,,,,,,,,,,,yes,,,,,,,,,,,,,,,,,,,,,,,,,,,,,,,,,,,,,,,,,,,,,,,,,,,,,,,,,,,,,,,Pardubická pivnice U Járy,,,,,,,,,,,,,,,,,,,,,,Mo-Sa 11:00-23:00; Su 11:00-22:00,,,,,,,,,,,,,,,,,,,,,,,,,,,,,,,,,,,,,,,,,,,,,,,,+420 222 521 109,,,,,,,,,,,,,,,,,,,,,,,,,,,,,,,,,,,,,,,,,,,,,,,,,,,,,,,,,,,,,,,,,,,,,,,,,,,https://www.pivniceujary.cz/,,,,,yes,,,,,,,,,,
node/1942387969,node/1942387969,,,,,,,,,,,,,,,,pub,,,,,,,,,,,,,,,,,,,,,,,,,,,,,,,,,,,,,,,,,,,,,,,,,,,,,,,,,,,,,,,,,,,,,,,,,,,,,,,,,,,,,,,,,,,,,,,,,,,,,,,,,,,,,,,,,,,,,,,,,,,,,,,,,,,,,,,,,,,,,,,,,,,,,,,,,,,,,,,,,,,,,,,,,,,,,,,,,,,,,,,,,,,,,,,,,,,,,,,,,,,,,,,,,,,,,,,,,,,,,,,,,,,,,,,,,,,,,,,,,,,,,,,,,,,,,,,,,,,,,,,,,,,,,,,,,,,,,,,,,,
node/1946542433,node/1946542433,,Praha,,,,,3,,11800,Cihelná,,,,,Švejk restaurant Malostranská pivnice,restaurant,,,,,,,,,,,,,,,,,,,,,,,,,,,,,,,,,,,,,,,,,,,,,,,,,,,,,,,,,,,,,,,,,,,,,,,,,,,,,,,,,,,,,,,,,,,,wlan,no,,,,,,,,,,,,,,,,,,,,,,,,,,,,,Malostranská pivnice,,,,,,,,,,,,,,,,,,,,,,"Mo-Su 11:00-24:00; Fr,Sa 00:00-01:00,11:00-24:00",,,,,,,yes,,,,,,,,,,,,,,,,,,,,,,,,,,,,,,,,,,,,,,,,,+420 257 530 032;+420 776 330 853,,,,,,,,,,,,,,,,,,,,,,,,,,,,,,,,,,,,,,,,,,,,,,,,,,,,,,,,,,,,,,,,,,,,,,,,,,,https://www.malostranskapivnice.cz/,,,,,,,,,,,,,,,
node/1946542628,node/1946542628,,Praha,,,,,1,,11000,Smetanovo nábřeží,,,,,,bar,,,,,,,,,,,,,,,,,,,,,,,,,,,,,,,,,,,,,,,,,,,,,,,,,,,,,,,,,,,,,,,,,,,,,,,,,,,,,,,,,,,,,,,,,,,,,,,,,,,,,,,,,,,,,,,,,,,,,,,,,,Ice Pub,,,,,,,,,,,,,,,,,,,,,,12:00-21:00,,,,,,,,,,,,,,,,,,,,,,,,,,,,,,,,,,,,,,,,,,,,,,,,,,,,,,,,,,,,,,,,,,,,,,,,,,,,,,,,,,,,,,,,,,,,,,,,,,,,,,,,,,,,,,,,,,,,,,,,,,,https://www.icepubprague.cz/,,,,,,,,,,,,,,,
node/1947148280,node/1947148280,,Praha 1,,,,,1,,11000,V Kolkovně,,,,,James Dean Prague;James Dean Praha,bar,,,,,,,,,,,,,,,,,,,,,,,,,,,,,,,,,,,,,,,,,,,,,,,,,,,,,,,,,,,,,,,,,,,,,,,,,,,,info@jamesdean.cz,,,,,,,,,,,,,,,,,,,,,,,,,,,,,,,,,,,,,,,,,,,,,,James Dean,,,,,,,,,,,,,,,,,,,,,,Mo-Fr 08:00-04:00;Sa-Su 09:00-04:00;kitchen untill 23:00,,,,,,,,,,,,,,,,,,,,,,,,,,,,,,,,,,,,,,,,,,,,,,,,+420 606 97 97 97,,,,,,,,,,,,,,,,,,,,,,,,,,,,,,,,,,,,,,,,,,,,,,,,,,,,,,,,,,,,,,,,,,,,,,,,,,,https://www.jamesdean.cz/en/home,,,,,no,,,,,,,,,,
node/1948155696,node/1948155696,,Praha,,,,,10,,11000,Staroměstské náměstí,,,,,,bar,,,,,,,,,,,,,,,,,,,,,,,,,,2023-06-01,,,,,,,,,,CaffreysIrishBarPrague,,,,,,,,,,,,,,,,,,,,,,,,,,,,,,,,,,,,,,,,,,,,,,,,,,,,,,,,,,,,,,,,,,,,,,,,,,,,,,,,,,,,,,Caffrey's Irish Bar,,,,,,,,,,,,,,,,,,,,,,,,,,,,,,,,,,,,,,,,,,,,,,,,,,,,,,,,,,,,,,,,,,,,,,(+420) 224828031,,,,,,,,,,,,,,,,,,,,,,,,,,,,,,,,,,,,,,,,,,,,,,,,,,,,,,,,,,,,,,,,,,,,,,,,,,,https://www.caffreys.cz/,,,,,no,,,,,,,,,,
node/1948155699,node/1948155699,,,,,,,,,,,,,,,,,,,,,,,,,,,,,,,,,,,,,,,,,,2024-12-31,,,,,,,,,,,,,,,,,,,,,,,,,,,,,,,,,,,,,,,,,,,,,,,,,,,,,,,,,,,,,,,,,,,,,,,,,,,,,,,,,,,,,,,,,,,,,,,,Le Bourgin,,,,,,,,,,,,,,,,,,,,,,,,,,,,,,,,,,,,,,,,,,,,,,,,,,,,,,,,,,,,,,,,,,,,,,,,,,,,,,,,,,,,,,,,,,,,,,,,,,,,alcohol,,,,,,,,,,,,,,,,,,,,,,,,,,,,,,,,,,,,,,,,,,,,,,,,,,no,,,,,,,,,,
node/1948155707,node/1948155707,,Praha,,,,,2,,11000,Malé náměstí,,,,,,bar,,,,,,,,,,,,,,,,,,,,,,,,,,,,,,,,,,,,,,,,,,,,,,,,,,,,,,,,,,,,,,,,,,,,,,,,,,,,,,,,,,,,,,,,,,,,,,,,,,,,,,,,,,,,,,,,,,,,,,,,,,Prague Coyotes,,,,,,,,,,Бар Койоты,,,,,,,,,,,,,,,,,,,,,,,,,,,,,,,,,,,,,,,,,,,,,,,,,,,,,,,,,,,,,,,,,,,,,,,,,,,,,,,,,,,,,,,,,,,,,,,,,,,,,,,,,,,,,,,,,,,,,,,,,,,,,,,,,,,,,,,,,,,,,,,,,,,,,,
node/1948155711,node/1948155711,,Praha,,,,,29,,11000,Staroměstské náměstí,,,,,,bar,,,,,,,,,,,,,,,,,,,,,,,,,,2026-03-30,,,,,,,,,,,,,,,,,,,,,,,,,,,,,,,,,,,,,,,,,,,,,,,,,,,,,,,,,,,,,,,,,,,,,,,,,,,,,,,,,,,,,,,,,,,,,,,,Black Angel's Bar,,,,,,,,,,,,,,,,,,,,,,Mo-Su 08:00-01:00,,,,,,,,,,,,,,,,,,,,,,,,,,,,,,,,,,,,,,,,,,,,,,,,,,,,,,,,,,,,,,,,,,,,,,,,,,,,,,,,,,,,,,,,,,,,,,,,,,,,,,,,,,,,,,,,,,,,,,,,,,,,,,,,,,,,,,,,,,
node/1977821262,node/1977821262,,,,,,,,,,,,,,,,bar,,,,,,,,,,,,,,,,,,,,,,,,,,2023-09-21,,,,,,,,,,,,,,,,,,,,,,,,,,,,,,,,,,,,,,,,,,,,,,,,,,,,,,,,,,,,,,,,,,,,,,,,,,,,,,,,,,,,,,,,,,,,,,,,Music bar,,,,,,,,,,,,,,,,,,,,,,,,,,,,,,,,,,,,,,,,,,,,,,,,,,,,,,,,,,,,,,,,,,,,,,,,,,,,,,,,,,,,,,,,,,,,,,,,,,,,,,,,,,,,,,,,,,,,,,,,,,,,,,,,,,,,,,,,,no,,,,,,,,,,,,,limited,,,,,,,,,,
node/1977833999,node/1977833999,,Praha,,,,,3,,11000,Liliová,,,,,,bar,,,,,,,,,,,,,,,,,,,,,,,,,,,,,,,,,,,,,,,,,,,,,,,,,,,,,,,,,,,,,,,,,,,,,,,,,,,,,,,,,,,,,,,,,,,,,,,,,,,,,,,,,,,,,,,,,,,,,,,,,,Cash Only Bar,,,,,,,,,,,,,,,,,,,,,,Mo-Su 18:00-02:00,,,,,,,,,,,,,,,,,,,,,,,,,,,,,,,,,,,,,,,,,,,,,,,,+420 778 087 117,,,,,,,,,,,,,,,,,,,,,,,,,,,,,,,,,,,,,,outside,,,,,,,,,,,,,,,,,,,,,,,,,,,,,,,,,,,,,https://cashonlybar.cz/,,,,,no,,,,,,,,,,
node/1977834000,node/1977834000,,Praha,,,,,14,,11000,Liliová,,,,,,pub,,,,,,,,,,,,,,,,,,,,,,,,,,2026-03-30,,,,,,,,,,,,,,,,,,,,,,,,,,,,,,,,,,,,,,,,,,,,,,,,,,,,,,,,,,,,,,,,,,,,,,,,,,,,,,,,,,,,,,,,,,,,,,,,O'Che's bar,,,,,,,,,,,,,,,,,,,,,,,,,,,,,,,,,,,,,,,,,,,,,,,,,,,,,,,,,,,,,,,,,,,,,,,,,,,,,,,,,,,,,,,,,,,,,,,,,,,,,,,,,,,,,,,,,,,,,,,,,,,,,,,,,,,,,,,,,,,,,,,,,,,,,,no,,,,,,,,,,
node/1986853161,node/1986853161,,Praha,232,CZ,,,232/10,Staré Město,11000,Husova,10,Praha 1,,,,restaurant,,,,,,,,,,,,,,,,,,,,,,,,,,,,,,,,,,,,,,,,,,,,,,,czech;regional,,,,,,,,,,,,,,,,,,,,,,,,,,,,,rezervace@u3r.cz,,,,,,,,,,,,,,yes,,wlan,,,,,,,,,,,,,,,,,,,,,,,,,yes,,,,,U Tří růží,,,,,,,,,,у трёх роз,,,,,,,,,,,,"Mo-Su 11:00-23:00; Fr,Sa 11:00-24:00",,,,,,,no,,,,,,,,,,,,,,,yes,,,,,,,,,,,,,,,,,,,,,,,,,,+420 601 588 281,,,,,,,,,,,,,,,,,,,,,,,,,,,,,,,,,,,,,,,,,,cuzk:ruian,,,,,,,,,,,,,,,,,yes,,,,,,,,no,,,,,,,,https://www.u3r.cz/,,,,,no,"steps at entrance, staircase to toilets",,,,,,,,,
node/1994167335,node/1994167335,,,,,,,,,,,,,,,,pub,,,,,,,,,,,,,,,,,,,,,,,,,,,,,,,,,,,,,,,,,,,,,,,,,,,,,,,,,,,,,,,,,,,,,,,,,,,,,,,,,,,,,,,,,,,,,,,,,,,,,,,,,,,,,,,,,,,,,,,,,,U Valentů,,,,,,,,,,,,,,,,,,,,,,,,,,,,,,,,,,,,,,,,,,,,,,,,,,,,,,,,,,,,,,,,,,,,,,,,,,,,,,,,,,,,,,,,,,,,,,,,,,,,,,,,,,,,,,,,,,,,,,,,,,,,,,,,,,,,,,,,,,,,,,,,,,,,,,,,,,,,,,,,
node/2047259015,node/2047259015,,,,,,,,,,,,,,,Pivní bar a vinárna Na Palmě,bar,,,,,,,,,,,,,,,,,,,,,,,,,,,,,,,,,,,,,,,,,,,,,,,,,,,,,,,,,,,,,,,,,,,,,,,,,,,,,,,,,,,,,,,,,,,,,,,,,,,,,,,,,,,,,,,,,,,,,,,,,,Na Palmě,,,,,,,,,,,,,,,,,,,,,,,,,,,,,,,,,,,,,,,,,,,,,,,,,,,,,,,,,,,,,,,,,,,,,,,,,,,,,,,,,,,,,,,,,,,,,,,,,,,,,,,,,,,,,,,survey,,,,,,,,,,,,,,,,,,,,,,,,,,,,,,,,,,,,,,,,,,,,,,,,,
node/2057715258,node/2057715258,,Praha,,,,,11,,14000,Vlastislavova,,,,,,pub,,,,,,,,,,,,,,,,,,,,,,,,,,,,,,,,,,,,,,,,,,,,,,,,,,,,,,,,,,,,,,,,,,,,,,,,,,,,,,,,,,,,,,,,,,,,,,,,,,,,,,,,,,,,,,,,,,,,,,,,,,Bowling v Továrně,,,,,,,,,,,,,,,,,,,,,,"Mo-Th 15:00-01:00, Fr 15:00-02:00, Sa 14:00-02:00, Su 13:00-23:00",,,,,,,,,,,,,,,,,,,,,,,,,,,,,,,,,,,,,,,,,,,,,,,,+420724349929,,,,,,,,,,,,,,,,,,,,,,,,,,,,,,,,,,,,,,yes,,,,,,,,,,,,,,,,,,,,,,,,,,,,,,,,,,,,,https://bowlingvtovarne.cz/,,,,,,,,,,,,,,,
node/2114797838,node/2114797838,,,,,,,,,,,,,,,,restaurant,,,,,,,,,,,,,,,,,,,,,,,,,,,,,2023-05-12,,,,,,,,,,,,,,,,,,,,,,,,,,,,,,no,,,,,,,,,,,,,,,,,,,,,,,,,,,,,,,,,,,,,,,,,,,,,,,,,,,,,,,,,,yes,,,,,Pivovar u Bulovky,,,,,,,,,,,,,,,,,,,,,,Mo-Th 11:00-23:00; Fr 11:00-24:00; Sa 12:00-24:00; Su 12:00-23:00,,,,,,,,,,,,,,,,,,,,,,,,,,,,,,,,,,,,,,,,,,,,,,,,,,,,,,,,,,,,,,,,,,,,,,,,,,,,,,,,,,,,,,,,,,,,,,,,,,,,,,,,,,,,,,,,,,,,,,www.pivovarubulovky.cz,,,,,,,,,,,,,,,,,,,,
node/2122451767,node/2122451767,,,,,,,,,,,,,,,,bar,,,,,,,,,,,,,,,,,,,,,,,,,,2026-05-06,,,,,,,,,,,,,,,,,,,,,,,,,,,,,,,,,,,,,,,draught,,,,,,,,,,,,,,,,,,,,,,,,,,,,,,,,,,,,,,,,,,,,,,,,,,,,,,,,,Napa,,,,,,,,,,,,,,,,,,,,,,,,,,,,,,,,,,,,,,,,,,,,,,,,,,,,,,,,,,,,,,,,,,,,,,,,,,,,,,,,,,,,,,,,,,,,,,,,,,,,,,,,,,,,,,,,,,,,,,,,,,,,,,,,,,,,,,,,,,,,,,,,,,,,,,,,,,,,,,,,
node/2142250289,node/2142250289,,,,,,,,,,,,,,,,pub,,,,,,,,,,,,,,,,,,,,,,,,,,,,,,,,,,,,,,,,,,,,,,,,,,,,,,,,,,,,,,,,,,,,,,,,,,,,,,,,,,,,,,,,,,yes,,,,,,,,,,,,,,,,,,,,,,,,,,,,,,,,U báby,,,,,,,,,,,,,,,,,,,,,,"Mo-Fr 10:00-22:00; Sa,Su 14:00-22:00",,,,,,,no,,,,,,,,,,,,,,,,,,,,,,,,,,,,,,,,,,,,,,,,,,,,,,,,,,,,,,,,,,,,,,,,,,,,,,,,,,,,,,,,,,,,,,,,,,,,,,,,,,,,,,,,,,,,,,,,,,,,,,,,,,,,,,,,,,,
node/2145208654,node/2145208654,,,,,,,,,,,,,,,,bar,,,,,,,,,,,,,,,,,,,,,,,,,,,,,,,,,,,,,,,,,,,,,,,,,,,,,,,,,,,,,,,,,,,,,,,,,,,,,,,,,,,,,,,,,,,,,,,,,,,,,,,,,,,,,,,,,,,,,,,,,,Kruháč Club,,,,,,,,,,,,,,,,,,,,,,,,,,,,,,,,,,,,,,,,,,,,,,,,,,,,,,,,,,,,,,,,,,,,,,,,,,,,,,,,,,,,,,,,,,,,,,,,,,,,,,,,,,,,,,,,,,,,,,,,,,,,,,,,,,,,,,,,,,,,,,,,,,,,,,,,,,,,,,,,
node/2149676180,node/2149676180,,,,,,,,,,,,,,,,pub,,,,,,,,,,,,,,,,,,,,,,,,,,,,,,,,,,,,,,,,,,,,,,,,,,,,,,,,,,,,,,,,,,,,,,,,,,,,,,,,,,,,,,,,,,,,,,,,,,,,,,,,,,,,,,,,,,,,,,,,,,Pivovarská restaurace,,,,,,,,,,,,,,,,,,,,,,"Mo-Fr 15:00-22:00; Sa,Su 16:00-22:00",,,,,,,,,,,,,,,,,,,,,,,,,,,,,,,,,,,,,,,,,,,,,,,,,,,,,,,,,,,,,,,,,,,,,,,,,,,,,,,,,,,,,,,,,,,,,,,,,,,,,,,,,,,,,,,,,,,,,,,,,,,,,,,,,,,,,,,,,,
node/2154430920,node/2154430920,,Praha,,,,,10,,15000,Plaská,,,,,,bar,,,,,,,,,,,,,,,,,,,,,,,,,,,,,,,,,,,,,,,,,,,,,,,,,,,,,,,,,,,,,,,,,,,,,,,,,,,,,,,,,,,,,,,,,,yes,,,,,,,,,,,,,,,,,,,,,,,,,,,,,,,,Café bar 3+1,,,,,,,,,,,,,,,,,,,,,,Mo-Fr 13:00-22:00; Sa-Su 16:00-22:00,,,,,,,no,,,,,,,,,,,,,,,,,,,,,,,,,,,,,,,,,,,,,,,,,+420 257 313 633,,,,,,,,,,,,,,,,,,,,,,,,,,,,,,,,,,,,,,,,,survey,,,,,,,,,,,,,,,,,,,,,,,,,,,,,,,,,,https://www.3plus1.cz/,,,,,,,,,,,,,,,
node/2161935833,node/2161935833,,Praha,606,CZ,,,606/3,Žižkov,13000,U božích bojovníků,3,Praha 3,,,,pub,,,,,,,,,,,,,,,,,,,,,,,,,,,,,,,,,,,,,,,,,,,,,,,,,,,,,,,,,,,,,,,,,,,,,,,,,,,,,https://www.facebook.com/vystreleny.oko/,,,,,,,,,,,,,,,,,,,,,,,,,,,,,,,,,,,,,,,,,,,,,U Vystřelenýho voka,,,,,,,,,,,,,,,,,,,,,,"Mo-Sa 00:00-01:00,16:30-24:00",,,,,,,yes,,,,,,,,,,,,,,,,,,,,,,,,,,,,,,,,,,,,,,,,,+420 222 540 465,,,,,,,,,,,,,,,,,,,,,,,,,,,,,,,,,,,,,,outside,,,,cuzk:ruian,,,,,,,,,,,,,,,,,,,,,,,,,,,,,,,,,http://www.uvoka.cz/,,,,,,,,,,,,,,,
node/2167490020,node/2167490020,,,,,,,,,,,,,,,,pub,,,,,,,,,,,,,,,,,,,,,,,,,,,,,,,,,,,,,,,,,,,,,,,,,,,,,,,,,,,,,,,,,,,,,,,,,,,,,,,,,,,,,,,,,,,,,,,,,,,,,,,,,,,,,,,,,,,,,,,,,,U Lva,,,,,,,,,,,,,,,,,,,,,,Mo-Th 10:30-22:00; Fr 10:30-23:00; Sa 13:00-23:00; Su 13:00-21:00,,,,,,,,,,,,,,,,,,,,,,,,,,,,,,,,,,,,,,,,,,,,,,,,,,,,,,,,,,,,,,,,,,,,,,,,,,,,,,,,,,,,,,,,,,,,,,,,,,,,,,,,,,,,,,,,,,,,,,,,,,,,,,,,,,,,,,,,,,
node/2174698120,node/2174698120,,,,,,,,,,,,,,,,bar,,,,,,,,,,,,,,,,,,,,,,,,,,,,,,,,,,,,,,,,,,,,,,,,,,,,,,,,,,,,,,,,,,,,,,,,,,,,petr.krten@seznam.cz,,,,,,,,,,,,,,,,,,,,,,,,,,,,,,,,,,,,,,,,,,,,,,Galerie národních vín a vinařství,,,,,,,,,,,,,,,,,Hranatý hrozen,,,,,Mo-Fr 09:00-20:00; Sa 08:00-20:00; Su 14:00-20:00,,,,,,,,,,,,,,,,,,,,,,,,,,,,,,,,,,,,,,,,,,,,,,,,,,,,,,,,,,,,,,,,,,,,,,,,,,,,,,,,,,,,,,,,,,,,,,,,,,,,,,,,,,,,,,,,,,,,,,,,,,,,,,,,,,,,,,,,,,
node/2180038271,node/2180038271,,,,,,,,,,,,,,,Houk,bar,,,,,,,,,,,,,,,,,,,,,,,,,,,,,,,,,,,,,,,,,,,,,,,,,,,,,,,,,,,,,,,,,,,,,,,,,,,,,,,,,,,,,,,,,,,,wlan,,,,,,,,,,,,,,,,,,,,,,,,,,,,,,,,,,,,,,,,,,,,,,,Houk,,,,,,,,,,,,,,,,,,,,,,,,,,,,,,,,,,,,,,,,,,,,,,,,,,,,,,,,,,,,,,,,,,,,,,,,,,,,,,,,,,,,,,,,,,,,,,,,,,,,,,,,,,,,,,,,,,,,,,,,,,,,,,,,,,,,,,,,,,,,,,,
node/2184646698,node/2184646698,,,,,,,,,,,,,,,,biergarten,,,,,,,,,,,,,,,,,,,,,,,,,,2026-05-07,,,2026-05-07,,,,,,,,,,,,,,,,,,,,,,,,,,,,,,,,,,,,,,,,,,,,,,,,,,,,,,,,,,,,,,,,,,,,,,,,,,,,,,,,,,,,,,,,,,,,,Rugby bistro,,,,,,,,,,,,,,,,,,,,,,"""trenoví a zapasoví dny""",,,,,,,,,,,,,,,,,,,,,,,,,,,,,,,,,,,,,,,,,,,,,,,,,,,,,,,,,,,,,,,,,,,,,,,,,,,,,,,,,,,,,,,,,,,,,,,,,,,,,,,,,,,,,,,,,,,,,,,,,,,,,,,,,,,,,,,,,,
node/2197104118,node/2197104118,,Praha,323,CZ,,,323/6,Vinohrady,12000,Balbínova,6,Praha 2,,,,pub,,,,,,,,,,,,,,,,,,,,,,,,,,,,,,,,,,,,,,,,,,,,,,,,,,,,,,,,,,,,,,,,,,,,,,,,,,,,,,,,,,,,,,,,,,,,,,,,,,,,,,,,,,,,,,,,,,,,,,,,,,Balbínova poetická hospůdka,,,,,,,,,,,,,,,,,,,,,,,,,,,,,,,,,,,,,,,,,,,,,,,,,,,,,,,,,,,,,,,,,,,,,,+420 723 889 143,,,,,,,,,,,,,,,,,,,,,,,,,,,,,,,,,,,,,,,,,,cuzk:ruian,survey,,,,,,,,,,,,,,,,,,,,,,,,,,,,,,,,http://balbinka.cz/,,,,,,,,no,,,,,,,
node/2209994024,node/2209994024,,,,,,,,,,,,,,,,pub,,,,,,,,,,,,,,,,,,,,,,,,,,,,,,,,,,,,,,,,,,,,,,,,,,,,,,,,,,,,,,,,,,,,,,,,,,,,,,,,,,,,,,,,,,,,,,,,,,,,,,,,,,,,,,,,,,,,,,,,,,U Potoka,,,,,,,,,,,,,,,,,,,,,,,,,,,,,,,,,,,,,,,,,,,,,,,,,,,,,,,,,,,,,,,,,,,,,,,,,,,,,,,,,,,,,,,,,,,,,,,,,,,,,,,,,,,,,,,,,,,,,,,,,,,,,,,,,,,,,,,,,,,,,,,,,,,,,,,,,,,,,,,,
node/2258947412,node/2258947412,,,,,,,,,,,,,,,,pub,,,,,,,,,,,,,,,,,,,,,,,,,,2024-02-18,,,,,,,,,,,,,,,,,,,,,,,,,,,,,,,,,,,,,,,,,,,,,,,,,,,,,,,,,,,,,,,,yes,,,,,,,,,,,,,,,,,,,,,,,,,,,,,,,,U Zdi,,,,,,,,,,,,,,,,,,,,,,"Mo-Fr 11:00-23:00; Sa,Su 10:00-22:00",,,,,,,yes,,,,,,,,,,,,,,,,,,,,,,,,,,,,,,,,,,,,,,,,,,,,,,,,,,,,,,,,,,,,,,,,,,,,,,,,,,,,,,,,,,survey,,,,,,,,,,,,,,,,,,,,,,,,,,,,,,,,,,,,,,,,,,,,,,,,,
node/2260242105,node/2260242105,,Praha 10,,,,,45,,10100,Moskevská,,,,,,bar,,,,,,,,,,,,,,,,,,,,,,,,,,,2023-11-11,,,,,,,,,,,,,,,,,,,,,,,,,,,,,,,,,,,,,,,,,,,,,,,,,,,,,,,,,,,,,,,,,,,,,,,,,,,,,,,,,,,,,,,,,,,,,,,U Sporťáka,,,,,,,,,,,,,,,,,,,,,,Mo-Su 07:00-05:00,,,,,,,,,,,,,,,,,,,,,,,,,,,,,,,,,,,,,,,,,,,,,,,,+420 775 699 424,,,,,,,,,,,,,,,,,,,,,,,,,,,,,,,,,,,,,,,,,survey,,,,,,,,,,,,,,,,,,,,,,,,,,,,,,,,,,,,,,,,,,,,,,,,,
node/2261816985,node/2261816985,,,,,,,,,,,,,,,,pub,,,,,,,,,,,,,,,,,,,,,,,,,,,,,2026-07-08,,,,,,,https://www.facebook.com/BadFlashBarKarlin,,,,,,,,,,,,,,,,,,,,,,,,,,,,,yes,,,,,,,,,,,karlin@badflash.cz,,,,,,,,,,,,,,,,,,,,,,,,,,,,,,,,,,,,,,,,,,,,+420 602 188 251,,Bad Flash Bar Karlín,,,,,,,,,,,,,,,,,,,,,,"Mo-Fr 16:00-24:00; Sa,Su,PH 17:00-23:00",,,,,,,,,,,,,,,,,,,,,,,,,,,,,,,,,,,,,,,,,,,,,,,,,,,,,,,,,,,,,,,,,,,,,,,,,,,,,,alcohol,,,,,,,,,,,,,,,,,,,,,,,,,,,,,,,,,,,,,,,,,,,,,https://www.badflash.cz/nase-podniky/bad-flash-bar-karlin/,,,,,,,,,,,,,,,
node/2262363790,node/2262363790,,,,,,,,,,,,,,,,bar,,,,,,,,,,,,,,,,,,,,,,,,,,,,,,,,,,,,,,,,,,,,,,,,,,,,,,,,,,,,,,,,,,,,,,,,,,,,,,,,,,,,,,,,,,,,,,,,,,,,,,,,,,,,,,,,,,,,,,,,,,Týnská Bar and Books,,,,,,,,,,,,,,,,,,,,,,,,,,,,,,,,,,,,,,,,,,,,,,,,,,,,,,,,,,,,,,,,,,,,,,,,,,,,,,,,,,,,,,,,,,,,,,,,,,,,,,,,,,,,,,,+420 224 815 122,,,,,,,,,,,,,,,,,,,,,,,,,,,,,,,,,,https://www.barandbooks.cz/,,,,,,,,,,,,,,,
node/2262367508,node/2262367508,,,,,,,,,,,,,,,,pub,,,,,,,,,,,,,,,,,,,,,,,,,,,,,,,,,,,,,,,,,,,,,,,,,,,,,,,,,,,,,,,,,,,,,,,,,,,,,,,,,,,,,,,,,,,,,,,,,,,,,,,,,,,,,,,,,,,,,,,,,,The Dubliner Prague,,,,,,,,,,,,,,,,,,,,,,Mo-Sa 11:00-02:30,,,,,,,,,,,,,,,,,,,,,,,,,,,,,,,,,,,,,,,,,,,,,,,,,,,,,,,,,,,,,,,,,,,,,,,,,,,,,,,,,,,,,,,,,+420 224 895 404,,,,,,,,,,,,2022-10-13,,,,irish,,,,,,,,,,,,,,,,,,https://www.aulddubliner.cz/,,,,,,,,,,,,,,,
node/2266855614,node/2266855614,,,,,,,22,,14700,Sinkulova,,,,,,pub,,,,,,,,,,,,,,,,,,,,,,,,,,,,,,,,,,,,,,,,,,,,,,,,,,,,,,,,,,,,,,,,,,,,,,,,,,,,,,,,,,,,,,,,,,,,,,,,,,,,,,,,,,,,,,,,,,,,,,,,,,Studnka,,,,,,,,,,,,,,,,,,,,,,,,,,,,,,,,,,,,,,,,,,,,,,,,,,,,,,,,,,,,,,,,,,,,,,,,,,,,,,,,,,,,,,,,,,,,,,,,,,,,,,,,,,,,,,,,,,,,,,,,,,,,,,,,,,,,,,,,,,,,,,,,,,,,,,,,,,,,,,,,
node/2267222412,node/2267222412,,,,,,,,,,,,,,,,pub,,,,,,,,,,,,,,,,,,,,,,,,,,,,,,,,,,,,,,,,,,,,,,,,,,,,,,,,,,,,,,,,,,,,,,,,,,,,petrsp7@gmail.com,,,,,,,,,,,,,,,,,,,,,,,,,,,,,,,,,,,,,,,,,,,,,,Pivní klub 300,,,,,,,,,,,,,,,,,,,,,,"Mo-Fr 17:00-22:00; Sa,Su 15:00-22:00",,,,,,,,,,,,,,,,,,,,,,,,,,,,,,,,,,,,,,,,,,,,,,,,,,,,,,,,,,,,,,,,,,,,,,,,,,,,,,,,,,,,,,no,,,local_knowledge,,,,,,,,,,,,,,,,,,,,,,,,,,,,,,,,,,https://www.facebook.com/pivniklub300?fref=ts,,,,,,,,,,,,,,,
node/2267266429,node/2267266429,,Praha,1088,CZ,,,1088/5,Břevnov,16900,Břevnovská,5,Praha 6,,,Billiard Centrum Radost,pub,,,,,,,,,,,,,,,,Černá hora,,,,,,,,,,,,,,,,,,,,,,,,,,,,,,,,,,,,,,,,,,,,,,,,,,,,,,,,,,,,,https://www.facebook.com/klub66.cz/,,,,,,,,,,,,,,,,,,,,,,,,,,,,,,,,,,,,,,,,,,,,,"KLUB 66 ""Radost""",,,,,,,,,,,,,,,,,,,,,,"Mo-Th 00:00-01:00,14:00-24:00; Fr,Sa 00:00-02:00,14:00-24:00; Su 14:00-24:00",,,,,,,yes,,,,,,,,,,,,,,,,,,,,,,,,,,,,,,,,,,,,,,,,,+420 727 977 880,,,,,,,,,,,,,,,,,,,,,,,,,,,,,,,,,,,,,,outside,,,,cuzk:ruian,survey,,,,,billiards,,,,,,,,,,,,,,,,,,,,,,,,,,,https://www.klub66.cz/,,,,,,,,,,,,,,,
node/2269086081,node/2269086081,,Praha 5,,,,,,,,U Nikolajky,941/1,,,,,pub,,,,,,,,,,,,,,,,Svijany;Gambrinus,,,,,,,,,,,,,,,,,,,,,,,,,,,,,,,,,,,,,,,,,,,,,,,,,,,,,,,,,,,,,,,,,,,,,,,,,,yes,,,,,,,,,,,,,,,,,,,,,,,,,,,,,,,,U Neostichů,,,,,,,,,,,,,,,,,,,,,,,,,,,,,yes,,,,,,,,,,,,,,,,,,,,,,,,,,,,,,,,,,,,,,,,,,,,,,,,,,,,,,,,,,,,,,,,,,,,,,,,,,,,,,,yes,,,local_knowledge,,,,,,,,,,,,,,,,,,,,,,,,,,,,,,,,,,,,,,,,,,,,,,,,,
node/2269096804,node/2269096804,,Praha,458,CZ,,,458/23,Smíchov,15000,Staropramenná,23,Praha 5,,,,pub,,,,,,,,,,,,,,,,Postřižiny,,,,,,,,,,,,,,,,,,,,,,,,,,,,,,,,,,,,,,,,,,,,,,,,,,,,,,,,,,,,info@pivnicejamajka.cz,https://www.facebook.com/pivnicejamajka/,,,,,,,,,,,,,,,wlan,no,,,,,,,,,,,,,,,,,,,,,,,,,,,,,Pivnice Jamajka,,,,,,,,,,,,,,,,,,,,,,"Mo-Sa 00:00-01:00,17:00-24:00",,,,,AITHERA s.r.o.,,no,,,,,,,,,,,,,,,,,,,,,,,,,,,,,,,,,,,,,,,,,+420 257 326 430,,,,,,,,,,,,,,,,,,,,,,,,,,,,,,,,,,,,,,yes,,,local_knowledge,cuzk:ruian,survey,,,,,,,,,,,,,,,,,,,,,,,,,,,,,,,,https://www.pivnicejamajka.cz/,,,,,,,,,,,,,,,
node/2276061204,node/2276061204,,Praha,,,,,1161,,15600,Závist,,,,,,biergarten,,,,,,,,,,yes,,,,,,,,,,,,,,,,2025-08-21,2025-08-21,,,,,,,,u-chladu@seznam.cz,uposlednihokelta,,,,,,,,,,,,yes,,,,,,,,,,,,,,,,,,,,,,,,,,,,,,,,,,,,,,,,,,,,,,,,,,,,,,,,,,,,,,,,,,,,,,,,,,U Posledního Kelta,,,,,,,,,,,,,,,,,,,,,,,,,,,,,yes,,,,,,,,,,yes,yes,,,,,,,,,,,yes,,,no,,,,,,,,yes,,,,,,,,+420 608 725 733,,,,,,,,,,,,,,,,,,,,,,,,,,,,,,,,,,,,,,,,,,,,,,,,,,,,,,,,,,,,,,,,,,,,,,,,,,,,,,,,,,,,,,,,,,
node/2276061211,node/2276061211,,,,,,,,,,,,,,,,pub,,,,,,,,,,,,,,,,,,,,,,,,,,,,,,,,,,,,,,,,,,,,,,,,,,,,,,,,,,,,,,,,,,,,,,,,,,,,,,,,,,,,,,,,,,,,,,,,,,,,,,,,,,,,,,,,,,,,,,,,,,,,,,,,,,,,,,,,,,,,,,,,,,,,,,,,,,,,,,,,,,,,,,,,,,,,,,,,,,,,,,,,,,,,,,,,,,,,,,,,,,,,,,,,,,,,,,,,,,,,,,,,,,,,,,,,,survey,,,,,,,,,,,,,,,,,,,,,,,,,,,,,,,,,,,,,,,,,,,,,,,,,
node/2278080555,node/2278080555,,,,,,,,,,,,,,,,pub,,,,,,,,,,,,,,,,,,,,,,,,,,,,,,,,,,,,,,,,,,,,,,,,,,,,,,,,,,,,,,,,,,,,,,,,,,,,,,,,,,,,,,,,,,,,,,,,,,,,,,,,,,,,,,,,,,,,,,,,,,Koley Excelent Urban Pub,,,,,,,,,,,,,,,,,,,,,,,,,,,,,,,,,,,,,,,,,,,,,,,,,,,,,,,,,,,,,,,,,,,,,,,,,,,,,,,,,,,,,,,,,,,,,,,,,,,,,,,,,,,,,,,,,,,,,,,,,,,,,,,,,,,,,,,,,,,,,,,,,,,,,,,,,,,,,,,,
node/2280121195,node/2280121195,,,,,,,,,,,,,,,,pub,,,,,,,,,,,,,,,,,,,,,,,,,,,,,,,,,,,,,,,,,,,,,,,,,,,,,,,,,,,,,,,,,,,,,,,,,,,,,,,,,,,,,,,,,,,,,,,,,,,,,,,,,,,,,,,,,,,,,,,,,,U Procházků,,,,,,,,,,,,,,,,,,,,,,Mo-Su 14:00-22:00,,,,,,,yes,,,,,,,,,,,,,,,,,,,,,,,,,,,,,,,,,,,,,,,,,,,,,,,,,,,,,,,,,,,,,,,,,,,,,,,,,,,,,,,,,,,,,,,,,,,,,,,,,,,,,,,,,,,,,,,,,,,,,,,,,,,,,,,,,,,
node/2299229997,node/2299229997,,,,,,,,,,,,,,,,bar,,,,,,,,,,,,,,,,,,,,,,,,,,,,,,,,,,,,,,,,,,,,,,,,,,,,,,,,,,,,,,,,,,,,,,,,,,,,,,,,,,,,,,,,,,,,,,,,,,,,,,,,,,,,,,,,,,,,,,,,,,Pierre Paul Jacques Bar ā Vins,,,,,,,,,,,,,,,,,,,,,,,,,,,,,,,,,,,,,,,,,,,,,,,,,,,,,,,,,,,,,,,,,,,,,,,,,,,,,,,,,,,,,,,,,,,,,,,,,,,,,,,,,,,,,,,,,,,,,,,,,,,,,,,,,,,,,,,,,,,,,,,,,,,,,,,,,,,,,,,,
node/2302221846,node/2302221846,,,,,,,,,,,,,,,,pub,,,,,,,,,,,,,,,,,,,,,,,,,,,,,,,,,,,,,,,,,,,,,,,,,,,,,,,,,,,,,,,,,,,,,,,,,,,,,,,,,,,,,,,,,,,,,,,,,,,,,,,,,,,,,,,,,,,,,,,,,,Pyramida,,,,,,,,,,,,,,,,,,,,,,,,,,,,,,,,,,,,,,,,,,,,,,,,,,,,,,,,,,,,,,,,,,,,,,,,,,,,,,,,,,,,,,,,,,,,,,,,,,,,,,,,,,,,,,,survey,,,,,,,,,,,,,,,,,,,,,,,,,,,,,,,,,,,,,,,,,,no,,,,,,,
node/2338683459,node/2338683459,,,,,,,,,,,,,,,,bar,,,,,,,,,,,,,,,,,,,,,,,,,,,,,,,,,,,,,,,,,,,,,,,,,,,,,,,,,,,,,,,,,,,,,,,,,,,,,,,,,,,,,,,,,,,,wlan,,,,,,,,,,,,,,,,,,,,,,,,,,,,,,Klubovna,,,,,,,,,,,,,,,,,,,,,,"Mo-Th 13:00-02:00, Fr,Sa 13:00-04:00",,,,,,,,,,,,,,,,,,,,,,yes,,yes,,,,,,,,,,,,,,,,,,,,,,,,+420 739 834 056,,,,,,,,,,,,,,,,,,,,,,,,,,,,,,,,,,,,,,,,,,,,,,,,,,,,,,,,,,,,,,,,,,,,,,,,,,,https://klubovna.povalec.cz/,,,,,,,,,,,,,,,
node/2374771419,node/2374771419,,Praha 9,423,,,,423/70,,19000,Jablonecká,70,,yes,,,bar,,,,,,,,,,,,,,,,,,,,,,,,,,,,,,,,,,,,,,,,,,,,,,,,,,,,,,,,,,,,,,,,,,,,,,,,,,,,,,,,,,,,,,,,,,yes,,wlan,no,,,,,,,,,,,,,,,,,,,,,,,,,,,,,Kafe Bar Jablonecká,,,,,,,,,,,,,,,,,,,,,,"Su-Th 11:00-03:00, Fr,Sa 11:00-05:00",,,,,,,yes,,,,,,,,,,,,,,,no,,no,,,,,,,,,,,,,,,,,,,,,,,,+420 728 015 320,,,,,,,,,,,,,,,,,,,,,,,,,,,,,,,,,,,,,,outside,,,,,,,,,,,,,,,,,,,,,,,,,,,,,,,,,,,,,http://www.kafe-bar.cz,,,,,yes,,,,,,,,,,
node/2378848820,node/2378848820,,,,,,,,,,,,,,,,pub,,,,,,,,,,,,,,,,,,,,,,,,,,2026-05-27,,,,,,,,,,,,,,,,,,,,,,,,,,,,,,,,,,,,,,,,,,,,,,,,,,,,,,,,,,,,,,,,,,,,,,,,,,,,,,,,,,,,,,,,,,,,,,,,Útulna,,,,,,,,,,,,,,,,,,,,,,,,,,,,,,,,,,,,,,,,,,,,,,,,,,,,,,,,,,,,,,,,,,,,,,,,,,,,,,,,,,,,,,,,,,,,,,,,,,,,,,,,,,,,,,,,,,,,,,,,,,,,,,,,,,,,,,,,,,,,,,,,,,,,,,,,,no,,,,,,,
node/2393704825,node/2393704825,,Praha 8,,,,,1,,186 00,Pobřežní,,,,,,bar,,,,,,,,,,,,,,,,,,,,,,,,,,2023-09-22,,,,,,,,,info@cloud9.cz,https://www.facebook.com/cloud9prague?fref=ts,,,,,,,,,,,,,,,,,,,,,,,,,,,,,,,,,,,,,,,,,,,,,,,,,,,,,,,,,,,,,,,,,,,,,,,,,,,,,,,,,,,,,,Cloud 9 Sky Bar & Lounge,,,,,,,,,,,,,,,,,,,,,,Mo-Sa 18:00-02:00,,,,,Hilton,,,,,,,,,,,,,,,,,,,,,,,,,,,,,,,,,,,,,,,,,,,+420 224 842 999,,,,,,,,,,,,,,,,,,,,,,,,,,,,,,,,,,,,,,,,,,,,,,,,,,,,,,,,,,,,,,,,,,,,,,,,,,,http://www.cloud9.cz/,,,,,,,,,,,,,,,
node/2401706630,node/2401706630,,,,,,,,,,,,,,,,bar,,,,,,,,,,,,,,,,,,,,,,,,,,,,,,,,,,,,,,,,,,,,,,,,,,,,,,,,,,,,,,,,,,,,,,,,,,,,,,,,,,,,,,,,,,,,,,,,,,,,,,,,,,,,,,,,,,,,,,,,,,(A)viod cafe,,,,,,,,,,,,,,,,,,,,,,,,,,,,,yes,,,,,,,,,,,,,,,,,,,,,,,,,,,,,,,,,,,,,,,,,,,,,,,,,,,,,,,,,,,,,,,,,,,,,,,,,,,,,,,,,,,,,,,,,,,,,,,,,,,,,,,,,,,,,,,,,,,,,,,,,limited,,,,,,,,,,
node/2407656724,node/2407656724,,Praha,,,,,36,,12000,Bělehradská,,,,,,pub,,,,,,,,,,,,,,,,,,,,,,,,,,,,,,,,,,,,,,,,,,,,,,,,,,,,,,,,,,,,,,,,,,,,,,,,,,,,,,,,,,,,,,,,,,,,wlan,,,,,,,,,,,,,,,,,,,,,,,,,,,,,,Woodstock bar,,,,,,,,,,,,,,,,,,,,,,,,,,,,,,,,,,,,,,,,,,,,,,,,,,,,,,,,,,,,,,,,,,,,,,,,,,,,,,,,,,,,,,,,,,,,,,,,,,,,,,,,,,,,,,,,,,,,,,,,,,,,,,,,,,,,,,,,,,,,,,,,,http://www.woodstock-bar.cz/,,,,,,,,,,,,,,,
node/2408146787,node/2408146787,,,,,,,,,,,,,,,,,,,,,,,,,,,,,,,,,,,,,,,,,,2024-02-21,,,,,,,,,,,,,,,,,,,,,,,,,,,,,,,,,,,,,,,yes,,,,,,,,,,,,,,,,,,,,,,,,,,,,,,,,,,,,,,,,,,,,,,,,,,,,,,,,,BeerGeek Pivotéka,,,,,,,,,,,,,,,,,,,,,,Mo-Fr 13:00-21:00; Sa 11:00-21:00; Su 15:00-20:00,,,,,,,,,,,,,,,,,,,,,,,,,,,,,,,,,,,,,,,,,,,,,,,,,,,,,,,,,,,,,,,,,,,,,,,,,,,,,,beverages,,,,,,,,,,,,,,,,,,,,,,,,,,,,,,,,,,,,,,,,,,,,,,,,,,no,,,,,,,,,,
node/2408146797,node/2408146797,,,,,,,,,,,,,,,,,,,,,,,,,,,,,,,,,,,,,,,,,,2024-06-26,,,,,,,,,,,,,,,,,,,,,,,,,,,,,,,,,,,,,,,,,,,,,yes,,,,,,,,,,,,,,,,,,,,,,,,,,,,,,,,,,,,,,,,,,,,,,,,,,,Noelka,,,,,,,,,,,,,,,,,,,,,,Mo-Fr 11:00-19:30; Sa 10:00-19:30; Su 14:00-20:00,,,,,,,,,,,,,,,,,,,,,,yes,,yes,,,,,,,,,,,,,,,,,,,,,,,,,,,,,,,,,,,,,,,,,,,,,,,,,,,,,,alcohol,,,,,,,,,,,,,,,,,,,,,,,,,,,,,,,,,,,,,,,,,,,,,,,,,,no,,,,,,,,,,
node/2409213385,node/2409213385,,,,,,,,,,,,,,,,pub,,,,,,,,,,,,,,,,,,,,,,,,,,2025-11-11,,,2025-11-11,,,,,,,,,,,,,,,,,,,,,,,,,,,,,,,,,,,,,,,,,,,,,,,,,,,,,,,,,,,,,yes,,,,,,,,,,,,,,,,,,,,,,,,,,,,,,,,Hostinec v Lucemburské,,,,,,,,,,,,,,,,,,,,,,Mo-Su 10:30-22:30,,,,,,,yes,,,,,,,,,,,,,,,,,,,,,,,,,,,,,,,,,,,,,,,,,,,,,,,,,,,,,,,,,,,,,,,,,,,,,,,,,,,,,,,,,,,,,,,,,,,,,,,,,,,,,,,,,,,,,,,,,,,,,,,,,,,,,,,,,,,
node/2409856190,node/2409856190,,,,,,,,,,,,,,,,,,,,,,,,,,,,,,,,,,,,,,,,,,,,,,,,,,,,,,,,,,,,,,,,,,,,,,,,,,,,,,,,,,,,,,,,,,,,,,,,,,,,,,,,,,,,,,,,,,,,,,,,,,,,,,,,,,,,,,,,,,Mini market,,,,,,,,,,,,,,,,,,,,,,"Mo-Th 10:00-01:00, Fr-Su 10:00-01:30",,,,,,,,,,,,,,,,,,,,,,,,,,,,,,,,,,,,,,,,,,,,,,,,,,,,,,,,,,,,,,,,,,,,,,,,,,,,,,alcohol,,,,,,,,,,,,,,,,,,,,,,,,,,,,,,,,,,,,,,,,,,,,,,,,,,,,,,,,,,,,
node/2411559564,node/2411559564,,,,,,,,,,,,,,,,bar,,,,,,,,,,,,,,,,,,,,,,,,,,,,,,,,,,,,,,,,,,,,,,,,,,,,,,,,,,,,,,,,,,,,,,,,,,,,,,,,,,,,,,,,,,,,,,,,,,,,,,,,,,,,,,,,,,,,,,,,,,Little Havana,,,,,,,,,,,,,,,,,,,,,,,,,,,,,,,,,,,,,,,,,,,,,,,,,,,,,,,,,,,,,,,,,,,,,,,,,,,,,,,,,,,,,,,,,,,,,,,,,,,,,,,,,,,,,,,,,,,,,,,,,,,,,,,,,,,,,,,,,,,,,,,,,,,,,,,,,,,,,,,,
node/2418161165,node/2418161165,,,,,,,,,,,,,,,,pub,,,,,,,,,,,,,,,,,,,,,,,,,,,,,,,,,,,,,,,,,,,,,,,,,,,,,,,,,,,,,,,,,,,,,,,,,,,,,,,,,,,,,,,,,,,,,,,,,,,,,,,,,,,,,,,Céčko,,,,,,,,,,,Klub C,,,,,,,,,,,,,,,,,,,,,,Mo-Th 11:00-23:00; Fr 11:00-15:00,,,,,,,,,,,,,,,,,,,,,,,,,,,,,,,,,,,,,,,,,,,,,,,,,,,,,,,,,,,,,,,,,,,,,,,,,,,,,,,,,,,,,,,,,,,,,,,,,,,,,,,,,,,,,,,,,,,,,,,,,,,http://klubc.cz,,,,,,,,,,,,,,,
node/2420223836,node/2420223836,,Praha,1532,CZ,,,1532/48,Vinohrady,12000,Polská,48,Praha 2,,,,pub,,,,,,,,,,,,,,,,,,,,,,,,,,,,,,,,,,,,,,,,,,,,,,,,,,,,,,,,,,,,,,,,,,,,,,,,,,,,,https://www.facebook.com/naschudku/,,,,,,,,,,,,,yes,,wlan,no,,,,,,,,,,,,,,,,,,,,,,,,,,,,,Na Schůdku,,,,,,,,,,,,,,,,,,,,,,Mo-Su 11:00-22:00,,,,,,,no,,,,,,,,,,,,,,,,,,,,,,,,,,,,,,,,,,,,,,,,,,,,,,,,,,,,,,,,,,,,,,,,,,,,,,,,,,,,,,,,,,,cuzk:ruian,survey,,,,,,,,,,,,,,,,,,,,,,,,,,,,,,,,,,,,,,,,,,,,,,,
node/2420223847,node/2420223847,,,,,,,,,,,,,,,,bar,,,,,,,,,,,,,,,,,,,,,,,,,,2024-01-31,,,,,,,,,,,,,,,,,,,,,,,,,,,,,,,,,,,,,,,,,,,,,,,,,,,,,,,,,,,,,,,,yes,,,,,,,,,,,,,,,,,,primary,,,,,,,,,,,,,,Saints,,,,,,,,,,,,,,,,,,,,,,"Mo-Tu 20:00-24:00, We-Th 19:00-01:00, Fr-Sa 19:00-02:00, Su 20:00-24:00",,,,,,,no,,,,,,,,,,,,,,,,,,,,,,,,,,,,,,,,,,,,,,,,,,,,,,,,,,,,,,,,,,,,,,,,,,,,,,,,,,,,,,,,,,,,,,,,,,,,,,,,,,,,,,,,,,,,no,,,,,,,,,,,,,no,,,,,,,,,,
node/2441470042,node/2441470042,,Praha,,,,,115,,18600,Křižíkova,,,,,,bar,,,,,,,,,,,,,,,,,,,,,,,,,,,,,2024-11-28,,,,,,,,,,,,,,,,,,,,,,,,,,,,,,,,,,,,,,,,,,,,,,,,,,,,,,,,,,,,,,,,,,,,,,,,,,,,,,,,,,,,,,,,,,,,,Vinárna Veltlín,,,,,,,,,,,,,,,,,,,,,,Mo-Sa 17:00-23:00,,,,,,,,,,,,,,,,,,,,,,,,,,,,,,,,,,,,,,,,,,,,,,,,+420 777 082 316,,,,,,,,,,,,,,,,,,,,,,,,,,,,,,,,,,,,,,,,,,,,,,,,,,,,,,,,,,,,,,,,,,,,,,,,,,,https://www.veltlin.cz/,,,,,,,,,,,,,,,
node/2442556324,node/2442556324,,Praha,,,,,58,,18600,Křižíkova,,,,,,pub,,,,,,,,,,,,,,,,,,,,,,,,,,,,,,,,,,,,,,,,,,,,,,,,,,,,,,,,,,,,,,,,,,,,,,,,,,,,,,,,,,,,,,,,,,,,,,,,,,,,,,,,,,,,,,,,,,,,,,,,,,cirkus,,,,,,,,,,,,,,,,,,,,,,"Mo-Fr 16:00-02:00, Sa,Su 18:00-24:00",,,,,,,,,,,,,,,,,,,,,,,,,,,,,,,,,,,,,,,,,,,,,,,,,,,,,,,,,,,,,,,,,,,,,,,,,,,,,,,,,,,,,,,,,,,,,,,,,,,,,,,,,,,,,,,,,,,,,,,,,,,,,,,,,,,,,,,,,,
node/2454756636,node/2454756636,,Praha 3-Vinohrady,,,,,17,,13000,Jagellonská,,,,,,bar,,,,,,,,,,,,,,,,,,,,,,,,,,2025-10-02,,,,,,,,,,,,thecabin.prague,,,,,,,,,,,,,,,,,,,,,,,,,,,,,,,,,,,,,,,,,,,,,,,,,,,,yes,,,,,,,,,,,,,,,,,,welcome,,,,,,,,,,,,,,The Cabin Bar,,,,,,,,,,,,,,,,,,,,,,We-Th 18:00-24:00; Fr-Sa 18:00-02:00,,,,,,,no,,,,,,,,,,,,,,,,,,,,,,,,,,,,,,,,,,,,,,,,,,,,,,,,,,,,,,,,,,,,,,,,,,,,,,,,,,,,,,,,,,,,,,,,,,,,,,,,,,,,,,,,,,,,,,,,,,,,,,,,,,,,,,,,,,,
node/2454756646,node/2454756646,,,,,,,,,,,,,,,,pub,,,,,,,,,,,,,,,,,,,,,,,,,,2025-01-20,,,,,,,,,,,,,,,,,,,,,,,,,,,,,,,,,,,,,,,,,,,,,,,,,,,,,,,,,,,,,,,,yes,,,,,,,,,,,,,,,,,,,,,,,,,,,,,,,,"Bar ""26""",,,,,,,,,,,,,,,,,,,,,,,,,,,,,no,,,,,,,,,,,,,,,,,,,,,,,,,,,,,,,,,,,,,,,,,,,,,,,,,,,,,,,,,,,,,,,,,,,,,,,,,,,,,,,,,,,,,,,,,,,,,,,,,,,,,,,,,,,,,,,,,,,,,,,,,,,,,,,,,,,
node/2466798624,node/2466798624,,Praha,,,,,4,,11000,Na Struze,,,,,,pub,,,,,,,,,,,,,,,,,,,,,,,,,,,,,,,,,,,,,,,,,,http://www.popocafepetl.eu/,,,,,,,,,,,,,,,,,,,,,,,,,,,,,,,,,,,,,,,,,,,,,,,,,,,,,,,,,,,,,,,,,,,,,,,,,,,,,,,,Popocafepetl,,,,,,,,,,,,,,,,,,,,,,,,,,,,,,,,,,,,,,,,,,,,,,,,,,,,,,,,,,,,,,,,,,,,,,,,,,,,,,,,,,,,,,,,,,,,,,,,,,,,,,,,,,,,,,,,,,,,,,,,,,,,,,,,,,,,,,,,,,,,,,,,,,,,,,no,,,,,,,,,,
node/2475847830,node/2475847830,,,,,,,,,,,,,,,,bar,,,,,,,,,,,,,,,,,,,,,,,,,,,,,,,,,,,,,,,,,,,,,,,,,,,,,,,,,,,,,,,,,,,,,,,,,,,,,,,,,,,,,,,,,,,,,,,,,,,,,,,,,,,,,,,,,,,,,,,,,,Mánesova Bar and Books,,,,,,,,,,,,,,,,,,,,,,"Mo-Th 17:00-02:00, Fr,Sa 17:00-03:00, Su 17:00-01:00",,,,,,,,,,,,,,,,,,,,,,,,,,,,,,,,,,,,,,,,,,,,,,,,,,,,,,,,,,,,,,,,,,,,,,,,,,,,,,,,,,,,,,,,,,,,,,,,,,,,,,,,,,,,,,,,,,,,,,,,,,,,,,,,,,,,,,,,,,
node/2475847862,node/2475847862,,Praha,773,CZ,,,773/19,Vinohrady,12000,Budečská,19,Praha 2,,wine,,bar,,,,,,,,,,,,,,,,,,,,,,,,,,,,,,,,,,,,,,,,,,,,,,,,,,,,,,,,,,,,,,,,,,,,,,,,,,,,,,,,,,,,,,,,,,,,,,,,,,,,,,,,,,,,,,,,,,,,,,,,,,V Budečské,,,,,,,,,,,,,,,,,U Stréců,,,,,Mo 11:00-21:00; Tu-Fr 11:00-22:00,,,,,,,yes,,,,,,,,,,,,,,,,,,,,,,,,,,,,,,,,,,,,,,,,,+420 224 251 859,,,,,,,,,,,,,,,,,,,,,,,,,,,,,,,,,,,,,,,,,,cuzk:ruian,survey,,,,,,,,,,,,,,,,,,,,,,,,,,,,,,,,http://www.restauracevbudecske.cz/,,,,,,,,,,,,,,,
node/2475847868,node/2475847868,,Praha,822,CZ,,,822/29,Vinohrady,12000,Budečská,29,Praha 2,,,,,,,,,,,,,,,,,,,,,,,,,,,,,,,,,,,,,,,,,,,,,,,,,,,,,,,,,,,,,,,,,,,,,,,,,,,,,,,,,,,,,,,,,,,,,,,,,,,,,,,,,,,,,,,,,,,,,,,,,,,,,,Vinotéka u Lachtana,,,,,,,,,,,,,,,,,,,,,,Mo-Fr 15:00-22:00; Sa 15:00-21:00,,,,,,,,,,,,,,,,,,,,,,,,,,,,,,,,,,,,,,,,,,,,,,,,,,,,,,,,,,,,,,,,,,,,,,,,,,,,,,alcohol,,,,,,,,,,,,cuzk:ruian,survey,,,,,,,,,,,,,,,,,,,,,,,,,,,,,,,,,,,,,,,,,,,,,,,
node/2478509565,node/2478509565,,,,,,,,,,,,,,,,restaurant,,,,,,,,,,,,,,,,,,,,,,,,,,,,,,,,,,,,,,,,,,,,,,,,,,,,,,,,,,,,,,,,,,,,,,,,,,,,info@starosuchdolska.cz,,,,,,,,,,,,,,yes,,,,,,,,,,,,,,,,,,,,,,,,,,,yes,,,,,Starosuchdolská restaurace,,,,,,,,,,,,,,,,,,,,,,11:00-23:00,,,,,,,yes,,,,,,,,,,,,,,,,,,,,,,,,,,,,,,,,,,,,,,,,,+420604256414,,,,,,,,,,,,,,,,,,,,,,,,,,,,,,,,,,,,,,,,,,,,,,,,,,,,,,,,,,,,,,,,,,,,,,,,,,,https://www.starosuchdolska.cz/,,,,,,,,,,,,,,,
node/2490841291,node/2490841291,,Praha,1930,CZ,,,1930/5,Břevnov,16200,Za zahradou,5,Praha 6,no,,,pub,,,,yes,,,,,,,,,,,,Unětice,,,,,,,,,,,,,,,,,,,,https://www.facebook.com/DoVetru/,,,,,,,,,,,,,,,,,,,,,,,,,,,,,,,,,,,,,,,,kafedovetru@gmail.com,https://www.facebook.com/DoVetru,,,,,,,,,,,,,,,wlan,no,,,,,,,,,,,,,,0,,,,,,,,,,,,,,,Do Větru,,,,,,,,,,,,,,,,,,,,,,Mo-We 17:00-24:00; Th-Su 15:00-24:00,,,,,,,yes,,,,,,,,,,yes,yes,,,yes,,,,,,,,,,,,,,,,,,,,,,,,,,,+420 608 839 184,,,,,,,,,,,,,,,,,,,,,,,,,,,,,,,,,,,,,yes,no,,,,cuzk:ruian,survey,,,,,,,,,,,,,,,,,,,,,,,,,,,,,,,,https://dovetru.info/,,,,,,,,,,,,,,,
node/2494868545,node/2494868545,,,,,,,,,,,,,,,,,,,,,,,,,,,,,,,,,,,,,,,,,,,,,,,,,,,,,,,,,,,,,,,,,,,,,,,,,,,,,,,,,,,,,,,yes,,,,,,,,,,,,,,,,,,,,,,,,,,,,,,,,,,,,,,,,,,,,,,,,,,,Vinotéka Labyrint,,,,,,,,,,,,,,,,,,,,,,,,,,,,,,,,,,,,,,,,,,,,,,,,,,,,,,,,,,,,,,,,,,,,,,,,,,,,,,,,,,,,,,,,,,,,,,,,,,,,alcohol,,,,,,,,,,,,,,,,,,,,,,,,,,,,,,,,,,,,,,,,,,,,,,,,,,,,,,,,,,,,
node/2504036068,node/2504036068,,Praha,,,,,25,,11000,Národní,,,,,,bar,,,,,,,,,,,,,,,,,,,,,,,,,,,,,,,,,,,,,,,,,,,,,,,,,,,,,,,,,,,,,,,,,,,,,,,,,,,,,,,,,,,,,,,,,,,,wlan,no,,,,,,,,,,,,,,,,,,,,,,,,,,,,,Art Cafe - IMAGE Theatre Bar,,,,,,,,,,,,,,,,,,,,,,17:00-01:00,,,,,,,,,,,,,,,,,,,,,,,,,,,,,,,,,,,,,,,,,,,,,,,,,,,,,,,,,,,,,,,,,,,,,,,,,,,,,,,,,,,,,,no,,,,,,,,,,,,,,,,,,,,,,,,,,,,,,,,,,,,,,,,,,yes,,,,,,,,,,
node/2504447324,node/2504447324,,Praha,,,,,15,,11800,Thunovská,,,,,,pub,,,,,,,,,,,,,,,,,,,,,,,,,,,,,,,,,,,,,,,,+420 602 524 725,,,,,,,,,,,,,,,,,,,,,,,,,,,,,,,,,,,,info@krcmabrabant.cz,,,,,,,,,,,,,,,,,,,,,,,,,,,,,,,,,,,,,,,,,,,,,,Krčma U Krále Brabantského,MESON MEDIAVAL Krčma U Krále Brabantského,Schenke U Krále Brabantského,Medieval Tavern U Krále Brabantshého,,,,,U Krále Brabantského / a brabanti királyhoz,,,,,,,,,,,,,,"Su-Th 11:00-23:00; Fr,Sa 11:00-24:00",,,,,,,,,,,,,,,,,,,,,,,,,,,,,,,,,,,,,,,,,,,,,,,,,,,,,,,,,,,,,,,,,,,,,,,,,,,,,,,,,,,,,,dedicated,,,,,,,,,,,,,,,,,,,,,,,,,,,,,,,,,,,,,http://www.krcmabrabant.cz,,,,,,,,,,,,,,,
node/2560046107,node/2560046107,,Praha,,,,,7,,11000,Na Struze,,,,,,bar,,,,,,,,,,,,,,,,,,,,,,,,,,2023-06-14,2025-11-22,,,,,,,,,BarNumberSeven,,,,+420 720 659 586,,,,,,,,yes,,,,,,,,,,,,,,,,,,,,,,,,,,,,,,,,,,,,,,,,,,,,wlan,no,,,,,,,,,,,,,,,,,,,,,,,,,,,,,Bar No. 7,,,,,,,,,,,,,,,,,,,,,,,,,,,,,,,,,,,,,,,,,,,,,,,,,,,yes,,,no,,,,,,,,no,,,,,,,,,,,,,,,,,,,,,,,,,,,,,,,,,,,,,,,,,,,,,,,,,,,,,,,,,,,,,,,,,,,,,,,,,,,,,,,,,,,,,,,,,,,,,,,,,,
node/2571913485,node/2571913485,,,,,,,,,,,,,,,,bar,,,,,,,,,,,,,,,,,,,,,,,,,,,,,,,,,,,,,,,,,,,,,,,,,,,,,,,,,,,,,,,,,,,,,,,,,,,,,,,,,,,,,,,,,,,,,,,,,,,,,,,,,,,,,,,,,,,,,,,,,,Herna Jezerka,,,,,,,,,,,,,,,,,,,,,,24/7,,,,,,,,,,,,,,,,,,,,,,,,,,,,,,,,,,,,,,,,,,,,,,,,,,,,,,,,,,,,,,,,,,,,,,,,,,,,,,,,,,,,,,,,,,,,,,,,,,,,,,,,,,,,,,,,,,,,,,,,,,,,,,,,,,,,,,,,,,
node/2571913488,node/2571913488,,Praha,1307,,,,1307/30,,14000,Družstevní ochoz,30,,,,,pub,,,,,,,,,,,,,,,,,,,,,,,,,,,,,,,,,,,,,,,,,,,,,,,,,,,,,,,,,,,,,,,,,,,,,,,,,,,,,,,,,,,,,,,,,,,,,,,,,,,,,,,,,,,,,,,,,,,,,,,,,,Pivnice U Rumlíka,,,,,,,,,,,,,,,,,,,,,,"Mo-Fr 15:00-22:00; Su,PH 16:00-22:00",,,,,,,,,,,,,,,,,,,,,,,,,,,,,,,,,,,,,,,,,,,,,,,,,,,,,,,,,,,,,,,,,,,,,,,,,,,,,,,,,,,,,,separated,,,,,,,,,,,,,,,,,,,,,,,,,,,,,,,,,,,,,https://www.facebook.com/pages/Pivnice-U-Ruml%C3%ADka/897047703642025,,,,,,,,,,,,,,,
node/2575444665,node/2575444665,,,,,,,,,,,,,,,,pub,,,,,,,,,,,,,,,,,,,,,,,,,,,,,,,,,,,,,,,,,,,,,,,,,,,,,,,,,,,,,,,,,,,,,,,,,,,,,,,,,,,,,,,,,,,,,,,,,,,,,,,,,,,,,,,,,,,,,,,,,,,,,,,,,,,,,,,,,,,,,,,,,,,,,,,,,,,,,,,,,,,,,,,,,,,,,,,,,,,,,,,,,,,,,,,,,,,,,,,,,,,,,,,,,,,,,,,,,,,,,,,,,,,,,,,,,,,,,,,,,,,,,,,,,,,,,,,,,,,,,,,,,,,,,,,,,,,,,,,,,,
node/2576657621,node/2576657621,,,,,,,,,,,,,,,,pub,,,,,,,,,,,,,,,,,,,,,,,,,,,,,,,,,,,,,,,,,,,,,,,,,,,,,,,,,,,,,,,,,,,,,,,,,,,,,,,,,,,,,,,,,,yes,,,,,,,,,,,,,,,,,,,,,,,,,,,,,,,,U Zlaté palmy,,,,,,,,,,,,,,,,,,,,,,,,,,,,,no,,,,,,,,,,,,,,,,,,,,,,,,,,,,,,,,,,,,,,,,,,,,,,,,,,,,,,,,,,,,,,,,,,,,,,,,,,,,,,,,,,,,,,,,,,,,,,,,,,,,,,,,,,,,,,,,,,,,,,,,,no,,,,,,,,,,
node/2601149571,node/2601149571,,,,,,,,,,,,,,,,bar,,,,,,,,,,,,,,,,,,,,,,,,,,,,,,,,,,,,,,,,,,,,,,,,,,,,,,,,,,,,,,,,,,,,,,,,,,,,,,,,,,,,,,,,,,,,,,,,,,,,,,,,,,,,,,,,,,,,,,,,,,Casino Magic Planet,,,,,,,,,,,,,,,,,,,,,,,,,,,,,,,,,,,,,,,,,,,,,,,,,,,,,,,,,,,,,,,,,,,,,,,,,,,,,,,,,,,,,,,,,,,,,,,,,,,,,,,,,,,,,,,,,,,,,,,,,,,,,,,,,,,,,,,,,,,,,,,,,,,,,,,,,,,,,,,,
node/2605824558,node/2605824558,,,,,,,,,,,,,,,,pub,,,,,,,,,,,,,,,,,,,,,,,,,,,,,,,,,,,,,,,,,,,,,,,,,,,,,,,,,,,,,,,,,,,,,,,,,,,,,,,,,,,,,,,,,,,,,,,,,,,,,,,,,,,,,,,,,,,,,,,,,,,,,,,,,,,,,,,,,,,,,,,,,,,,,,,,,,,,,,,,,,,,,,,,,,,,,,,,,,,,,,,,,,,,,,,,,,,,,,,,,,,,,,,,,,,,,,,,,,,,,,,,,,,,,,,,,,,,,,,,,,,,,,,,,,,,,,,,,,,,,,,,,,,,,,,,,,,,,,,,,,
node/2606229679,node/2606229679,,Praha,1185,,,,1185/92,,16000,Na Pískách,92,,,,,bar,,,,,,,yes,,,,,,,,,,,,,,,,,,,,,,,,,,,,,,,,,,,,,,,,,,,,,,,,,,,,,,,,,,,,,,,,,,,,,,,,,,,,,,,,,,,,,,,,,,,,,,,,,,,,,,,,,,,,,,,,,,,Bar U Hřebíka,,,,,,,,,,,,,,,,,,,,,,,,,,,,,,,,,,,,,,,,,,,,,,,,,,,,,,,,,,,,,,,,,,,,,,,,,,,,,,,,,,,,,,,,,,,,,,,,,,,,,,,,,,,,outside,,,,,,,,,,,,,,,,,,,,,,,,,,,,,,,,,,,,,http://www.bar-uhrebika.cz/,,,,,no,,,,,,,,,,
node/2614956474,node/2614956474,,,,,,,,,,,,,,,,pub,,,,,,,,,,,,,,,,,,,,,,,,,,,,,,,,,,,,,,,,,,,,,,,,,,,,,,,,,,,,,,,,,,,,,,,,,,,,,,,,,,,,,,,,,,,,,,,,,,,,,,,,,,,,,,,,,,,,,,,,,,Palpost,,,,,,,,,,,,,,,,,,,,,,,,,,,,,,,,,,,,,,,,,,,,,,,,,,,,,,,,,,,,,,,,,,,,,,,,,,,,,,,,,,,,,,,,,,,,,,,,,,,,,,,,,,,,,,,,,,,,,,,,,,,,,,,,,,,,,,,,,,,,,,,,,,,,,,,,,,,,,,,,
node/2623350834,node/2623350834,,Praha,,,,,50,,12800,Jaromírova,,,,,,pub,,,,,,,,,,,,,,,,,,,,,,,,,,,,,,,,,,,,,,,,,,,,,,,,,,,,,,,,,,,,,,,,,,,,,,,,,,,,,,,,,,,,,,,,,,,,,,,,,,,,,,,,,,,,,,,,,,,,,,,,,,Tvrdej dopad,,,,,,,,,,,,,,,,,,,,,,15:00-02:00,,,,,,,,,,,,,,,,,,,,,,,,,,,,,,,,,,,,,,,,,,,,,,,,,,,,,,,,,,,,,,,,,,,,,,,,,,,,,,,,,,,,,,,,,,,,,,,,,,,,,,,,,,,,,,,,,,,,,,,,,,,,,,,,,,,,,,,,,,
node/2657328992,node/2657328992,,,,,,,,,,,,,,,,pub,,,,,,,,,,,,,,,,,,,,,,,,,,,,,,,,,,,,,,,,,,,,,,,,,,,,,,,,,,,,,,,,,,,,,,,,,,,,,,,,,,,,,,,,,,,,,,,,,,,,,,,,,,,,,,,,,,,,,,,,,,Těsně vedle Burundi,,,,,,,,,,,,,,,,,,,,,,,,,,,,,,,,,,,,,,,,,,,,,,,,,,,,,,,,,,,,,,,,,,,,,,,,,,,,,,,,,,,,,,,,,,,,,,,,,,,,,,,,,,,,,,,,,,,,,,,,,,,,,,,,,,,,,,,,,,,,,,,,,http://www.burundi.cz,,,,,,,,,,,,,,,
node/2657575731,node/2657575731,,Praha 2,1008,,,,1008/28,,12000,Blanická,28,,,,,pub,,,,,,,,,,,,,,,,,,,,,,,,,,,,,,,,,,,,,,,,,,,,,,,,,,,,,,,,,,,,,,,,,,,,,,,,,,,,pivnibar@blanicka28.cz,,,,,,,,,,,,,,yes,,,,,,,,,,,,,,,,,,,,,,,,,,,,,,,,Pivní bar Blanická 28,,,,,,,,,,,,,,,,,,,,,,"Mo-Fr 16:00-01:00, Sa,Su 17:00-01:00",,,,,,,no,,,,,,,,,,,,,,,,,,,,,,,,,,,,,,,,,,,,,,,,,+420 603 378 681,,,,,,,,,,,,,,,,,,,,,,,,,,,,,,,,,,,,,,,,,,,,,,,,,,,,,,,,,,,,,,,,,,,,,,,,,,,https://www.abc.cz/firma/pivni-bar-blanicka-praha/,,,,,,,,,,,,,,,
node/2682086523,node/2682086523,,,,,,,,,,,,,,,,pub,,,,,,,,,,,,,,,,,,,,,,,,,,,,,,,,,,,,,,,,,,,,,,,,,,,,,,,,,,,,,,,,,,,,,,,,,,,,,,,,,,,,,,,,,,,,,,,,,,,,,,,,,,,,,,,,,,,,,,,,,,U Špačka,,,,,,,,,,,,,,,,,,,,,,,,,,,,,,,,,,,,,,,,,,,,,,,,,,,,,,,,,,,,,,,,,,,,,,,,,,,,,,,,,,,,,,,,,,,,,,,,,,,,,,,,,,,,,,,,,,,,,,,,,,,,,,,,,,,,,,,,,,,,,,,,,,,,,,,,,,,,,,,,
node/2709963362,node/2709963362,,,,,,,313,,19600,Vyhlídkova,,,,,,pub,,,,,,,,,,,,,,,,,,,,,,,,,,,,,,,,,,,,,,,,,,,,,,,,,,,,,,,,,,,,,,,,,,,,,,,,,,,,,,,,,,,,,,,,,,yes,,,,,,,,,,,,,,,,,,,,,,,,,,,,,,,,U Herčíků,,,,,,,,,,,,,,,,,,,,,,"Mo-Su,PH 11:00-23:00",,,,,,,yes,,,,,,,,,,,,,,,,,,,,,,,,,,,,,,,,,,,,,,,,,,,,,,,,,,,,,,,,,,,,,,,,,,,,,,,,,,,,,,,,,,,,,,,,,,,,,,,,,,,,,,,,,,,,,,,,,,,,https://uherciku.cz/,,,,,,,,,,,,,,,
node/2718026171,node/2718026171,,,,,,,,,,,,,,,,restaurant,,,,,,,,,,,,,,,,,,,,,,,,,,,,,,,,,,,,,,,,,,,,,,,regional,,,,,,,,,,,,,,,,,,,,,,,,,,,,,mydas@volny.cz,,,,,,,,,,,,,,,,,,,,,,,,,,,,,,,,,,,,,,,,,yes,,,,,Gusta,,,,,,,,,,,,,,,,,,,,,,,,,,,,,,,,,,,,,,,,,,,,,,,,,,,,,,,,,,,,,,,,,,,,,,+420 775 660 728,,,,,,,,,,,,,,,,,,,,,,,,,,,,,,,,,,,,,,,,,,,,,,,,,,,,,,,,,,,,,,,,,,,,,,,,,,,https://www.pivovartrebonice.com/,,,,,,,,,,,,,,,
node/2719404653,node/2719404653,,,,,,,,,,,,,,,,bar,,,,,,,,,,,,,,,,,,,,,,,,,,,,,,,,,,,,,,,,,,,,,,,,,,,,,,,,,,,,,,,,,,,,,,,,,,,,house-mouse@house-mouse.cz,,,,,,,,,,,,,,,,,,,,,,,,,,,,,,,,,,,,,,,,,,,,,,House Mouse,,,,,,,,,,,,,,,,,,,,,,Mo-Su 17:00-01:00; Fr-Sa 17:00-02:00,,,,,,,,,,,,,,,,,,,,,,,,,,,,,,,,,,,,,,,,,,,,,,,,+420272740753,,,,,,,,,,,,,,,,,,,,,,,,,,,,,,,,,,,,,,yes,,,,,,,,,,,,,,,,,,,,,,,,,,,,,,,,,,,,,http://www.house-mouse.cz/,,,,,,,,,,,,,,,
node/2737439867,node/2737439867,,Praha,,CZ,,,43,,12000,Americká,,,,,,pub,,,,,,,,,,,,,,,,,,,,,,,,,,,,,,,,,,,,,,,,,,,,,,,,,,,,,,,,,,,,,,,,,,,,,,,,,,,,info@praguebeermuseum.com,,,,,,,,,,,,,,,,wlan,,,,,,,,,,,,,,,,,,,,,,,,,,,,,,Prague Beer Museum,,,,,,,,,,Пражский пивной музей,,,,,,,,,,,,Mo-Su 15:00-01:00,,,,,,,yes,,,,,,,,,,,,,,,,,,,,,,,,,,,,,,,,,,,,,,,,,+420 774 994 698,,,,,,,,,,,,,,,,,,,,,,,,,,,,,,,,,,,,,,,,,local knowledge,,,,,,,,,,,,,,,,,,,,,,,,,,,,,,,,,,http://www.praguebeermuseum.com/,,,,,,,,,,,,,,,
node/2737907490,node/2737907490,,,,,,,9,,,Malá Štupartská,,,,,,pub,,,,,,,,,,,,,,,,,,,,,,,,,,,,,,,,,,,,,,,,,,,,,,,regional,,,,,,,,,,,,,,,,,,,,,,,,,,,,,,,,,,,,,,,,,,,,,,,,,,,,,,,,,,,,,,,,,,,,,,,,,,,Pivnice Štupartská,Pivnice Štupartská,,,,,,,,,Pivnice Štupartská,,,,,,,,,,,,Mo-Sa 11:00-00:00; Su 11:00-24:00,,,,,,,no,,,,,,,,,,,,,,,,,,,,,,,,,,,,,,,,,,,,,,,,,,,,,,,,,,,,,,,,,,,,,,,,,,,,,,,,,,,,,,,yes,,,,,,,,,,,,,,,2022-10-13,,,no,,,,,,,,,,,,,,,,,,,https://www.pivnicestupartska.cz/,,,,,limited,,,,,,,,,,
node/2740467179,node/2740467179,,Praha,273,CZ,,,273/12,Vršovice,10100,Krymská,12,Praha 10,,,,bar,,,,,,,,,,,,,,,,,,,,,,,,,,,,,,,,,,,,,,,,,,,,,,,,,,,,,,,,,,,,,,,,,,,,,,,,,,,,,,,,,,,,,,,,,,,,,,,,,,,,,,,,,,,,,,,,,,,,,,,,,,Café v lese,,,,,,,,,,,,,,,,,,,,,,"Mo-Su 00:00-02:00,18:00-24:00",,,,,,,,,,,,,,,,,,,,,,,,,,,,,,,,,,,,,,,,,,,,,,,,+420 731 413 964,,,,,,,,,,,,,,,,,,,,,,,,,,,,,,,,,,,,,,,,,,cuzk:ruian,survey,,,,,,,,,,,,,,,,,,,,,,,,,,,,,,,,https://cafevlese.cz/,,,,,no,,,,,,,,,,
node/2740467211,node/2740467211,,,,,,,,,,,,,,,,pub,,,,,,,,,,,,,,,,Kout,,,,,,,,,,,,,,,,,,,,,,,,,,,,,,,,,,,,,,,,,,,,,,,,,,,,,,,,,,,,,,,,,,,,,,,,,,,,,,,,,,,,,,,,,,,,,,,,,,,,,,,,,,U Jeffa,,,,,,,,,,,,,,,,,,,,,,,,,,,,,,,,,,,,,,,,,,,,,,,,,,,,,,,,,,,,,,,,,,,,,,,,,,,,,,,,,,,,,,,,,,,,,,,,,,,,,,,,,,,,,,,,,,,,,,,,,,,,,,,,,,,,,,,,,,,,,,,,,https://cyklisticky-klub-u-jeffa.webnode.cz/,,,,,,,,,,,,,,,
node/2747790890,node/2747790890,,,,,,,,,,,,,,,,pub,,,,,,,,,,,,,,,,,,,,,,,,,,,,,,,,,,,,,,,,,,,,,,,,,,,,,,,,,,,,,,,,,,,,,,,,,,,,,,,,,,,,,,,,,,,,,,,,,,,,,,,,,,,,,,,,,,,,,,,,,,Rock n Beer Bar,,,,,,,,,,,,,,,,,,,,,,,,,,,,,,,,,,,,,,,,,,,,,,,,,,,,,,,,,,,,,,,,,,,,,,,,,,,,,,,,,,,,,,,,,,,,,,,,,,,,,,,,,,,,,,,,,,,,,,,,,,,,,,,,,,,,,,,,,,,,,,,,,,,,,,,,,,,,,,,,
node/2757557215,node/2757557215,,,1796,,,,1796/13a,Kobylisy,18200,Chabařovická,13a,,,,,bar,,,,,,,,,,,,,,,,,,,,,,,,,,,,,,,,,,,,,,,,,,,,,,,,,,,,,,,,,,,,,,,,,,,,,,,,,,,,,,,,,,,,,,,,,,,,,,,,,,,,,,,,,,,,,,,,,,,,,,,,,,Las Vegas BAR-HERNA,,,,,,,,,,,,,,,,,,,,,,24/7,,,,,,,yes,,,,,,,,,,,,,,,,,,,,,,,,,,,,,,,,,,,,,,,,,,,,,,,,,,,,,,,,,,,,,,,,,,,,,,,,,,,,,,,yes,,,,,,,,,,,,,,,,,,,,,,,,,,,,,,,,,,,,,,,,,,,,,,,,,,,,
node/2758510161,node/2758510161,,Praha,153,CZ,,,153/32,Vinohrady,12000,Záhřebská,32,Praha 2,,,,bar,,,,,,,,,,,,,,,,,,,,,,,,,,,,,,,,,,,,,,,,,,,,,,,,,,,,,,,,,,,,,,,,,,,,,,,,,,,,bar@sbohemrozume.cz,,,,,,,,,,,,,,,,wlan,no,,,,,,,,,,,,,,,,,,,,,,,,,,,,,Sbohemrozume,,,,,,,,,,,,,,,,,,,,,,Mo-Fr 16:00-24:00; Sa 18:00-24:00,,,,,,,yes,,,,,,,,,,,,,,,,,,,,,,,,,,,,,,,,,,,,,,,,,+420 604 456 666,,,,,,,,,,,,,,,,,,,,,,,,,,,,,,,,,,,,,,,,,,cuzk:ruian,survey,,,,,,,,,,,,,,,,,,,,,,,,,,,,,,,,http://www.sbohemrozume.cz/,,,,,,,,,,,,,,,
node/2796265428,node/2796265428,,,,,,,30,,,Štítného,,,,,,pub,,,,,,,,,,,,,,,,,,,,,,,,,,,,,,,,,,,,,,,,,,,,,,,,,,,,,,,,,,,,,,,,,,,,,,,,,,,,,,,,,,,,,,,,,,,,,,,,,,,,,,,,,,,,,,,,,,,,,,,,,,Behind the Courtain,,,,,,,,,,,,,,,,,,,,,,,,,,,,,,,,,,,,,,,,,,,,,,,,,,,,,,,,,,,,,,,,,,,,,,,,,,,,,,,,,,,,,,,,,,,,,,,,,,,,,,,,,,,,,,,,,,,,,,,,,,,,,,,,,,,,,,,,,,,,,,,,,,,,,,,,,,,,,,,,
node/2796265430,node/2796265430,,Praha 3,,,,,3,,13000,Tachovské náměstí,,,,,,bar,,,,,,,,,,,,,,,,,,,,,,,,,,,,,,,,,,,,,,,,,,,,,,,,,,,,,,,,,,,,,,,,,,,,,,,,,,,,,,,,,,,,,,,,,,,,,,,,,,,,,,,,,,,,,,,,,,,,,,,,,,Bajkazyl,,,,,,,,,,,,,,,,,,,,,,,,,,,,,yes,,,,,,,,,,,,,,,,,,,,,,,,,,,,,,,,,,,,,,,,,,,,,,,,,,,,,,,,,,,,,,,,,,,,,,,,,,,,,,,outside,,,,,,,,,,,,,,,,,,,,,,,,,,,,,,,,,,,,,,,,,,,,,,,,,,,,
node/2810514035,node/2810514035,,Praha 9 Satalice,104,,,,104/20,,19015,K Nádraží,20,,,,,pub,,,,,,,,,,,,,,,,,,,,,,,30,,,,,,,,,,,,,,,,,,,,,,,,,,,,,"Provozujeme hospodu s nabídkou pokrmů teplé i studené kuchyně i alkoholických a nealkoholických nápojů. Točíme piva Gambrinus, Kozel a Plzeň, prodáváme bílá, červená i šumivá vína, likéry i tvrdý alkohol. Zaměřujeme se na česká a maďarská sezónní jídla.",,,,,,,,,,,,,,,,,,,,,,,,petr.juraczko@gmail.com,,,,,,,,,,,,,,,,,,,,,,,,,,,,,,,,,,,,,,,,,,,,,,U Dášeny,,,,,,,,,,,,,,,,,,,,,,Su-Th 17:00-01:00; Fr-Sa 17:00-02:00,,,,,,,yes,,,,,,,,,,,,,,,,,,,,,,,,,,,,,,,,,,,,,,,,,+420 608 253 325,,,,,,,,,,,,,,,,,,,,,,,,,,,,,,,,,,,,,,yes,,,,,,,,,,,,,,,,,,,,,,,,,,,,,,,,,,,,,,,,,,,,,,,,,,,,
node/2822238729,node/2822238729,,,,,,,,,,,,,,,,pub,,,,,,,,,,,,,,,,,,,,,,,,,,,,,,,,,,,,,,,,,,,,,,,,,,,,,,,,,,,,,,,,,,,,,,,,,,,,,,,,,,,,,,,,,,,,,,,,,,,,,,,,,,,,,,,,,,,,,,,,,,BŘEŽANKA,,,,,,,,,,,,,,,,,,,,,,,,,,,,,,,,,,,,,,,,,,,,,,,,,,,,,,,,,,,,,,,,,,,,,,,,,,,,,,,,,,,,,,,,,,,,,,,,,,,,,,,,,,,,,,,Bing,,,,,,,,,,,,,,,,,,,,,,,,,,,,,,,,,,,,,,,,,,,,,,,,,
node/2858014134,node/2858014134,,,,,,,1466,,19016,Nadějovská,,,,,,pub,,,,,,,,,,,,,,,,,,,,,,,,,,,,,,,,,,,,,,,,,,,,,,,,,,,,,,,,,,,,,,,,,,,,,,,,,,,,,,,,,,,,,,,,,,,,,,,,,,,,,,,,,,,,,,,,,,,,,,,,,,U Čížků,,,,,,,,,,,,,,,,,,,,,,,,,,,,,,,,,,,,,,,,,,,,,,,,,,,,,,,,,,,,,,,,,,,,,,,,,,,,,,,,,,,,,,,,,,,,,,,,,,,,,,,,,,,,,,,,,,,,,,,,,,,,,,,,,,,,,,,,,,,,,,,,,,,,,,,,,,,,,,,,
node/2917391678,node/2917391678,,,,,,,,,,,,,,,,pub,,,,,,,,,,,,,,,,,,,,,,,,,,,,,,,,,,,,,,,,,,,,,,,,,,,,,,,,,,,,,,,,,,,,,,,,,,,,,,,,,,,,,,,,,,,,no,,,,,,,,,,,,,,,,,,,,,,,,,,,,,,Občerstvení,,,,,,,,,,,,,,,,,,,,,,,,,,,,,,,,,,,,,,,,,,,,,,,,,,,,,,,,,,,,,,,,,,,,,,,,,,,,,,,,,,,,,,,,,,,,,,,,,,,,,,,,,,,,yes,,,,,,,,,,,,,,,,,,,,,,,,,,,,,,,,,,,,,,,,,,no,,,,,,,,,,
node/2917399305,node/2917399305,,Praha,533,CZ,,,533/22,Smíchov,15000,Vltavská,22,Praha 5,,,,pub,,,,,,,,,,,,,,,,,,,,,,,,,,,,,,,,,,,,,,,,,,,,,,,,,,,,,,,,,,,,,,,,,,,,,,,,,,,,,https://www.facebook.com/Hospoda-Brouk-83009662377/,,,,,,,,,,,,,,,,,,,,,,,,,,,,,,,,,,,,,,,,,,,,,Brouk,,,,,,,,,,,,,,,,,,,,,,"Su-Th 16:00-24:00, Fr,Sa 16:00-02:00",,,,,,,,,,,,,,,,,,,,,,,,,,,,,,,,,,,,,,,,,,,,,,,,+420 736 671 479,,,,,,,,,,,,,,,,,,,,,,,,,,,,,,,,,,,,,,,,,,cuzk:ruian,survey,,,,,,,,,,,,,,,,,,,,,,,,,,,,,,,,,,,,,no,,,,,,,,,,
node/2918048202,node/2918048202,,Praha,1631,,,,1631/6,,12000,Hálkova,6,,,,,pub,,,,,,,,,,,,,,,,,,,,,,,,,,,,,,,,,,,,,,,,,,,,,,,,,,,,,,,,,,,,,,,,,,,,,,,,,,,,,,,,,,,,,,,,,,,,,,,,,,,,,,,,,,,,,,,,,,,,,,,,,,The PUB,,,,,,,דה פאב,,,,,,,,,,,,,,,,,,,,,,,,,,,,,,,,,,,,,,,,,,,,,,,,,,,,,,,,,,,,,,,,,,,,,,,,,,,,,,,,,,,,,,,,,,,,,,,,,,,,,,,,,,,,,,,,,,,,,,,,,,,,,,,,,,,,,,,,,,,,,,,,,,,,,,,,,
node/2924307186,node/2924307186,,,,,,,,,,,,,,,,pub,,,,,,,,,,,,,,,,,,,,,,,,,,,,,2024-05-29,,,,,,,,,,,,,,,,,,,,,,,,,,,,,,,,,,,,,,,,,,,,,,,,,,,,,,,,,,,,,,,,,,,,,,,,,,,,,,,,,,,,,,,,,,,,,Beach club,,,,,,,,,,,,,,,,,,,,,,Mo-Su 11:00-22:00,,,,,,,,,,,,,,,,,,,,,,yes,,yes,,,,,,,,,,,,,,,,,,,,,,,,,,,,,,,,,,,,,,,,,,,,,,,,,,,,,,,,,,,,,,,,,,,,,,,,,,,,,,,,,,,,,,,,,,,,,,,,,,,,,,,,,,,,,,,,,,
node/2933140802,node/2933140802,,Praha 8,,,,,260/71,,18100,Bohnická,,,,,,pub,,,,,,,,,,,,,,,,,,,,,,,,,,,,,,,,,,,,,,,,,,,,,,,pasta;regional;diner;tea;coffee_shop;local,,,,,,,,,,,,,,,,,,,,,,,,,,,,,restaurace.zahradka@email.cz,,,,,,,,,,,,,,yes,,,,,,,,,,,,,,,,,,,,,,,,,,,,,,,,Weranda,,,,,,,,,,,,,,,,,,,,,,Mo-Sa 11:00-22:00; Su 11:00-22:00,,,,,,,yes,,,,,,,,,,,,,,,no,,,,,,,,,,,,,,,,,,,,,,,,,,+420608770379,,,,,,,,,,,,,,,,,,,,,,,,,,,,,,,,,,,,,,,,,,,,,,,,,,,,,,,,,,,,,,,,,,,,,,,,,,,http://www.restauracezahradka.cz,,,,,,,,,,,,,,,
node/2972995124,node/2972995124,,Praha,,,,,2,,14000,Dačického,,,,,,pub,,,,,,industrial,,,,,,,,,,,,,,,,,,,,,,,,,,,,,,,,,,,,,,,,,,,,,,,,,,,,,,,,,,,,,,,,,,,,,,,,,,,,,,,,,,,,yes,,,,,,,,,,,,,,,,,,,,,,,,,,,,,,,,Pivnice Tunel,,,,,,,,,,,,,,,,,,,,,,"PH,Mo-Su 14:00-23:00",,,,,,,yes,,,,,,,,,,,,,,,,,,,,,,,,,,,,,,,,,,,,,,,,,,,,,,,,,,,,,,,,,,,,,,,,,,,,,,,,,,,,,,,,,,,,,,,,,,,,,,,,,,,,,,,,,,,,,,,,,,,,,,,,,no,,,,,,,,,,
node/2994597330,node/2994597330,,Praha,,,,,4,,11000,Václavské náměstí,,,,,,bar,,,,,,,,,,,,,,,,,,,,,,,,,,,,,,,,,,,,,,,,,,,,,,,,,,,,,,,,,,,,,,,,,,,,,,,,,,,,,,,,,,,,,,,,,,yes,,,,,,,,,,,,,,,,,,,,,,,,,,,,,,,,Becherovka,,,,,,,,,,,,,,,,,,,,,,Mo-Su 10:00-00:00,,,,,,,yes,,,,,,,,,,,,,,,,,,,,,,,,,,,,,,,,,,,,,,,,,,,,,,,,,,,,,,,,,,,,,,,,,,,,,,,,,,,,,,,,,,,,,,,,,,,,,,,,,,,,,,,,,,,,,,,,,,,,,,,,,,,,,,,,,,,
node/2999513464,node/2999513464,,Praha 1,,,,,56,,11000,Václavské náměstí,,,,,,bar,,,,,,,,,,,,,,,,,,,,,,,,,,,,,,,,,,,,,,,,,,,,,,,,,,,,,,,,,,,,,,,,,,,,,,,,,,,,,,,,,,,,,,,,,,,,,,,,,,,,,,,,,,,,,,,,,,,,,,,,,,Golden Eye,,,,,,,,,,,,,,,,,,,,,,Tu-We 17:00-02:00; Th 17:00-03:00; Fr-Sa 17:00-05:00,,,,,,,,,,,,,,,,,,,,,,,,,,,,,,,,,,,,,,,,,,,,,,,,+420732232333,,,,,,,,,,,,,,,,,,,,,,,,,,,,,,,,,,,,,,,,,,,,,,,,,,,,,,,,,,,,,,,,,,,,,,,,,,,https://goldeneye.cz/,,,,,,,,,,,,,,,
node/3007149346,node/3007149346,,,,,,,,,,K Šeberovu,,,,,,bar,,,,,,,,,,,,,,,,,,,,,,,,,,2025-06-29,,,,,,,,,,,,,,,,,,,,,,,,,,,,,,,,,,,,,,,,,,,,,,,,,,,,,,,,,,,,,,,,,,,,,,,,,,,,,,,,,,,,,,,,,,,,,,,,Vinotéka – bistro,,,,,,,,,,,,,,,,,,,,,,"10:00-20:00 ""letní zahrádka""",,,,,,,yes,,,,,,,,,,,yes,,yes,,yes,,yes,,,,,,,,,,,,,,,,,,,,,,,,,,,,,,,,,,,,,,,,,,,,,,,,,,,,,,,,,,,,,,separated,,,,,,,,,,,,,,,,,,,,,,,,,,,,,,,,,,,,,,,,,,,,,,,,,,,,
node/3019724721,node/3019724721,,Praha,677,CZ,,,677/10,Nové Město,11000,Vodičkova,10,Praha 1,,,,pub,,,,,,,,,,,,,,,,,,,,,,,,,,,,,,,,,,,,usudu,,,,,,,,,,,,,,,,,,,,,,,,,,,,,,,,,,,,,,,,,https://www.facebook.com/usudu/,,,,,,,,,,,,,,,wlan,,,,,,,,,,,,,,,,,,,,,,,,,,,,,,U Sudu,,,,,,,,,,,,,,,,,,,,,,Mo-Th 09:00-04:00; Fr 09:00-05:00; Sa 10:00-05:00; Su 11:00-04:00,,,,,,,yes,,,,,,,,,,,,,,,,,,,,,,,,,,,,,,,,,,,,,,,,,+420 222 232 207,,,,,,,,,,,,,,,,,,,,,,,,,,,,,,,,,,,,,,,,,,cuzk:ruian,survey,,,,,,,,,,,,,,,,,,,,,,,,,,,,,,,,http://www.usudu.cz/,,,,,,,,,,,,,,,
node/3051766528,node/3051766528,,,,,,,,,,,,,,,,bar,,,,,,,,,,,,,,,,,,,,,,,,,,,,,,,,,,,,,,,,,,,,,,,,,,,,,,,,,,,,,,,,,,,,,,,,,,,,,,,,,,,,,,,,,,,,,,,,,,,,,,,,,,,,,,,,,,,,,,,,,,Pomeranč,,,,,,,,,,,,,,,,,,,,,,24/7,,,,,,,,,,,,,,,,,,,,,,,,,,,,,,,,,,,,,,,,,,,,,,,,,,,,,,,,,,,,,,,,,,,,,,,,,,,,,,,,,,,,,,yes,,,,,,,,,,,,,,,,,,,,,,,,,,,,,,,,,,,,,,,,,,,,,,,,,,,,
node/3082106132,node/3082106132,,Praha 3,,,,,2,,130 00,Sabinova,,,,,,bar,,,,,,,,,,,,,,,,,,,,,,,,,,,,,,,,,,,,,,,,,,,,,,,,,,,,,,,,,,,,,,,,,,,,,,,,,,,,,,,,,,,,,,,,,,,,,,,,,,,,,,,,,,,,,,,,,,,,,,,,,,Alien Music bar,,,,,,,,,,,,,,,,,,,,,,,,,,,,,,,,,,,,,,,,,,,,,,,,,,,,,,,,,,,,,,,,,,,,,,,,,,,,,,,,,,,,,,,,,,,,,,,,,,,,,,,,,,,,,,,,,,,,,,,,,,,,,,,,,,,,,,,,,,,,,,,,,,,,,,,,,,,,,,,,
node/3104120230,node/3104120230,,Praha,,,,,93,,13000,Jeseniova,,,,,,pub,,,,,,,,,,,,,,,,,,,,,,,,,,,,,2025-12-29,,,,,,,,,,,,,,,,,,,,,,,,,,,,,,,,,,,,,,,,,,,,,,,,,,,,,,,,,,,,,yes,,,,,,,,,,,,,,,,,,,,,,,,,,,,,,,,Bernard Pub,,,,,,,,,,,,,,,,,,,,,,Mo-Su 14:00-02:00,,,,,,,yes,,,,,,,,,,,,,,,,,,,,,,,,,,,,,,,,,,,,,,,,,+420 720 446 944,,,,,,,,,,,,,,,,,,,,,,,,,,,,,,,,,,,,,,,,,,,,,,,,,,,,,,,,,,,,,,,,,,,,,,,,,,,https://bernardpub.cz/,,,,,,,,,,,,,,,
node/3152261150,node/3152261150,,,,,,,,,,,,,,,,pub,,,,,,,,,,,,,,,,,,,,,,,,,,,,,,,,,,,,,,,,,,,,,,,,,,,,,,,,,,,,,,,,,,,,,,,,,,,,,,,,,,,,,,,,,,,,,,,,,,,,,,,,,,,,,,,,,,,,,,,,,,Kulturáček na Bílé Hoře,,,,,,,,,,,,,,,,,,,,,,"Mo-Su,PH 14:00-22:00",,,,,,,,,,,,,,,,,,,,,,,,,,,,,,,,,,,,,,,,,,,,,,,,+420 777 320 390,,,,,,,,,,,,,,,,,,,,,,,,,,,,,,,,,,,,,,,,,,,,,,,,,,,,,,,,,,,,,,,,,,,,,,,,,,,http://www.kulturacek.cz/,,,,,,,,,,,,,,,
node/3154280217,node/3154280217,,Praha,,,,,8,,11800,Míšeňská,,,,,,pub,,,,,,,,,,,,,,,,,,,,,,,,,,,,,,,,,,,,,,,,,,https://vinograf.cz/,,,,,,,,,,,,,,,,,,,,,,,,,,,,,,,,,,,,,,,,,,,,,,,,,,,,,,,,,,,,,,,,,,,,,,,,,,,,,,,,Vinograf Wine Bar,,,,,,,,,,,,,,,,,,,,,,,,,,,,,,,,,,,,,,,,,,,,,,,,,,,,,,,,,,,,,,,,,,,,,,,,,,,,,,,,,,,,,,,,,,,,,,,,,,,,,,,,,,,,,,,,,,,,,,,,,,,,,,,,,,,,,,,,,,,,,,,,,,,,,,,,,,Q31836074,,,,,,
node/3155494586,node/3155494586,,,,,,,,,,,,,,,,bar,,,,,,,,,,,,,,,,,,,,,,,,,,,,,,,,,,,,,,,,,,,,,,,,,,,,,,,,,,,,,,,,,,,,,,,,,,,,,,,,,,,,,,,,,,,,no,,,,,,,,,,,,,,,,,,,,,,,,,,,,,,Kulovna,,,,,,,,,,,,,,,,,,,,,,Mo-Su 16:00-24:00,,,,,,,,,,,,,,,,,,,,,,,,,,,,,,,,,,,,,,,,,,,,,,,,,,,,,,,,,,,,,,,,,,,,,,,,,,,,,,,,,,,,,,no,,,,,,,,,,,,,,,,,,,,,,,,,,,,,,,,,,,,,,,,,,yes,,,,,,,,,,
node/3156984581,node/3156984581,,Praha,,,,,2506/106,,101 00,Korunní,,,,,,restaurant,,,,,,,,,,,,,,,,,,,,,,,,,,,,,,,,,,,,,,,,,,,,,,,regional,,,,,,,,,,,,yes,,,,,,,,,,,,,,,,,,,,,,,,,,,,,,,yes,,,,,,,,,,,,,,,,,,,,,,,,,,,yes,,,,,Vinohradský pivovar,,,,,,,,,,,,,,,,,,,,,,Mo-Su 11:00-24:00,,,,,,,no,,,,,,,,,,,,,,,,,,,,,,,,,,,,,,,,,,,,,,,,,+420 222 760 080,,,,,,,,,,,,,,,,,,,,,,,,,,,,,,,,,,,,,,,,,,,,,,,,,,,,,,,,,,,,,,,,,,,,,,,,,,,https://www.vinohradskypivovar.cz/,,,,,no,,,,,,,,,,
node/3166218274,node/3166218274,,,,,,,,,,,,,,,,,,,,,,,,,,,,,,,,,,,,,,,,,,,,,,,,,,,,,,,,,,,,,,,,,,,,,,,,,,,,,,,,,yes,,,,,,,,,,,,,,,,,,,,,,,,,,,,,,,,,,,,,,,,,,,,,,,,,,,,,,,,,SPA BEER LAND,,,,,,,,,,,,,,,,,,,,,,,,,,,,,,,,,,,,,,,,,,,,,,,,,,,,,,,,,,,,,,,,,,,,,,,,,,,,,,,,,,,,,,,,,,,,,,,,,,,,alcohol,,,,,,,,,,,,,,,,,,,,,,,,,,,,,,,,,,,,,,,,,,,,,,,,,,,,,,,,,,,,
node/3171969863,node/3171969863,,Praha,2003,CZ,,,2003/16,Nové Město,12000,Salmovská,16,Praha 2,,,,pub,,,,,,,,,,,,,,,,,,,,,,,,,,,,,,,,,,,,,,,,,,,,,,,,,,,,,,,,,,,,,,,,,,,,,,,,,,,,,https://www.facebook.com/salmovskaliterarnikavarna/,,,,,,,,,,,,,,,wlan,no,,,,,,,,,,,,,,,,,,,,,,,,,,,,,Salmovská literární kavárna,,,,,,,,,,,,,,,,,,,,,,Mo-Fr 17:00-23:30,,,,,,,,,,,,,,,,,,,,,,,,,,,,,,,,,,,,,,,,,,,,,,,,+420 604 645 624,,,,,,,,,,,,,,,,,,,,,,,,,,,,,,,,,,,,,,,,,,cuzk:ruian,survey,,,,,,,,,,,,,,,,,,,,,,,,,,,,,,,,https://www.salmovska.cz/,,,,,,,,,,,,,,,
node/3188225065,node/3188225065,,,,,,,,,,,,,,,,bar,,,,,,,,,,,,,,,,,,,,,,,,,,2024-02-14,,,,,,,,,,,,,,,,,,,,,,,,,,,,,,,,,,,,,,,,,,,,,,,,,,,,,,,,,,,,,,,,,,,,,,,,,,,,,,,,,,,,,,,,,,,,,,,,Cíl 2.0,,,,,,,,,,,,,,,,,,,,,,"Tu-Th 18:00-01:00, Fr,Sa 18:00-02:00",,,,,,,,,,,,,,,,,,,,,,,,,,,,,,,,,,,,,,,,,,,,,,,,,,,,,,,,,,,,,,,,,,,,,,,,,,,,,,,,,,,,,,,,,,,,,,,,,,,,,,,,,,,,,,,,,,,,,,,,,,,,,,,,,,,,,,,,,,
node/3204170012,node/3204170012,,Praha,,,,,4,,11000,U Obecního dvora,,,,,,pub,,,,,,,,,,,,,,,,,,,,,,,,,,,,,,,,,,,,,,,,,,,,,,,,,,,,,,,,,,,,,,,,,,,,,,,,,,,,jamesjoyceprague@gmail.com,,,,,,,,,,,,,,yes,,,,,,,,,,,,,,,,,,,,,,,,,,,,,,,,James Joyce,,,,,,,,,,,,,,,,,,,,,,"Su-Th 11:00-00:30, Fr,Sa 11:00-02:00",,,,,,,no,,,,,,,,,,,,,,,,,,,,,,,,,,,,,,,,,,,,,,,,,+420 224 818 851,,,,,,,,,,,,,,,,,,,,,,,,,,,,,,,,,,,,,,,,,,,,,,,,,,,,,,,,,irish,,,,,,,,,,,,,,,,,,https://www.jamesjoyceprague.cz/,,,,,,,,,,,,,,,
node/3206107088,node/3206107088,,Praha,34,CZ,,,34/7,Troja,17100,Pod Havránkou,7,Praha-Troja,,wine,,,,,,,,,,,,,,,,,,,,,,,,,,,,,,,,,,,,,,,,,,,,,,,,,,,,,,,,,,,,,,,,,,,,,,,,,yes,,,,,,https://www.facebook.com/vinotekasvklara/,,,,,,,,,,,,,,,wlan,,,,,,,,,,,,,,,,,,,,,,,,,,,,,,Vinotéka sv. Kláry,,,,,,,,,,,,,,,,,,,,,,"Mo-Fr 13:00-19:00; Sa,Su 11:00-19:00",,,,,,,yes,,,,,,,,,,,,,,,,,,,,,,,,,,,,,,,,,,,,,,,,,+420 234 148 153,,,,,,,,,,,,,,,,,,,,,,,,,,,,,,alcohol,,,,,,,,,,,,cuzk:ruian,survey,,,,,,,,,,,,,,,,,,,,,,,,,,,,,,,,https://www.botanicka.cz/,,,,,,,,,,,,,,,
node/3209189461,node/3209189461,,Praha 10,440,,,,440/26,,10100,Krymská,26,,,,,bar,,,,,,,,,,,,,,,,,,,,,,,,,,,,,,,,,,,,,,,,,,,,,,,,,,,,,,,,,,,,,,,,,,,,,,,,,,,,,,,,,,,,,,,,,,,,,,,,,,,,,,,,,,,,,,,,,,,,,,,,,,Malér bar,,,,,,,,,,,,,,,,,,,,,,,,,,,Sidrárna s.r.o.,,no,,,,,,,,,,,,,,,,,,,,,,,,,,,,,,,,,,,,,,,,,,,,,,,,,,,,,,,,,,,,,,,,,,,,,,,,,,,,,,,outside,,,,,,,,,,,,,,,,,,,,,,,,,,,,,,,,,,,,,,,,,,,,,,,,,,,,
node/3219897044,node/3219897044,,,,,,,,,,,,,,,,,,,,,,,,,,,,,,,,,,,,,,,,,,,,,,,,,,,,,,,,,,,,,,,,,,,,,,,,,,,,,,,,,,,,,,,,,,,,,,,,,,,,,,,,,,,,,,,,,,,,,,,,,,,,,,,,,,,,,,,,,,Vinotéka Separé,,,,,,,,,,,,,,,,,,,,,,"Mo-Fr 11:00-22:00, Su 17:00-22:00",,,,,,,,,,,,,,,,,,,,,,,,,,,,,,,,,,,,,,,,,,,,,,,,,,,,,,,,,,,,,,,,,,,,,,,,,,,,,,alcohol,,,,,,,,,,,,,,,,,,,,,,,,,,,,,,,,,,,,,,,,,,,,,http://www.vinotekasepare.wz.cz,,,,,limited,,,,,,,,,,
node/3230050665,node/3230050665,,,,,,,,,,,,,,,,bar,,,,,,,,,,,,,,,,,,,,,,,,,,,,,,,,,,,,,,,,,,,,,,,,,,,,,,,,,,,,,,,,,,,,,,,,,,,,,,,,,,,,,,,,,,,,,,,,,,,,,,,,,,,,,,,,,,,,,,,,,,Final Art Music Club,,,,,,,,,,,,,,,,,,,,,,,,,,,,,,,,,,,,,,,,,,,,,,,,,,,,,,,,,,,,,,,,,,,,,,,,,,,,,,,,,,,,,,,,,,,,,,,,,,,,,,,,,,,,,,,,,,,,,,,,,,,,,,,,,,,,,,,,,,,,,,,,,,,,,,,,,,,,,,,,
node/3231023147,node/3231023147,,,,,,,,,,,,,,,,bar,,,,,,,,,,,,,,,,,,,,,,,,,,,,,,,,,,,,,,,,,,,,,,,,,,,,,,,,,,,,,,,,,,,,,,,,,,,,,,,,,,,,,,,,,,,,,,,,,,,,,,,,,,,,,,,,,,,,,,,,,,Výčep Jihomoravských Vín,,,,,,,,,,,,,,,,,,,,,,"Mo-Fr 12:00-20:00; Sa,Su 15:00-20:00",,,,,,,,,,,,,,,,,,,,,,,,,,,,,,,,,,,,,,,,,,,,,,,,,,,,,,,,,,,,,,,,,,,,,,,,,,,,,,,,,,,,,,yes,,,,,,,,,,,,,,,,,,,,,,,,,,,,,,,,,,,,,,,,,,,,,,,,,,,,
node/3237674273,node/3237674273,,Praha 2,,,,,4,,12000,Bruselská,,,,,,bar,,,,,,,,,,,,,,,,,,,,,,,,,,,,,,,,,,,,,,,,,,,,,,,,,,,,,,,,,,,,,,,,,,,,,,,,,,,,resetbarbruselska@gmail.com,,,,,,,,,,,,,,,,,,,,,,,,,,,,,,,,,,,,,,,,,,,,,,Reset,,,,,,,,,,,,,,,,,,,,,,Mo-Fr 14:00-24:00; Sa 15:00-24:00; Su 15:00-23:00,,,,,,,,,,,,,,,,,,,,,,,,,,,,,,,,,,,,,,,,,,,,,,,,+420731973689,,,,,,,,,,,,,,,,,,,,,,,,,,,,,,,,,,,,,,,,,,,,,,,,,,,,,,,,,,,,,,,,,,,,,,,,,,,https://www.facebook.com/ResetBarVinohrady,,,,,,,,,,,,,,,
node/3237674274,node/3237674274,,Praha 2,,,,,5,,12000,Bruselská,,,,,,bar,,,,,,,,,,,,,,,,,,,,,,,,,,,,,,,,,,,,,,,,,,,,,,,,,,,,,,,,,,,,,,,,,,,,,,,,,,,,,,,,,,,,,,,,,,yes,,,,,,,,,,,,,,,,,,,,,,,,,,,,,,,,Vínečko,,,,,,,,,,,,,,,,,,,,,,"Mo-Fr 13:00-22:00, Sa-Su 15:00-22:00",,,,,,,yes,,,,,,,,,,,,,,,,,,,,,,,,,,,,,,,,,,,,,,,,,+420 222 511 035,,,,,,,,,,,,,,,,,,,,,,,,,,,,,,,,,,,,,,,,,,,,,,,,,,,,,,,,,,,,,,,,,,,no,,,,,,,,http://www.vineckopraha.cz/,,,,,limited,,,,,,,,,,
node/3237974418,node/3237974418,,,,,,,,,,,,,,,,pub,,,,,,,,,,,,,,,,,,,,,,,,,,,,,,,,,,,,,,,,,,,,,,,,,,,,,,,,,,,,,,,,,,,,,,,,,,,,,,,,,,,,,,,,,,,,,,,,,,,,,,,,,,,,,,,,,,,,,,,,,,,,,,,,,,,,,,,,,,,,,,,,,,,,,,,,,,,,,,,,,,,,,,,,,,,,,,,,,,,,,,,,,,,,,,,,,,,,,,,,,,,,,,,,,,,,,,,,,,,,,,,,,,,,,,,,,,,,,,,,,,,,,,,,,,,,,,,,,,,,,,,,,,,,,,,,,,,,,,,,,,
node/3242491136,node/3242491136,,,,,,,,,,,,,,,,,,,,,,,,,,,,,history,,,,,,,,,,,,,,,,,,,,,,,,,,,,,,,,,,,,,,,,,,,,,,,,,,,,,,,,,,,,yes,,,,,,,,,,,,,,,,,,board,,,,,,,,,,,,,,,,,,,,,,,,,,,,,,,"Svatyně Krista Krále, Vysočanský pivovar, Lidový dům",,,,,,,,,,,,,,,,,,,,,,,,,,,,,,,,,,,,,,,,,,,,,,,,,,,,,,,,,,,,,,,,,,,,,,,,,,,,,,,,,,,,,,,,,,,,,,,,,,,,,,,,,,,,,,,,,,,,,,,,,,,,,,,,,,,,,,,,,,information,,,,,,,,,,,,,,,,,,,,,,
node/3243128388,node/3243128388,,Praha,640,CZ,,,640/2,Staré Město,11000,Týn,2,Praha 1,,,,bar,,,,,,,,,,,,,,,,,,,,,,,,,,2024-10-30,,,,,,,,,,,,,,,,,,,,,,,,,,Botanicus II,,,,,,,,,,,,,,,,,,,,,,,,,,,,,,,,,,,,,,,,,,,,,,,,,,,,,,,,,,,,,,,,,,,,,,Bonaguil Spirits,,,,,,,,,,,,,,,,,,,,,,Mo-Sa 16:00-00:00; Su 16:00-24:00,,,,,,,yes,,,,,,,,,,,,,,,,,,,,,,,,,,,,,,,,,,,,,,,,,,,,,,,,,,,,,,,,,,,,,,,,,,,,,,,,,,,,,,,,,,,cuzk:ruian,survey,,,,,,,,,,2022-10-13,,,,,,,,,,,,,,,,,,,,,,,,,,,limited,,,,,,,,,,
node/3245718961,node/3245718961,,,,,,,23,,10000,U Nových vil,,,,,,pub,,,,,,,,,,,,,,,,,,,,,,,,,,,,,,,,,,,,restauracenastruze,,restaurace_na_struze,,,,,,,,,local;regional,,,,,,,,,,,,,,,,,,,,,,,,,,,,,restauracenastruze@gmail.com,,,,,,,,,,,,,,,,,,,,,,,,,,,,,,,,,,,,,,,,,,,,,,Na Struze,,,,,,,,,,,,,,,,,,,,,,Mo-Su 11:00-23:00,,,,,,,,,,,,,,,,,,,,,,,,,,,,,,,,,,,,,,,,,,,,,,,,+420 603 445 008,,,,,,,,,,,,,,,,,,,,,,,,,,,,,,,,,,,,,,,,,survey,,,,,,,,,,,,,,,,,,,,,,,,,,,,,,,,,,https://restaurace-nastruze.cz/,,,,https://restaurace-nastruze.cz/poledni-menu/,no,,,,,,,,,,
node/3247900661,node/3247900661,,,,,,,,,,,,,,,,pub,,,,,,,,,,,,,,,,,,,,,,,,,,,,,,,,,,,,,,,,,,,,,,,,,,,,,,,,,,,,,,,,,,,,,,,,,,,,,,,,,,,,,,,,,,,,,,,,,,,,,,,,,,,,,,,,,,,,,,,,,,KD Barikádníků,,,,,,,,,,,,,,,,,,,,,,,,,,,,,,,,,,,,,,,,,,,,,,,,,,,,,,,,,,,,,,,,,,,,,,,,,,,,,,,,,,,,,,,,,,,,,,,,,,,,,,,,,,,,,,,,,,,,,,,,,,,,,,,,,,,,,,,,,,,,,,,,,,,,,,,,,,,,,,,,
node/3248697361,node/3248697361,,,,,,,,,,,,,,,,,,,,,,,,,,,,,,,,,,,,,,,,,,,,,,,,,,,,,,,,,,,,,,,,,,,,,,,,,,,,,,,,,,,,,,,,,,,,,,,,,,,,,,,,,,,,,,,,,,,,,,,,,,,,,,,,,,,,,,,,,,Vinotéka u Miloše,,,,,,,,,,,,,,,,,,,,,,,,,,,,,,,,,,,,,,,,,,,,,,,,,,,,,,,,,,,,,,,,,,,,,,,,,,,,,,,,,,,,,,,,,,,,,,,,,,,,alcohol,,,,,,,,,,,,,,,,,,,,,,,,,,,,,,,,,,,,,,,,,,,,,,,,,,,,,,,,,,,,
node/3251890450,node/3251890450,,Praha,409,,,,409/2,,10100,K Botiči,2,,,,,bar,,,,,,,,,,,,,,,,,,,,,,,,,,,,,,,,,,,,,,,,,,,,,,,,,,,,,,,,,,,,,,,,,,,,,,,,,,,,,,,,,,,,,,,,,,,,,,,,,,,,,,,,,,,,,,,,,,,,,,,,,,Pivní bar Zubatý pes,,,,,,,,,,Зубастый Пес,,,,,,,,,,,,"Tu-Sa 17:00-23:59; Su,Mo 17:00-23:00",,,,,,,,,,,,,,,,,,,,,,,,,,,,,,,,,,,,,,,,,,,,,,,,+420 775638737,,,,,,,,,,,,,,,,,,,,,,,,,,,,,,,,,,,,,,isolated,,,,,,,,,,,,,,,,,,,,,,,,,,,,,,,,,,,,,http://www.zubatypes.cz/,,,,,,,,,,,,,,,
node/3258118073,node/3258118073,,,,,,,,,,,,,,,,,,,,,,,,,,,,,,,,,,,,,,,,,,,,,,,,,,,,,,,,,,,,,,,,,,,,,,,,,,,,,,,,,,,,,,,yes,,,,,,,,,,,,,,,,,,,,,,,,,,,,,,,,,,,,,,,,,,,,,,,,,,,,,,,,,,,,,,,,,,,,,,,,,,,,,,,,,,,,,,,,,,,,,,,,,,,,,,,,,,,,,,,,,,,,,,,,,,,,,,,,,,,,,,,,,,,,,,,,,,,,,,,alcohol,,,,,,,,,,,,,,,,,,,,,,,,,,,,,,,,,,,,,,,,,,,,,,,,,,,,,,,,,,,,
node/3273054738,node/3273054738,,Praha,1416,CZ,,,1416/10,Vinohrady,12000,Chodská,10,Praha 2,,,,pub,,,,,,,,,,,,,,,,,,,,,,,,,,,,,,,,,,,,,,,,,,,,,,,,,,,,,,,,,,,,,,,,,,,,,,,,,,,,,,,,,,,,,,,,,,yes,,no,,,,,,,,,,,,,,,,,,,,,,,,,,,,,,Pivnice V Chodské,,,,,,,,,,,,,,,,,,,,,,,,,,,,,no,,,,,,,,,,,,,,,,,,,,,,,,,,,,,,,,,,,,,,,,,,,,,,,,,,,,,,,,,,,,,,,,,,,,,,,,,,,,,,,,,,,cuzk:ruian,survey,,,,,,,,,,,,,,,,,,,,,,,,,,,,,,,,,,,,,no,,,,,,,,,,
node/3273179339,node/3273179339,,Praha,2205,CZ,,,2205/2,Vinohrady,10100,Slovenská,2,Praha 10,,,,pub,,,,,,,,,,,,,,,,,,,,,,,,,,,,,,,,,,,,,,,,,,,,,,,,,,,,,,,,,,,,,,,,,,,,,,,,,,,,,,,,,,,,,,,,,,,,,,,,,,,,,,,,,,,,,,,,,,,,,,,,,,Bar Klokan,,,,,,,,,,,,,,,,,,,,,,,,,,,,,yes,,,,,,,,,,,,,,,,,,,,,,,,,,,,,,,,,,,,,,,,,,,,,,,,,,,,,,,,,,,,,,,,,,,,,,,,,,,,,,,,,,,cuzk:ruian,survey,,,,,,,,,,,,,,,,,,,,,,,,,,,,,,,,,,,,,,,,,,,,,,,
node/3276685325,node/3276685325,,Praha 7,306,,,,306/13,,17000,Bubenské nábřeží,13,,,wine,Vinotéka Pražská tržnice,,,,,,,,,,,,,,,,,,,,,,,,,,,2025-04-26,,,,,,,,,,,,,,,,,,,,,,,,,,,,,,,,,,,,,,,,,,,,,,,,,,,,,,,,,,,,,,,,,,,,,,,,,,,,,,,,,,,,,,,,,,,,,,,,Moravská Banka vín,,,,,,,,,,,,,,,,,,,,,,Mo-Fr 10:00-20:00; Sa 09:00-17:00,,,,,,,,,,,,,,,,,,yes,,,,yes,,yes,,,,,,,,,,,,,,,,,,,,,,,,+420 602 110 000,,,,,,,,,,,,,,,,,,,,,,,,,,,,,,alcohol,,,,,,,,,,,local knowledge,,,,,,,,,,,,,,,,,,,,,,,,,,,,,,,,,,https://www.bankavin.cz/,,,,,,,,,,,,,,,
node/3276871304,node/3276871304,,Praha,1380,CZ,,,1380,Vršovice,10100,Sportovní,,Praha 10,,,,pub,,,,,,,,,,,,,,,,,,,,,,,,,,,,,,,,,,,,,,,,,,,,,,,,,,,,,,,,,,,,,,,,,,,,,,,,,,,,,,,,,,,,,,,,,,,,,,,,,,,,,,,,,,,,,,,Lokotka,,,,,,,,,,,,,,,,,,,,,,,,,name?,,,,,,,,,,,,,,,yes,,,,,,,,,,,,,,,,,,,,,,,,,,,,,,,,,,,,,,,,,,,,,,,,,,,,,,,,,,,,,,,,,,,,,,,,,,,,,,,outside,,,,cuzk:ruian,survey,,,,,,,,,,,,,,,,,,,,,,,,,,,,,,,,,,,,,,,,,,,,,,,
node/3278080262,node/3278080262,,Praha,1075,CZ,,,1075/105,Vinohrady,13000,Korunní,105,Praha 3,,,,,,,,,,,,,,,,,,,,,,,,,,,,,,2024-02-28,,,,,,,,,,,,,,,,,,,,,,,,,,,,,,,,,,,,,,,,,,,,,,,,,,,https://www.facebook.com/Pivo-a-párek-127715427424908/,,,,,,,,,,,,,,,,,,,,,,,,,,,,,,,,,,,,,,,,,,,,,Pivotéka Pivo a párek,,,,,,,,,,,,,,,,,,,,,,Mo-Sa 15:30-22:00,,,,,,,,,,,,,,,,,,,,,,,,,,,,,,,,,,,,,,,,,,,,,,,,+420 734 201 195,,,,,,,,,,,,,,,,,,,,,,,,,,,,,,alcohol,,,,,,,,,,,,cuzk:ruian,survey,,,,,,,,,,,,,,,,,,,,,,,,,,,,,,,,,,,,,,,,,,,,,,,
node/3285422367,node/3285422367,,Praha,72,CZ,,,72/35,Žižkov,13000,Husitská,35,Praha 3,,,,restaurant,,,,,,,,,,,,,,,,,,,,,,,,,,,,,,,,,,,,,,,,,,,,,,,,,,,,,,,,,,,,,,,,,,,,,,,,,,,,info@pivovarvictor.cz,,,,,,,,,,,,,,,,,,,,,,,,,,,,,,,,,,,,,,,,,yes,,,,,Pivovar Victor,,,,,,,,,,,,,,,,,,,,,,Mo-Su 12:00-23:00,,,,,,,,,,,,,,,,,,,,,,,,,,,,,,,,,,,,,,,,,,,,,,,,+420 601 577 477,,,,,,,,,,,,,,,,,,,,,,,,,,,,,,,,,,,,,,,,,,cuzk:ruian,survey,,,,,,,,,,,,,,,,,,,,,,,,,,,,,,,,https://pivovarvictor.cz/,,,,,,,,,,,,,,,
node/3291884145,node/3291884145,,Praha,138,CZ,,,138/36,Vršovice,10100,Krymská,36,Praha 10,,,,,,,,,,,,,,,,,,,,,,,,,,,,,,,,,,,,,,,,,,,,,,,,,,,,,,,,,,,,,,,,,,,,,yes,,,,,,,,,,,,,,,,,,,,,,,,,,,,,,,,,,,,,,,,,,,,,,,,,,,,,,,,,Galerie Piva,,,,,,,,,,,,,,,,,,,,,,Mo-Su 14:30-21:00; Fr 12:00-21:00; Sa off,,,,,,,,,,,,,,,,,,,,,,,,,,,,,,,,,,,,,,,,,,,,,,,,+420 702 400 573,,,,,,,,,,,,,,,,,,,,,,,,,,,,,,alcohol,,,,,,,,,,,,cuzk:ruian,survey,,,,,,,,,,,,,,,,,,,,,,,,,,,,,,,,https://www.galeriepiva.cz/,,,,,limited,,,,,,,,,,
node/3298497725,node/3298497725,,Praha,521,CZ,,,521/5,Malá Strana,11800,Šporkova,5,Praha 1,,,,pub,,,,,,,,,,,,,,,,,,,,,,,,,,,,,,,,,,,,,,,,,,,,,,,,,,,,"kuchyně do 22:00, zahrádka do 21:00",,,,,,,,,,,,,,,,,,,,,,,,info@umagistrakelly.cz,https://www.facebook.com/UMagistraKelly/,,,,,,,,,,,,,,,,,,,,,,,,,,,,,,,,,,,,,,,,,,,,,U Magistra Kelly,,,,,,,,,,,,,,,,,,,,,,Mo-Su 12:00-23:00,,,,,,,yes,,,,,,,,,,,,,,,,,,,,,,,,,,,,,,,,,,,,,,,,,+420 257 217 770,,,,,,,,,,,,,,,,,,,,,,,,,,,,,,,,,,,,,,,,,,cuzk:ruian,survey,,,,,,,,,,,,,,,,,,,,,,,,,,,,,,,,https://www.umagistrakelly.cz/,,,,,,,,,,,,,,,
node/3304741249,node/3304741249,,Praha 6,,,,,15,,16900,Bělohorská,,,,,,bar,,,,,,,,,,,,,,,,,,,,,,,,,,,,,,,,,,,,,,,,,,,,,,,,,,,,,,,,,,,,,,,,,,,,,,,,,,,,,,,,,,,,,,,,,,,,wlan,,,ask,,,,,,,,,,,,,,,,,,,,,,,,,,,MajkL'Atmosphere,,,,,,,,,,,,,,"Small and friendly club bar. Wide selection of beers and spirits. Good prices. Good selection of music CDs. Free wifi internet sponsored by SPOJE.NET, ask for password at the bar. Also known as ""Klubík"". You can meet few french speaking people in there.",,,,,,,,Mo-Su 17:00+,,,,,Majkl,,yes,,,,,,,,,,,,,,,,,,,,,,,,,,,,,,,,,,,,,,,,,+420 777 887 167,,,,,,,,,,,,,,,,,,,,,,,,,,,,,,,,,,,,,,,,,,,,,,,,,,,,,,,,,,,,,,,,,,,,,,,,,,,https://cs-cz.facebook.com/MajklAtmosphere/,,,,,,,,,,,,,,,
node/3327235329,node/3327235329,,,,,,,632,,10800,Počernická,,,,,,,,,,,,,,,,,,,,,,,,,,,,,,,,,,,,,,,,,,,,,,,,,,,,,,,,,,,,,,,,,,,,,,,,,,,,,yes,,,,,,,,,,,,,,,,,,,,,,,,,,,,,,,,,,,,,,,,,,,,,,,,,,,Vinárna Aura,,,,,,,,,,,,,,,,,,,,,,,,,,,,,,,,,,,,,,,,,,,,,,,,,,,,,,,,,,,,,,,,,,,,,,,,,,,,,,,,,,,,,,,,,,,,,,,,,,,,alcohol,,,,,,,,,,,,,,,,,,,,,,,,,,,,,,,,,,,,,,,,,,,,,,,,,,,,,,,,,,,,
node/3339996117,node/3339996117,,Praha 7,,,,,130/5,,17000,Šmeralova,,,,,,bar,,,,,,,,,,,,,,,,yes;various,,,,,,,,,,,,,,,,,,,,,,,,,,,,,,,,,,,,,,,,,,,,,,,,,,,,,,,,,,,,hello@tendance.cz,,,,,,,,,,,,,,,,,,,,,,,,,,,,,,,,,,,,,,,,,,,,,,Tendance,,,,,,,,,,,,,,,,,,,,,,"Tu-Th 17:00-01:00, Fr,Sa 17:00-02:00",,,,,,,yes,,,,,,,,,,,,,,,,,,,,,,,,,,,,,,,,,,,,,,,,,,,,,,,,,,,,,,,,,,,,,,,,,,,,,,,,,,,,,,,,,,,,,,,,,,,,,,,,,,,,,,,,,,,,,,,,,,,,https://www.tendance.cz/,,,,,,,,,,,,,,,
node/3340244228,node/3340244228,,,,,,,9,,17000,Gerstnerova,,,,,,bar,,,,,,,,,,,,,,,,,,,,,,,,,,,,,,,,,,,,,,,,,,,,,,,,,,,,,,,,,,,,,,,,,,,,,,,,,,,,,,,,,,,,,,,,,,,,wlan,,,,,,,,,,,,,,,,,,,,,,,,,,,,,,Stromoffka,,,,,,,,,,,,,,,,,,,,,,Tu-Sa 18:00-02:00,,,,,,,,,,,,,,,,,,,,,,,,,,,,,,,,,,,,,,,,,,,,,,,,,,,,,,,,,,,,,,,,,,,,,,,,,,,,,,,,,,,,,,,,,,,,,,,,,,,,,,,,,,,,,,,,,,,,,,,,,,,https://www.stromoffka.cz/,,,,,,,,,,,,,,,
node/3389150767,node/3389150767,,,,,,,,,,,,,,,,pub,,,,,,regional,,,,,,,,,,more,,,,,,,,,,,,,,,,,,,,,,,,,,,,,,,,,,,,,,,,,,,,,,,,,,,,,,,,,,,,,,,,,,,,,,,,,,,,,,,,,,,,,,,,,,,,,,,,,,,,,,,,,,U Studánky,,,,,,,,,,,,,,,,,,,,,,daily 16.30-?,,,,,,,,,,,,,,,,,,,,,,,,,,,,,,,,,,,,,,,,,,,,,,,,,,,,,,,,,,,,,,,,,,,,,,,,,,,,,,,,,,,,,,,,,,,,,,,,,,,,,,,,,,,,,,,,,,,,,,,,,,,,,,,,,,,,,,,,,,
node/3391113980,node/3391113980,,Praha,,,,,56,,12800,Sekaninova,,,,,,bar,,,,,,,,,,,,,,,,yes;březňák,,,,,,,,,,,,,,,,,,,,,,,,,,,,,,,,,,,,,,,,,,,,,,,,,,,,,,,,,,,,,,,,,,,,,,,,,,,,,,,,,,,,,,,,,,,,,,,,,,,,,,,,,,Rockberry,,,,,,,,,,,,,,,,,,,,,,,,,,,,,,,,,,,,,,,,,,,,,,,,,,,,,,,,,,,,,,,,,,,,,,,,,,,,,,,,,,,,,,,,,,,,,,,,,,,,,,,,,,,,,,,,,,,,,,,,,,,,,,,,,,,,,,,,,,,,,,,,,,,,,,,,,,,,,,,,
node/3391113981,node/3391113981,,,,,,,,,,,,,,,,bar,,,,,,,,,,,,,,,,,,,,,,,,,,,,,,,,,,,,,,,,,,,,,,,,,,,,,,,,,,,,,,,,,,,,,,,,,,,,,,,,,,,,,,,,,,,,,,,,,,,,,,,,,,,,,,,,,,,,,,,,,,Sport Bar Time,,,,,,,,,,,,,,,,,,,,,,,,,,,,,,,,,,,,,,,,,,,,,,,,,,,,,,,,,,,,,,,,,,,,,,,,,,,,,,,,,,,,,,,,,,,,,,,,,,,,,,,,,,,,,,,,,,,,,,,,,,,,,,,,,,,,,,,,,,,,,,,,,,,,,,,,,,,,,,,,
node/3391154815,node/3391154815,,Praha,,,,,34,,12800,Jaromírova,,,,,,bar,,,,,,,,,,,,,,,,,,,,,,,,,,,,,,,,,,,,,,,,,,,,,,,,,,,,,,,,,,,,,,,,,,,,,,,,,,,,,,,,,,,,,,,,,,,,,,,,,,,,,,,,,,,,,,,,,,,,,,,,,,vinotéka,,,,,,,,,,,,,,,,,,,,,,,,,,,,,,,,,,,,,,,,,,,,,,,,,,,,,,,,,,,,,,,,,,,,,,,,,,,,,,,,,,,,,,,,,,,,,,,,,,,,,,,,,,,,,,,,,,,,,,,,,,,,,,,,,,,,,,,,,,,,,,,,,,,,,,limited,,,,,,,,,,
node/3391739807,node/3391739807,,Praha,,,,,15,,14000,Otakarova,,,,,,bar,,,,,,,,,,,,,,,,,,,,,,,,,,,,,,,,,,,,,,,,,,,,,,,,,,,,,,,,,,,,,,,,,,,,,,,,,,,,,,,,,,,,,,,,,,,,,,,,,,,,,,,,,,,,,,,,,,,,,,,,,,Play House,,,,,,,,,,,,,,,,,,,,,,,,,,,,,,,,,,,,,,,,,,,,,,,,,,,,,,,,,,,,,,,,,,,,,,,,,,,,,,,,,,,,,,,,,,,,,,,,,,,,,,,,,,,,,,,,,,,,,,,,,,,,,,,,,,,,,,,,,,,,,,,,,,,,,,,,,,,,,,,,
node/3392320173,node/3392320173,,Praha,,,,,16,,10100,U Vršovického nádraží,,,,,,,,,,,,,,,,,,,,,,,,,,,,,,,,,,,,,,,,,,,,,,,,,,,,,,,,,,,,,,,,,,,,,,,,,,,,,yes,,,,,,,,,,,,,,,,,,,,,,,,,,,,,,,,,,,,,,,,,,,,,,,,,,,Vršovická vinotéka,,,,,,,,,,,,,,,,,,,,,,,,,,,,,,,,,,,,,,,,,,,,,,,,,,,,,,,,,,,,,,,,,,,,,,,,,,,,,,,,,,,,,,,,,,,,,,,,,,,,alcohol,,,,,,,,,,,,,,,,,,,,,,,,,,,,,,,,,,,,,,,,,,,,,,,,,,,,,,,,,,,,
node/3392414586,node/3392414586,,Praha,,,,,21,,14700,Levá,,,,,,pub,,,,,,,,,,,,,,,,,,,,,,,,,,,,,,,,,,,,,,,,,,,,,,,,,,,,,,,,,,,,,,,,,,,,,,,,,,,,,,,,,,,,,,,,,,,,,,,,,,,,,,,,,,,,,,,,,,,,,,,,,,U Dragouna,,,,,,,,,,,,,,,,,,,,,,"Mo-Fr 10:00-23:00; Sa,Su 11:00-23:00",,,,,,,,,,,,,,,,,,,,,,,,,,,,,,,,,,,,,,,,,,,,,,,,,,,,,,,,,,,,,,,,,,,,,,,,,,,,,,,,,,,,,,,,,,,,,,,,,,,,,,,,,,,,,,,,,,,,,,,,,,,,,,,,,,,,,,,,,,
node/3393514475,node/3393514475,,Praha,,,,,29,,16000,Africká,,,,,,,,,,,,,,,,,,,,,,,,,,,,,,,,,,,,,,,,,,,,,,,,,,,,,,,,,,,,,,,,,,,,,,,,,,,,,,,,,,,,,,,,,,,,,,,,,,,,,,,,,,,,,,,,,,,,,,,,,,,,,,,,Vinotéka,,,,,,,,,,,,,,,,,,,,,,Mo-Fr 14:00-20:00,,,,,,,,,,,,,,,,,,,,,,,,,,,,,,,,,,,,,,,,,,,,,,,,,,,,,,,,,,,,,,,,,,,,,,,,,,,,,,alcohol,,,,,,,,,,,,,,,,,,,,,,,,,,,,,,,,,,,,,,,,,,,,,https://www.vinostavek.cz/,,,,,,,,,,,,,,,
node/3393593685,node/3393593685,,Praha,,,,,2,,11800,Zámecká,,,,,,restaurant,,,,,,,,,,,,,,,,,,,,,,,,,,2024-05-06,,,,,,,,,,,,,,,,,,,,,,,,,,,,,,,,,,,,,,,,,,,,,,,,,,,,,,,,,,,,,,,,yes,,,,,,,,,,,,,,,,,,,,,,,,,,,,,,,,Pivo & Basilico,,,,,,,,,,,,,,,,,,,,,,,,,,,,,no,,,,,,,,,,,,,,,,,,,,,,,,,,,,,,,,,,,,,,,,,,,,,,,,,,,,,,,,,,,,,,,,,,,,,,,,,,,,,,,,,,,,,,,,,,,,,,,,,,,,,,,,,,,,,,,,,,,,,,,,,,,,,,,,,,,
node/3423925779,node/3423925779,,,,,,,,,,,,,,,,pub,,,,,,,,,,,,,,,,,,,,,,,,,,,,,,,,,,,,,,,,,,,,,,,,,,,,,,,,,,,,,,,,,,,,,,,,,,,,,,,,,,,,,,,,,,,,,,,,,,,,,,,,,,,,,,,,,,,,,,,,,,U Rychlé Želvy,,,,,,,,,,,,,,,,,,,,,,,,,,,,,,,,,,,,,,,,,,,,,,,,,,,,,,,,,,,,,,,,,,,,,,,,,,,,,,,,,,,,,,,,,,,,,,,,,,,,,,,,,,,,,,,,,,,,,,,,,,,,,,,,,,,,,,,,,,,,,,,,,,,,,,,,,,,,,,,,
node/3468140934,node/3468140934,,,,,,,,,,,,,,,,bar,,,,,,,,,,,,,,,,,,,,,,,,,,,,,,,,,,,,,,,,,,,,,,,,,,,,,,,,,,,,,,,,,yes,,,,,,yes,,,,,,,,,,,,,,,,,,,,,,,,,,,,,,,,,,,,,,,,,,,,,,,,,,,,,,,,,,,,,,,,,,,,,,,,,,,,,,,,,,,,,,,,,,,,,,,,,,,,,,,,,,,,,,,,,,,,,,,,,,,,,,,,,,,,,,,,,,,,,,,,,,,,,,,alcohol,,,,,,,,outside,,,,,,,,,,,,,,,,,,,,,,,,,,,,,,,,,,,,,,,,,,,,,,,,,,,,
node/3470944134,node/3470944134,,Praha,,,,,38,,11000,Vodičkova,,,,,,bar,,,,,,,,,,,,,,,,,,,,,,,,,,2024-03-17,,,,,,,,,,,,,,,,,,,,,,,,,,,,,,,,,,,,,,,,,,,,,,,,,,,,,,,,,,,,,,,,,,,,,,,,,,,,,,,,,,,,,,,,,,,,,,,,Vinotéka u Sherlocka Holmese,,,,,,,,,,,,,,,,,,,,,,,,,,,,,,,,,,,,,,,,,,,,,,,,,,,,,,,,,,,,,,,,,,,,,,,,,,,,,,,,,,,,,,,,,,,,,,,,,,,,,,,,,,,,,,,,,,,,,,,,,,,,,,,,,,,,,,,,,,,,,,,,,,,,,,,,,,,,,,,,
node/3472633635,node/3472633635,,,,,,,,,10200,Horolezecká,,,,,,pub,,,,,,,,,,,,,,,,,,,,,,,,,,,,,,,,,,,,,,,,,,,,,,,,,,,,,,,,,,,,,,,,,,,,,,,,,,,,,,,,,,,,,,,,,,,,,,,,,,,,,,,,,,,,,,,,,,,,,,,,,,Pivní bar Palma (byvala Formanka),,,,,,,,,,,,,,,,,,,,,,Mo-Su 10:00-22:00,,,,,,,,,,,,,,,,,,,,,,,,,,,,,,,,,,,,,,,,,,,,,,,,,,,,,,,,,,,,,,,,,,,,,,,,,,,,,,,,,,,,,,,,,,,,,,,,,,,,,,,,,,,,,,,,,,,,,,,,,,,,,,,,,,,,,,,,,,
node/3475173893,node/3475173893,,,,,,,,,,,,,,,,bar,,,,,,,,,,,,,,,,,,,,,,,,,,,,,,,,,,,,,,,,,,,,,,,,,,,,,,,,,,,,,,,,,,,,,,,,,,,,,,,,,,,,,,,,,,,,,,,,,,,,,,,,,,,,,,,,,,,,,,,,,,Blah Blah,,,,,,,,,,,,,,,,,,,,,,,,,,,,,,,,,,,,,,,,,,,,,,,,,,,,,,,,,,,,,,,,,,,,,,,,,,,,,,,,,,,,,,,,,,,,,,,,,,,,,,,,,,,,,,,,,,,,,,,,,,,,,,,,,,,,,,,,,,,,,,,,,,,,,,,,,,,,,,,,
node/3488917262,node/3488917262,,Praha,1883,CZ,,,1883/16,Břevnov,16200,Šantrochova,16,Praha 6,,,,pub,,,,,,,,,,,,,,,,,,,,,,,,,,,,,,,,,,,,,,,,,,,,,,,,,,,,,,,,,,,,,,,,,,,,,,,,,,,,,https://www.facebook.com/Plzeňská-Pivnice-Petřiny-1726026474346986/,,,,,,,,,,,,,,,wlan,no,,,,,,,,,,,,,,,,,,,,,,,,,,,,,Plzeňská pivnice Petřiny,,,,,,,,,,,,,,,,,,,,,,,,,,,,,yes,,,,,,,,,,,,,,,,,,,,,,,,,,,,,,,,,,,,,,,,,+420 723 450 221,,,,,,,,,,,,,,,,,,,,,,,,,,,,,,,,,,,,,,outside,,,,cuzk:ruian,survey,,,,,,,,,,,,,,,,,,,,,,,,,,,,,,,,,,,,,,,,,,,,,,,
node/3499750542,node/3499750542,,,,,,,,,,,,,,,,bar,,,,,,,,,,,,,,,,,,,,,,,,,,,,,,,,,,,,,,,,,,,,,,,,,,,,,,,,,,,,,,,,,,,,,,,,,,,,,,,,,,,,,,,,,,,,,,,,,,,,,,,,,,,,,,,,,,,,,,,,,,nonstop,,,,,,,,,,,,,,,,,,,,,,24/7,,,,,,,,,,,,,,,,,,,,,,,,,,,,,,,,,,,,,,,,,,,,,,,,,,,,,,,,,,,,,,,,,,,,,,,,,,,,,,,,,,,,,,,,,,,,,,,,,,,,,,,,,,,,,,,,,,,,,,,,,,,,,,,,,,,,,,,,,,
node/3530690947,node/3530690947,,Praha,,,,,23,,11000,Křemencova,,,,,,pub,,,,,,,,,,,,,,,,,,,,,,,,,,,,,,,,,,,,,,,,,,,,,,,,,,,,,,,,,,,,,,,,,,,,,,,,,,,,,,,,,,,,,,,,,,,,,,,,,,,,,,,,,,,,,,,,,,,,,,,,,,Bar 23,,,,,,,,,,,,,,,,,,,,,,,,,,,,,,,,,,,,,,,,,,,,,,,,,,,,,,,,,,,,,,,,,,,,,,,,,,,,,,,,,,,,,,,,,,,,,,,,,,,,,,,,,,,,,,,,,,,,,,,,,,,,,,,,,,,,,,,,,,,,,,,,,,,,,,,,,,,,,,,,
node/3530983954,node/3530983954,,Praha,,,,,62,,13000,Vinohradská,,,,,,bar,,,,,,,,,,,,,,,,,,,,,,,,,,,,,2026-02-23,,,,,,,,,,,,,,,,,,,,,,,,,,,,,,,,,,,,,,,,,,,,,,,,,,,,,,,,,,,,,yes,,,,,,,,,,,,,,,,,,,,,,,,,,,,,,,,BeerGeek Bar,,,,,,,,,,,,,,,,,,,,,,Mo-Su 15:00-02:00,,Mo-Su 15:00-23:00,,,,,no,,,,,,,,,,,,,,,,,,,,,,,,,,,,,,,,,,,,,,,,,+420 776 827 068,,,,,,,,,,,,,,,,,,,,,,,,,,,,,,,,,,,,,,no,,,,,,,,,,,,,,,,,,,,,,,,,,,,,,,,,,,,,https://beergeek.cz/,,,,,no,,,,,,,,,,
node/3535207216,node/3535207216,,Praha,,,,,20,,11000,Národní,,,,,Reduta Jazz Bar;Reduta Bar,bar,,,,,,,,,,,,,,,,,,,,,,,,,,,,,,,,,,,,,,,,,,,,,,,,,,,,,,,,,,,,,,,,,,,,,,,,,,,,,,,,,,,,,,,,,,,,,,,,,,,,,,,,,,,,,,,,,,,,,,,,,,Reduta Jazz Club,,,,,,,,,,,,,,,,,,,,,,,,,,,,,,,,,,,,,,,,,,,,,,,,,,,,,,,,,,,,,,,,,,,,,,+420 224 933 487,,,,,,,,,,,,,,,,,,,,,,,,,,,,,,,,,,,,,,,,,,,,,,,,,,,,,,,,,,,,,,,,,,,,,,,,,,,,,http://www.redutajazzclub.cz/,,,,,,,,,,,,,
node/3544358940,node/3544358940,,,,,,,,,,,,,,,,pub,,,,,,,,,,,,,,,,,,,,,,,90,,,,,,,,,,,,,dnopytle,,,,+420702058007,,http://www.dnopytle.cz/,,,,,,,,,,,,,,,,,,,,,,,,,,,,,,,,,,,,,,,,,,,,,,,,yes,,,,,,,,,,,,,,,,,,,,,,,,,,,no,,,,,Dno Pytle,,,,,,,,,,,,,,,,,,,,,2015-05-25,"Mo 16:00-23:00, Sa 18:00-01:00, Tu-Fr 16:00-01:00, Su 18:00-23:00",,,,,,,no,,,,,,,,,,,,yes,,,,,,,,,,,,,,,,,,,,,,no,,,,,,,,,,,,,,,,,,,,,,,,,,,,,,,,,,,,,,,,,,,,,no,,,survey,,,,,,,,,,,,,,,,,,,,,,,,,,,,,,,,,,,,,,,,,,,,,,,,,
node/3549266066,node/3549266066,,,,,,,,,,,,,,,,pub,,,,,,,,,,,,,,,,,,,,,,,,,,2024-02-14,,,,,,,,,,,,,,,,,,,,,,,,,,,,,,,,,,,,,,,,,,,,,,,,,,,,,,,,,,,,,,,,,,,,,,,,,,,,,,,,,,,,,,,,,,,,,,,,Základna,,,,,,,,,,,,,,,,,,,,,,,,,,,,,,,,,,,,,,,,,,,,,,,,,,,,,,,,,,,,,,,,,,,,,,,,,,,,,,,,,,,,,,,,,,,,,,,,,,,,,,,,,,,,,,,,,,,,,,,,,,,,,,,,,,,,,,,,,,,,,,,,,,,,,,no,,,,,,,,,,
node/3556279670,node/3556279670,,,,,,,,,,,,,,,,pub,,,,,,,,,,,,,,,,,,,,,,,,,,,,,,,,,,,,,,,,,,,,,,,,,,,,,,,,,,,,,,,,,,,,,,,,,,,,,,,,,,,,,,,,,,,,,,,,,,,,,,,,,,,,,,,,,,,,,,,,,,U gólmana,,,,,,,,,,,,,,,,,,,,,,,,,,,,,,,,,,,,,,,,,,,,,,,,,,,,,,,,,,,,,,,,,,,,,,,,,,,,,,,,,,,,,,,,,,,,,,,,,,,,,,,,,,,,,,,,,,,,,,,,,,,,,,,,,,,,,,,,,,,,,,,,,,,,,,,,,,,,,,,,
node/3593969104,node/3593969104,,,,,,,,,,,,,,wine,,,,,,,,,,,,,,,,,,,,,,,,,,,,2024-02-01,,,,,,,,,,,,,,+420 603 219 658,,,,,,,,,,,,,,,,,,,,,,,,,,,,,,,,,,,,,,,,,,,,,,,,,,,,,,,,,,,,,,,,,,,,,,,,,,,,,,,,,,Bzenecký dvůr,,,,,,,,,,,,,,,,,,,,,,"Mo-Fr 16:00-22:00; Sa-Su off ""call us""",,,,,Miloš Svoboda - FREEBAR,,,,,,,,,,,,,,,,,,,,,,,,,,,,,,,,,,,,,,,,,,,,,,,,,,,,,,,,,,,,,,,,,,,,,,,,,alcohol,,,,,,,,,,,,,,,,,,,,,,,,,,,,,,,,,,,,,,,,,,,,,,,,,,,,,,,,,,,,
node/3598457744,node/3598457744,,Praha,1425,CZ,,,1425/9,Dejvice,16000,Jugoslávských partyzánů,9,Praha 6,,,,pub,,,,,,,,,,,,,,,,gambrinus,,,,,,,,,,,,,2026-02-25,,,,,,,,,,,,,,,,,,,,,,,,,,,,,,,,,,,,,,,,,,,,,,,,,,,,,,,,,,,,,,,,,,,,,,,,,,,,,,,,,,,,,,,,,,,,,U Švejka,,,,,,,,,,,,,,,,,,,,,,Mo-Su 10:00-22:00,,,,,,,no,,,,,,,,,,,,,,,no,,no,,,,,,,,,,,,,,,,,,,,,,,,+420 233 330 762,,,,,,,,,,,,,,,,,,,,,,,,,,,,,,,,,,,,,,no,,,,cuzk:ruian,survey,,,,,,,,,,,,,,,,,,,,,,,,,,,,,,,,,,,,,,,,,,,,,,,
node/3602354367,node/3602354367,,Praha,,,,,570/9,,15000,Stroupežnického,,Smíchov,,,,pub,,,,,,,,,,,,,,,,,,,,,,,,,,,,,,,,,,,,,,,,,,,,,,,international;czech,,,,,,,,,,,,,,,,,,,,,,,,,,,,,,,,,,,,,,,,,,,,,,,,,,,,,,,,,,,,,,,,,,,,,,,,,,,Sejmor,,,,,,,,,,,,,,,,,,,,,,Mo-Sa 11:00-23:00; Su 11:00-22:00,,,,,,,,,,,,,,,,,,,,,,,,,,,,,,,,,,,,,,,,,,,,,,,,+420 608 455 222,,,,,,,,,,,,,,,,,,,,,,,,,,,,,,,,,,,,,,,,,,,,,,,,,,,,,,,,,,,,,,,,,,,,,,,,,,,https://sejmor.cz/,,,,,yes,,,,,,,,,,
node/3605587284,node/3605587284,,Praha,,,,,61,,10000,Na Hroudě,,,,,,pub,,,,,,,,,,,,,,,,Hubertus,,,,,,,,,,2024-09-18,,,2021-10-08,,,,,,,,,,,,,,,,,,,,,,,,,,,,,,,,,,,,,,,,,,,,,,,,,,,,,,,,,,,,,,,,,,,,,,,,,,,,,,,,,,,,,,,,,,,,,Bar Vesna,,,,,,,,,,,,,,,,,,,,,,"Mo-Th 16:00-22:00, Fr 16:00-24:00, Sa 17:00-23:59, Su 18:00-22:00",,,,,,,,,,,,,,,,,,,,,,,,,,,,,,,,,,,,,,,,,,,,,,,,,,,,,,,,,,,,,,,,,,,,,,,,,,,,,,,,,,,,,,,,,,,,,,,,,,,,,,,,,,,,,,,,,,,,,,,,,,,,,,,,,,,,,,,,,,
node/3614601172,node/3614601172,,,,,,,,,,,,,,,,bar,,,,,,,,,,,,,,,,,,,,,,,,,,,,,,,,,,,,,,,,,,,,,,,,,,,,,,,,,,,,,,,,,,,,,,,,,,,,,,,,,,,,,,,,,,,,,,,,,,,,,,,,,,,,,,,,,,,,,,,,,,Morfeus,,,,,,,,,,,,,,,,,,,,,,,,,,,,,,,,,,,,,,,,,,,,,,,,,,,,,,,,,,,,,,,,,,,,,,,,,,,,,,,,,,,,,,,,,,,,,,,,,,,,,,,,,,,,,,,,,,,,,,,,,,,,,,,,,,,,,,,,,,,,,,,,,,,,,,,,,,,,,,,,
node/3615474280,node/3615474280,,Praha,,,,,26,,12800,Vratislavova,,,,,,,,,,,,,,,,,,,,,,,,,,,,,,,,,,,,,,,,,,,,,,,,,,,,,,,,,,,,,,,,,,,,,,,,,,,,,,,,,,,,,,,,,,,,,,,,,,,,,,,,,,,,,,,,,,,,,,,,,,,,,,,,Víno Handl,,,,,,,,,,,,,,,,,,,,,,,,,,,,,,,,,,,,,,,,,,,,,,,,,,,,,,,,,,,,,,,,,,,,,,,,,,,,,,,,,,,,,,,,,,,,,,,,,,,,alcohol,,,,,,,,,,,,,,,,,,,,,,,,,,,,,,,,,,,,,,,,,,,,,,,,,,,,,,Q104955223,,,,,,
node/3620445220,node/3620445220,,Praha,,,,,6,,11000,U Radnice,,,,,,pub,,,,,,,,,,,,,,,,,,,,,,,,,,,,,,,,,,,,,,,,,,,,,,,,,,,,,,,,,,,,,,,,,,,,,,,,,,,,,https://www.facebook.com/Pivnice-U-Kata-1437679749861139/,,,,,,,,,,,,,,,,,,,,,,,,,,,,,,,,,,,,,,,,,,,,,Pivnice U Kata,,,,,,,,,,,,,,,,,,,,,,"Mo-Su 00:00-00:30,12:00-24:00",,,,,,,,,,,,,,,,,,,,,,,,,,,,,,,,,,,,,,,,,,,,,,,,,,,,,,,,,,,,,,,,,,,,,,,,,,,,,,,,,,,,,,,,,,,,,,,,,,,,,,,,,,,,,,,,,,,,,,,,,,,,,,,,,,,,,,,,,,
node/3620482763,node/3620482763,,Praha,,,,,,,11000,Havelská,9,,,,,restaurant,,,,,,,,,,,,,,,,,,,,,,,,,,,2025-05-14,,,,,,,,,,,,,,,,,,,,,,,,,,,,,,,,,,,,,,,,,,,,,,,,,,https://www.facebook.com/U-Zlatého-Slona-387497441354984/,,,,,,,,,,,,,,,wlan,no,,,,,,,,,,,,,,,,,,,,,,,,,,,,,Pivnice U Zlatého slona,,,,,,,,,,,,,,,,,,,,,,Mo-Su 10:00-23:00,,,,,,,,,,,,,,,,,,,,,,,,,,,,,,,,,,,,,,,,,,yes,,,,,,+420 224 222 046,,,,,,,,,,,,,,,,,,,,,,,,,,,,,,,,,,,,,,,,,,,,,,,,,,,,,,,,,,,,,,,,,,,,,,,,,,,https://www.uzlatehoslona.cz/,,,,,yes,,,,,,,,,,
node/3621362829,node/3621362829,,Praha,,,,,26,,11000,Karoliny Světlé,,,,,,bar,,,,,,,,,,,,,,,,,,,,,,,,,,,,,,,,,,,,,,,,,,,,,,,,,,,,,,,,,,,,,,,,,,,,,,,,,,,,,,,,,,,,,,,,,,,,,,,,,,,,,,,,,,,,,,,,,,,,,,,,,,Hemingway Bar,,,,,,,,,,,,,,,,,,,,,,,,,,,,,,,,,,,,,,,,,,,,,,,,,,,,,,,,,,,,,,,,,,,,,,+420 773 974 764,,,,,,,,,,,,,,,,,,,,,,,,,,,,,,,,,,,,,,,,,,,,,,,,,,,,,,,,,,,,,,,,,,,,,,,,,,,,,,https://www.hemingwaybar.cz/bar-prague/,,,,,,,,,,,,
node/3621809583,node/3621809583,,Praha,,,,,11,,11000,Bartolomějská,,,,,,bar,,,,,,,,,,,,,,,,,,,,,,,,,,,,,,,,,,,,,,,,,,,,,,,,,,,,,,,,,,,,,,,,,,,,,,,,,,,,,,,,,,,,,,,,,,,,,,,,,,,,,,,,,,,,,,,,,,,,,,,,,,Konvice,,,,,,,,,,,,,,,,,,,,,,Mo-Su 19:30-05:30,,,,,,,,,,,,,,,,,,,,,,,,,,,,,,,,,,,,,,,,,,,,,,,,+420 224 240 588,,,,,,,,,,,,,,,,,,,,,,,,,,,,,,,,,,,,,,,,,,,,,,,,,,,,,,,,,,,,,,,,,,,,,,,,,,,http://www.barkonvice.com/,,,,,,,,,,,,,,,
node/3623343325,node/3623343325,,Praha,,,,,46,,12800,Jaromírova,,,,,,bar,,,,,,,,,,,,,,,,,,,,,,,,,,,,,,,,,,,,,,,,,,,,,,,,,,,,,,,,,,,,,,,,,,,,,,,,,,,,,,,,,,,,,,,,,,yes,,,,,,,,,,,,,,,,,,,,,,,,,,,,,,,,Retro Bar,,,,,,,,,,,,,,,,,,,,,,,,,,,,,no,,,,,,,,,,,,,,,,,,,,,,,,,,,,,,,,,,,,,,,,,,,,,,,,,,,,,,,,,,,,,,,,,,,,,,,,,,,,,,,,,,,,,,,,,,,,,,,,,,,,,,,,,,,,,,,,,,,,,,,,,,,,,,,,,,,
node/3625292408,node/3625292408,,Praha,,,,,1,,12800,Svobodova,,,yes,,,bar,,,,,,,,,,,,,,,,,,,,,,,,,,,,,,,,,,,,,,,,,,,,,,,,,,,,,,,,,,,,,,,,,,,,,,,,,,,,,,,,,,,,,,,,,,yes,,,,,,,,,,,,,,,,,,,,,,,,,,,,,,,,Type,,,,,,,,,,,,,,,,,,,,,,Mo-Su 08:00-23:00,,,,,,,no,,,,,,,,,,,,,,,yes,,yes,,,,,,,,,,,,,,,,,,,,,,,,,,,,,,,,,,,,,,,,,,,,,,,,,,,,,,,,,,,,,,,,,,,,,,,,,,,,,,,,,,,,,,,,,,,,,,,,,,,,,,,,yes,,,,,,,,,,
node/3646666797,node/3646666797,,,,,,,,,,,,,,,,bar,,,,,,,,,,,,,,,,,,,,,,,,,,,,,,,,,,,,,,,,,,,,,,,,,,,,,,,,,,,,,,,,,,,,,,,,,,,,,,,,,,,,,,,,,,,,wlan,,,,,,,,,,,,,,,,,,,,,,,,,,,,,,Bouvard & Pécuchet,,,,,,,,,,,,,,,,,,,,,,,,,,,,,yes,,,,,,,,,,,,,,,,,,,,,,,,,,,,,,,,,,,,,,,,,,,,,,,,,,,,,,,,,,,,,,,,,,,,,,,,,,,,,,,,,,,,,,,,,,,,,,,,,,,,,,,,,,,,,,,,,,,,,,,,,,,,,,,,,,,
node/3647992253,node/3647992253,,Praha,416,CZ,,,416/34,Vinohrady,12000,Americká,34,Praha 2,,,,bar,,,,,,,,,,,,,,,,,,,,,,,,,,,,,,,,,,,,,,,,,,,,,,,,,,,,,,,,,,,,,,,,,,,,draught,,,,,,,,,,,,,,,,,,,,,,,,,,,,,,,,,,,,,,,,,,,,,,,,,,,,,,Tečka,,,,,,,,,,,,,,,,,,,,,,"Su-Th 17:00-02:00, Fr,Sa 17:00-03:00",,,,,,,,,,,,,,,,,,,,,,yes,,yes,,,,,,,,,,,,,,,,,,,,,,,,,,,,,,,,,,,,,,,,,,,,,,,,,,,,,,,,,,,,,,,,,,cuzk:ruian,survey,,,,,,,,,,,,,,,,,,,,,,,,,,,,,,,,,,,,,,,,,,,,,,,
node/3647992254,node/3647992254,,Praha,430,CZ,,,430/29,Vinohrady,12000,Americká,29,Praha 2,,,,bar,,,,,,,,,,,,,,,,,,,,,,,,,,,,,,,,,,,,,,,,,,,,,,,,,,,,,,,,,,,,,,,,,,,,,,,,,,,,,,,,,,,,,,,,,,,,,,,,,,,,,,,,,,,,,,,,,,,,,,,,,,Bar Black Sheep,,,,,,,,,,,,,,,,,,,,,,"Mo-Th 00:00-04:00,18:00-24:00; Fr-Su 00:00-05:00,18:00-24:00",,,,,,,,,,,,,,,,,,,,,,,,,,,,,,,,,,,,,,,,,,,,,,,,+420 608 381 799,,,,,,,,,,,,,,,,,,,,,,,,,,,,,,,,,,,,,,,,,,cuzk:ruian,survey,,,,,,,,,,,,,,,,,,,,,,,,,,,,,,,,https://www.barblacksheep.cz/,,,,,,,,,,,,,,,
node/3653958477,node/3653958477,,Praha,1967,,,,1967/1a,,10000,Brigádníků,1a,,,,,pub,,,,,,,,,,,,,,,,,,,,,,,,,,,,,,,,,,,,,,,,,,,,,,,,,,,,,,,,,,,,,,,,,,,,,,,,,,,,,,,,,,,,,,,,,,,,,,,,,,,,,,,,,,,,,,,,,,,,,,,,,,V Zátiší,,,,,,,,,,,,,,,,,,,,,,,,,,,,,,,,,,,,,,,,,,,,,,,,,,,,,,,,,,,,,,,,,,,,,,,,,,,,,,,,,,,,,,,,,,,,,,,,,,,,,,,,,,,,yes,,,,,,,,,,,,,,,,,,,,,,,,,,,,,,,,,,,,,,,,,,,,,,,,,,,,
node/3656208381,node/3656208381,,,,,,,,,,,,,,,,,,,,,,,,,,,,,,,,,,,,,,,,,,,,,,,,,,,,,,,,,,,,,,,,,,,,,,,,,,,,,,,,,,,,,,,yes,,,,,,,,,,,,,,,,,,,,,,,,,,,,,,,,,,,,,,,,,,,,,,,,,,,Vinotéka V Peřinách,,,,,,,,,,,,,,,,,,,,,,,,,,,,,,,,,,,,,,,,,,,,,,,,,,,,,,,,,,,,,,,,,,,,,,,,,,,,,,,,,,,,,,,,,,,,,,,,,,,,alcohol,,,,,,,,,,,,,,,,,,,,,,,,,,,,,,,,,,,,,,,,,,,,,,,,,,,,,,,,,,,,
node/3674846600,node/3674846600,,,,,,,,,,,,,,,,,,,,,,,,,,,,,,,,,,,,,,,,,,,,,,,,,,,,,,,,,,,,,,,,,,,,,,,,,,,,,,,,,,,,,,,yes,,,,,,,,,,,,,,,,,,,,,,,,,,,,,,,,,,,,,,,,,,,,,,,,,,,Víno & delikatesy,,,,,,,,,,,,,,,,,,,,,,,,,,,,,,,,,,,,,,,,,,,,,,,,,,,,,,,,,,,,,,,,,,,,,,,,,,,,,,,,,,,,,,,,,,,,,,,,,,,,alcohol,,,,,,,,,,,,,,,,,,,,,,,,,,,,,,,,,,,,,,,,,,,,,,,,,,,,,,,,,,,,
node/3674964901,node/3674964901,,,,,,,,,,,,,,,,,,,,,,,,,,,,,,,,,,,,,,,,,,,,,,,,,,,,,,,,,,,,,,,,,,,,,,,,,,,,,,,,,,,,,,,yes,,,,,,,,,,,,,,,,,,,,,,,,,,,,,,,,,,,,,,,,,,,,,,,,,,,Vinotéka Šestka,,,,,,,,,,,,,,,,,,,,,,,,,,,,,,,,,,,,,,,,,,,,,,,,,,,,,,,,,,,,,,,,,,,,,,,,,,,,,,,,,,,,,,,,,,,,,,,,,,,,alcohol,,,,,,,,,,,,,,,,,,,,,,,,,,,,,,,,,,,,,,,,,,,,,,,,,,,,,,,,,,,,
node/3675042134,node/3675042134,,Praha 6,1690,,,,1690/128,,16900,Bělohorská,128,,,,,,,,,,,,,,,,,,,,,,,,,,,,,,,,,,,,,,,,,,,,,,,,,,,,,,,,,,,,,,,,,,,,,,,,,,,,yes,,,,,,,,,,,,,,,,,,,,,,,,,,,,,,,,,,,,,,,,,,,,,,,,,,,Vinotéka z radosti,,,,,,,,,,,,,,,,,,,,,,Mo-Fr 10:00-19:00,,,,,,,,,,,,,,,,,,,,,,,,,,,,,,,,,,,,,,,,,,,,,,,,,,,,,,,,,,,,,,,,,,,,,,,,,,,,,,alcohol,,,,,,,,,,,,,,,,,,,,,,,,,,,,,,,,,,,,,,,,,,,,,,,,,,,,,,,,,,,,
node/3676788385,node/3676788385,,Praha,539,CZ,0,,539/9,Nové Město,12000,Štěpánská,9,Praha 2,,,,bar,,,,,,,,,,,,,,,,,,,,,,,,,,2025-05-06,,,,,,,,,,https://www.facebook.com/notabar/,,https://www.instagram.com/bar_nota_prague/,,,,,,,,,,,,,,,,,,,,,,,,,,,,,,,,,,,,,,barnota@barnota.cz,,,,,,,,,,,,,,,,,,,,,,,,,,,,,,,0,,,,,,,,,,,,,,,Bar Nota,,,,,,,,,,,,,,,,,,,,,,"Mo-Th 16:00-02:00; Fr 16:00-03:00; Sa 19:00-03:00; Su,PH off",,,,,,,yes,,,,,,,,,,,yes,,,,yes,,yes,,,,,,,,,,,,,,,,,,,,,,,,+420 775 396 456,,,,,,,,,,,,,,CZ05792274,,,,,,,,,,,,,,,,,,,,,,,,,,,,cuzk:ruian,,,,,,,,,,,,,,,,,,,,,,,,,,,,,,,,,https://barnota.cz/,,,,,,,,,,,,,,,
node/3676788386,node/3676788386,,Praha,1693,CZ,,,1693/6,Nové Město,12000,Salmovská,6,Praha 2,,,,bar,,,,,,,,,,,,,,,,,,,,,,,,,,,,,,,,,,,,,,,,,,,,,,,,,,,,,,,,,,,,,,,,,,,,,,,,,,,,,,,,,,,,,,,,,,,,,,,,,,,,,,,,,,,,,,,,,,,,,,,,,,ZOO Bar,,,,,,,,,,,,,,,,,,,,,,,,,,,,,yes,,,,,,,,,,,,,,,,,,,,,,,,,,,,,,,,,,,,,,,,,,,,,,,,,,,,,,,,,,,,,,,,,,,,,,,,,,,,,,,,,,,cuzk:ruian,,,,,,,,,,,,,,,,,,,,,,,,,,,,,,,,,http://www.barzoo.cz/,,,,,,,,,,,,,,,
node/3680305547,node/3680305547,,Praha,329,CZ,,,329/3,Karlín,18600,Křižíkova,3,Praha 8,,,,pub,,,,,,,,,,,,,,,,,,,,,,,,,,,,,,,,,,,,,,,,,,,,,,,,,,,,,,,,,,,,,,,,,,,,,,,,,,,,,,,,,,,,,,,,,,,,,,,,,,,,,,,,,,,,,,,,,,,,,,,,,,Panda,,,,,,,,,,,,,,,,,,,,,,Mo-Su 10:00-20:30,,,,,,,,,,,,,,,,,,,,,,,,,,,,,,,,,,,,,,,,,,,,,,,,,,,,,,,,,,,,,,,,,,,,,,,,,,,,,,,,,,,,,,,,,,cuzk:ruian,survey,,,,,,,,,,,,,,,,,,,,,,,,,,,,,,,,,,,,,no,,,,,,,,,,
node/3687702175,node/3687702175,,Praha,685,CZ,,,685/2,Vršovice,10100,Orelská,2,Praha 10,,,,pub,,,,,,,,,,,,,,,,,,,,,,,,,,,,,,,,,,,,,,,,,,,,,,,,,,,,,,,,,,,,,,,,,,,,,,,,,,,,,,,,,,,,,,,,,,,,wlan,no,,,,,,,,,,,,,,,,,,,,,,,,,,,,,U Bohemky,,,,,,,,,,,,,,,,,,,,,,Mo-Su 11:00-23:00,,,,,,,,,,,,,,,,,,,,,,,,,,,,,,,,,,,,,,,,,,,,,,,,,,,,,,,,,,,,,,,,,,,,,,,,,,,,,,,,,,,,,,,,,,cuzk:ruian,survey,,,,,,,,,,,,,,,,,,,,,,,,,,,,,,,,,,,,,,,,,,,,,,,
node/3689567202,node/3689567202,,Praha,431,CZ,,,431/5,Staré Město,11000,Michalská,5,Praha 1,,,,bar,,,,,,,,,,,,,,,,,,,,,,,,,,,,,,,,,,,,,,,,,,,,,,,,,,,,,,,,,,,,,,,,,,,,,,,,,,,,blatnice02@seznam.cz,,,,,,,,,,,,,,,,wlan,,,,,,,,,,,,,,,,,,,,,,,,,,,,,,Vinný Bar Blatnička,,,,,,,,,,,,,,,,,,,,,,Mo-Fr 11:00-21:00,,,,,,,,,,,,,,,,,,,,,,,,,,,,,,,,,,,,,,,,,,,,,,,,+420224225836,,,,,,,,,,,,,,,,,,,,,,,,,,,,,,,,,,,,,,,,,,cuzk:ruian,survey,,,,,,,,,,,,,,,,,,,,,,,,,,,,,,,,https://www.vinoblatel.cz/,,,,,,,,,,,,,,,
node/3691121415,node/3691121415,,Praha,55,CZ,,,55/52,Vinohrady,10100,Francouzská,52,Praha 10,,,,bar,,,,,,,,,,,,,,,,,,,,,,,,,,,2024-03-03,,,,,,,,,,,,,,,,,,,,,,,,,,,,,,,,,,,,,,,,,,,,,,,,,,,,,,,,,,,,,,,,,,,,,,,,,,,,,,,,,,,,,,,,,,,,,,,B 52,,,,B52,,,,,,,,,,,,,,,,,,"Mo-Su 00:00-02:00,19:00-24:00",,,,,,,,,,,,,,,,,,,,,,,,,,,,,,,,,,,,,,,,,,,,,,,,+420 736 480 305,,,,,,,,,,,,,,,,,,,,,,,,,,,,,,,,,,,,,,,,,,cuzk:ruian,survey,,,,,,,,,,,,,,,,,,,,,,,,,,,,,,,,https://www.barb52.cz/,,,,,,,,,,,,,,,
node/3691121417,node/3691121417,,Praha,,,,,4,,12000,Lublaňská,,,,,,bar,,,,,,,,,,,,,,,,,,,,,,,,,,,,,,,,,,,,,,,,,,,,,,,,,,,,,,,,,,,,,,,,,,,,,,,,,,,,,,,,,,,,,,,,,,,,,,,,,,,,,,,,,,,,,,,,,,,,,,,,,,Již Brzy,,,,,,,,,,,,,,,,,,,,,,"Mo-Su 00:00-02:00,14:00-24:00",,,,,,,,,,,,,,,,,,,,,,,,,,,,,,,,,,,,,,,,,,,,,,,,+420 222 515 585,,,,,,,,,,,,,,,,,,,,,,,,,,,,,,,,,,,,,,,,,local knowledge,,,,,,,,,,,,,,,,,,,,,,,,,,,,,,,,,,https://bucibar.cz/,,,,,,,,,,,,,,,
node/3691128597,node/3691128597,,,,,,,250/59,,169 00,Bělohorská,,,,,,,,,,,,,,,,,,,,,,,,,,,,,,,,2023-07-03,,,,,,,,,,,,,,,,,,,,,,,,,,,,,,,,,,,,,,,,,,,,,yes,,,,,info@vini-italia.cz,,,,,,,,,,,,,,,,,,,,,,,,,,,,,,,,,,,,,,,,,,,,,,VINI Italia,,,,,,,,,,,,,,,,,,,,,,Mo-Th 13:00-18:00; Fr 10:00-15:30,,,,,,,,,,,,,,,,,,,,,,,,,,,,,,,,,,,,,,,,,,,,,,,,+420 603 433 381,,,,,,,,,,,,,,,,,,,,,,,,,,,,,,alcohol,,,,,,,,,,,,,,,,,,,,,,,,,,,,,,,,,,,,,,,,,,,,,https://vini-italia.cz/,,,,,,,,,,,,,,,
node/3693139634,node/3693139634,,,,,,,,,,,,,,,,pub,,,,,,industrial,,,,,,,,,,,,,,,,,,,,,,,,,,,,,,,,,,,,,,,,,,,,,,,,,,,,,,,,,,,,,,,,,,,,,,,,,,,,,,,,,,,,,,,,,,,,,,,,,,,,,,,,,,,,,,,,,,,,Hospůdka U pošty – Doma,,,,,,,,,,,,,,,,,,,,,,,,,,,,,,,,,,,,,,,,,,,,,,,,,,,,,,,,,,,,,,,,,,,,,,,,,,,,,,,,,,,,,,,,,,,,,,,,,,,,,,,,,,,,,,,,,,,,,,,,,,,,,,,,,,,,,,,,,,,,,,,,,,,,,,,,,,,,,,,,
node/3693235785,node/3693235785,,,,,,,,,,,,,,,,pub,,,,,,,,,,,,,,,,,,,,,,,,,,,,,,,,,,,,,,,,,,,,,,,,,,,,,,,,,,,,,,,,,,,,,,,,,,,,,,,,,,,,,,,,,,,,,,,,,,,,,,,,,,,,,,,,,,,,,,,,,,,,,,,,,,,,,,,,,,,,,,,,,,,,,,,,,,,,,,,,,,,,,,,,,,,,,,,,,,,,,,,,,,,,,,,,,,,,,,,,,,,,,,,,,,,,,,,,,,,,,,,,,,,,,,yes,,,survey,,,,,,,,,,,,,,,,,,,,,,,,,,,,,,,,,,,,,,,,,,,,,,,,,
node/3695883459,node/3695883459,,Praha,1090,CZ,,,1090/5,Staré Město,11000,náměstí Republiky,5,Praha 1,,,,bar,,,,,,,,,,,,,,,,,,,,,,,,,,,,,,,,,,,,,,,,,,,,,,,,,,,,,,,,,,,,,,,,,,,,,,,,,,,,,https://www.facebook.com/Americký-bar-Obecní-dům-216665865179974/,,,,,,,,,,,,,,,,,,,,,,,,,,,,,,-1,,,,,,,,,,,,,,,Americký bar,,,,,,,,,,,,,,,,,,,,,,Mo-Su 11:30-23:00,,,,,,,,,,,,,,,,,,,,,,,,,,,,,,,,,,,,,,,,,,,,,,,,+420 222 002 786,,,,,,,,,,,,,,,,,,,,,,,,,,,,,,,,,,,,,,,,,,cuzk:ruian,,,,,,,,,,,,,,,,,,,,,,,,,,,,,,,,,http://www.americkybar.cz/,,,,,,,,,,,,,,,
node/3707597490,node/3707597490,,,,,,,,,,,,,,,,bar,,,,,,,,,,,,,,,,,,,,,,,,,,2026-03-30,,,,,,,,,,,,,,,,,,,,,,,,,,,,,,,,,,,,,,,,,,,,,,,,,,,,,,,,,,,,,,,,,,,,,,,,,,,,,,,,,,,,,,,,,,,,,,,,Vincaffe,,,,,,,,,,,,,,,,,,,,,,,,,,,,,,,,,,,,,,,,,,,,,,,,,,,,,,,,,,,,,,,,,,,,,,,,,,,,,,,,,,,,,,,,,,,,,,,,,,,,,,,,,,,,,,,,,,,,,,,,,,,,,,,,,,,,,,,,,,,,,,,,,,,,,,no,,,,,,,,yes,,
node/3707599476,node/3707599476,,,,,,,,,,,,,,,,bar,,,,,,,,,,,,,,,,,,,,,,,,,,,,,,,,,,,,,,,,,,,,,,,,,,,,,,,,,,,,,,,,,,,,,,,yes,,,,,,,,,,,,,,,,,,,yes,,,,,,,,,,,,,,,,,,,,,,,,,,,,,,,,Vinotéka Žižkov,,,,,,,,,,,,,,,,,,,,,,,,,,,,,yes,,,,,,,,,,,,,,,,,,,,,,,,,,,,,,,,,,,,,,,,,,,,,,,,,,,,,,,,,,,,,,,,,,,,,,,alcohol,,,,,,,,,,,,,,,,,,,,,,,,,,,,,,,,,,,,,,,,,,,,,https://www.vinoteka-zizkov.cz/,,,,,,,,,,,,,,,
node/3710179081,node/3710179081,,Praha,734,CZ,,,734/28,Vršovice,10100,Bulharská,28,Praha 10,,,,pub,,,,,,,,,,,,,,,,,,,,,,,,,,,,,,,,,,,,,,,,,,,,,,,,,,,,,,,,,,,,,,,,,,,,,,,,,,,,,https://www.facebook.com/Pivnice-Ferdinand-732344060191365/,,,,,,,,,,,,,,,,,,,,,,,,,,,,,,,,,,,,,,,,,,,,,Ferdinand,,,,,,,,,,,,,,,,,U Bulhara,,,,,closed,,,,,,,,,,,,,,,,,,,,,,,,,,,,,,,,,,,,,,,,,,,,,,,,+420 732 224 224,,,,,,,,,,,,,,,,,,,,,,,,,,,,,,,,,,,,,,,,,,cuzk:ruian,survey,,,,,,,,,,,,,,,,,,,,,,,,,,,,,,,,https://www.pivovarferdinand.cz/,,,,,,,,,,,,,,,
node/3721327552,node/3721327552,,,,,,,,,,,,,,,,bar,,,,,,,,,,,,,,,,,,,,,,,,,,,,,,,,,,,,,,,,,,,,,,,,,,,,,,,,,,,,,,,,,,,,,,,,,,,,,,,,,,,,,,,,,,,,,,,,,,,,,,,,,,,,,,,,,,,,,,,,,,Restart Bar,,,,,,,,,,,,,,,,,,,,,,11:00-02:00,,,,,,,,,,,,,,,,,,,,,,,,,,,,,,,,,,,,,,,,,,,,,,,,,,,,,,,,,,,,,,,,,,,,,,,,,,,,,,,,,,,,,,separated,,,,,,,,,,,,,,,,,,,,,,,,,,,,,,,,,,,,,https://www.facebook.com/Restart-Pub-161212500915196/,,,,,,,,,,,,,,,
node/3721365074,node/3721365074,,Praha,,,,,3,,15000,Bozděchova,,,,,,pub,,,,,,,,,,,,,,,,,,,,,,,,,,,,,,,,,,,,,,,,,,,,,,,regional,,,,,,,,,,,,,,,,,,,,,,,,,,,,,,,,,,,,,,,,,,,,,,,,,,,,,,,,,,,,,,,,,,,,,,,,,,,Knoflík,,,,,,,,,,,,,,,,,,,,,,Mo-Fr 14:00-02:00; Sa 15:00-02:00; Su 15:00-24:00,,,,,,,,,,,,,,,,,,,,,,,,,,,,,,,,,,,,,,,,,,,,,,,,,,,,,,,,,,,,,,,,,,,,,,,,,,,,,,,,,,,,,,,,,,,,,,,,,,,,,,,,,,,,,,,,,,,,,,,,,,,,,,,,,,,,,,,,,,
node/3721365078,node/3721365078,,Praha,,,,,19,,15000,Nádražní,,,,,,bar,,,,,,,,,,,,,,,,,,,,,,,,,,,,,,,,,,,,,,,,,,,,,,,,,,,,,,,,,,,,,,,,,,,,,,,,,,,,,,,,,,,,,,,,,,,,,,,,,,,,,,,,,,,,,,,,,,,,,,,,,,Music bar Netopýr,,,,,,,,,,,,,,,,,,,,,,Mo-Su 19:00-06:00,,,,,,,,,,,,,,,,,,,,,,,,,,,,,,,,,,,,,,,,,,,,,,,,,,,,,,,,,,,,,,,,,,,,,,,,,,,,,,,,,,,,,,,,,,,,,,,,,,,,,,,,,,,,,,,,,,,,,,,,,,,,,,,,,,,,,,,,,,
node/3721417004,node/3721417004,,Praha,,,,,7,,15000,Štefánikova,,,,,,bar,,,,,,,,,,,,,,,,,,,,,,,,,,,,,,,,,,,,,,,,,,,,,,,,,,,,,,,,,,,,,,,,,,,,,,,,,,,,,,,,,,,,,,,,,,,,,,,,,,,,,,,,,,,,,,,,,,,,,,,,,,Anděl Music Club,,,,,,,,,,,,,,,,,,,,,,Mo-Sa 18:00+,,,,,,,,,,,,,,,,,,,,,,,,,,,,,,,,,,,,,,,,,,,,,,,,,,,,,,,,,,,,,,,,,,,,,,,,,,,,,,,,,,,,,,,,,,,,,,,,,,,,,,,,,,,,,,,,,,,,,,,,,,,,,,,,,,,,,,,,,,
node/3721417007,node/3721417007,,Praha,,,,,25,,15000,Štefánikova,,,,,,bar,,,,,,,,,,,,,,,,,,,,,,,,,,,,,,,,,,,,,,,,,,,,,,,,,,,,,,,,,,,,,,,,,,,,,,,,,,,,,,,,,,,,,,,,,,,,,,,,,,,,,,,,,,,,,,,,,,,,,,,,,,Uhelna Club,,,,,,,,,,,,,,,,,,,,,,,,,,,,,,,,,,,,,,,,,,,,,,,,,,,,,,,,,,,,,,,,,,,,,,,,,,,,,,,,,,,,,,,,,,,,,,,,,,,,,,,,,,,,,,,,,,,,,,,,,,,,,,,,,,,,,,,,,,,,,,,,,,,,,,,,,,,,,,,,
node/3721417018,node/3721417018,,Praha,322,CZ,,,322/3,Smíchov,15000,Elišky Peškové,3,Praha 5,,,,pub,,,,,,,,,,,,,,,,,,,,,,,,,,,,,,,,,,,,,,,,,,,,,,,,,,,,,,,,,,,,,,,,,,,,,,,,,,,,,,,,,,,,,,,,,,,,,,,,,,,,,,,,,,,,,,,,,,,,,,,,,,V Koutku,,,,,,,,,,,,,,,,,,,,,,,,,,,,,,,,,,,,,,,,,,,,,,,,,,,,,,,,,,,,,,,,,,,,,,,,,,,,,,,,,,,,,,,,,,,,,,,,,,,,,,,,,,,,,,,,cuzk:ruian,survey,,,,,,,,,,,,,,,,,,,,,,,,,,,,,,,,,,,,,,,,,,,,,,,
node/3721473738,node/3721473738,,Praha,,,,,16,,15000,Pavla Švandy ze Semčic,,,,,,bar,,,,,,,,,,,,,,,,,,,,,,,,,,,,,,,,,,,,,,,,,,,,,,,,,,,,,,,,,,,,,,,,,,,,,,,,,,,,,,,,,,,,,,,,,,,,,,,,,,,,,,,,,,,,,,,,,,,,,,,,,,Time 2 Café,,,,,,,,,,,,,,,,,,,,,,,,,,,,,,,,,,,,,,,,,,,,,,,,,,,,,,,,,,,,,,,,,,,,,,,,,,,,,,,,,,,,,,,,,,,,,,,,,,,,,,,,,,,,,,,,,,,,,,,,,,,,,,,,,,,,,,,,,,,,,,,,,,,,,,,,,,,,,,,,
node/3721473744,node/3721473744,,Praha,,,,,5,,15000,Újezd,,,,,,bar,,,,,,,,,,,,,,,,,,,,,,,,,,,,,,,,,,,,,,,,,,,,,,,,,,,,,,,,,,,,,,,,,,,,,,,,,,,,,,,,,,,,,,,,,,,,,,,,,,,,,,,,,,,,,,,,,,,,,,,,,,Le Mirage,,,,,,,,,,,,,,,,,,,,,,,,,,,,,,,,,,,,,,,,,,,,,,,,,,,,,,,,,,,,,,,,,,,,,,,,,,,,,,,,,,,,,,,,,,,,,,,,,,,,,,,,,,,,,,,,,,,,,,,,,,,,,,,,,,,,,,,,,,,,,,,,,,,,,,,,,,,,,,,,
node/3721473747,node/3721473747,,Praha,,,,,66,,15000,Zborovská,,,,,,bar,,,,,,,,,,,,,,,,,,,,,,,,,,,,,,,,,,,,,,,,,,,,,,,,,,,,,,,,,,,,,,,,,,,,,,,,,,,,,,,,,,,,,,,,,,,,,,,,,,,,,,,,,,,,,,,,,,,,,,,,,,Vineyards,,,,,,,,,,,,,,,,,,,,,,Mo-Fr 07:30-20:00; Sa 09:00-20:00; Su 09:00-18:00,,,,,,,,,,,,,,,,,,,,,,,,,,,,,,,,,,,,,,,,,,,,,,,,,,,,,,,,,,,,,,,,,,,,,,,,,,,,,,,,,,,,,,,,,,,,,,,,,,,,,,,,,,,,,,,,,,,,,,,,,,,,,,,,,,,,,,,,,,
node/3722035939,node/3722035939,,Praha 5,,,,,28,,15000,Jindřicha Plachty,,,,,,bar,,,,,,,,,,,,,,,,,,,,,,,,,,,,,,,,,,,,,,,,,,,,,,,,,,,,,,,,,,,,,,,,,,,,,,,,,,,,,,,,,,,,,,,,,,,,,,,,,,,,,,,,,,,,,,,,,,,,,,,,,,Bar Coming soon,,,,,,,,,,,,,,,,,,,,,,,closed,,,,,,,,,,,,,,,,,,,,,,,,,,,,,,,,,,,,,,,,,,,,,,,,,,,,,,,,,,,,,,,,,,,,,,,,,,,,,,,,,,,,,,,,,,,,,,,,,,,,,,,,,,,,,,,,,,,,,,,,,,,,,,,,,,,,,,,,,
node/3722035941,node/3722035941,,Praha 5,,,,,12,,15000,Lidická,,,,,,bar,,,,,,,,,,,,,,,,,,,,,,,,,,,,,,,,,,,,,,,,,,,,,,,,,,,,,,,,,,,,,,,,,,,,,,,,,,,,,,,,,,,,,,,,,,yes,,,,,,,,,,,,,,,,,,,,,,,,,,,,,,,,Brother's bar & cafe,,,,,,,,,,,,,,,,,,,,,,,,,,,,,no,,,,,,,,,,,,,,,,,,,,,,,,,,,,,,,,,,,,,,,,,,,,,,,,,,,,,,,,,,,,,,,,,,,,,,,,,,,,,,,,,,,,,,,,,,,,,,,,,,,,,,,,,,,,,,,,,,,,,,,,,,,,,,,,,,,
node/3722044208,node/3722044208,,Praha 5,,,,,125/2b,,16300,Na Chodbě,,,,,,pub,,,,,,,,,,,,,,,,,,,,,,,,,,,,,,,,,,,,,,,,,,,,,,,,,,,,,,,,,,,,,,,,,,,,,,,,,,,,info@restauracesokol.cz,,,,,,,,,,,,,,,,,,,,,,,,,,,,,,,,,,,,,,,,,,,,,,Hospůdka Sokol,,,,,,,,,,,,,,,,,,,,,,Mo-Fr 10:00-00:00; Sa-Su 11:00-00:00,,,,,,,,,,,,,,,,,,,,,,,,,,,,,,,,,,,,,,,,,,,,,,,,+420235322836,,,,,,,,,,,,,,,,,,,,,,,,,,,,,,,,,,,,,,,,,,,,,,,,,,,,,,,,,,,,,,,,,,,,,,,,,,,https://www.restauracesokol.cz/jidelni-a-napojovy-listek/,,,,https://www.restauracesokol.cz/jidelni-a-napojovy-listek/,,,,,,,,,,,
node/3722044212,node/3722044212,,Praha 5,,,,,27,,15000,Na Bělidle,,,,,,pub,,,,,,,,,,,,,,,,,,,,,,,,,,,,,,,,,,,,,,,,,,,,,,,,,,,,,,,,,,,,,,,,,,,,,,,,,,,,,,,,,,,,,,,,,,,,,,,,,,,,,,,,,,,-1,,,,,,,,,,,,,,,Hells Bells,,,,,,,,,,,,,,,,,,,,,,"Mo 17:00-24:00; Tu-Su 00:00-03:00,17:00-24:00",,,,,,,,,,,,,,,,,,yes,,,,,,,,,,,,,,,,,,,,,,,,,,,,,,,,,,,,,,,,,,,,,,,,,,,,,,,,,,,,,,,,,,,,,,,,,,,,,,,,,,,,,,,,,,,,,,,,,,,,,,,,,https://www.hellsbells.cz,,,,,no,,,,,,,,,,
node/3722044213,node/3722044213,,Praha 5,,,,,8,,15000,Zborovská,,,,,,bar,,,,,,,,,,,,,,,,,,,,,,,,,,,,,,,,,,,,,,,,,,,,,,,,,,,,,,,,,,,,,,,,,,,,,,,,,,,,,,,,,,,,,,,,,,,,,,,,,,,,,,,,,,,,,,,,,,,,,,,,,,Vinotéka U Lachtana,,,,,,,,,,,,,,,,,,,,,,,,,,,,,,,,,,,,,,,,,,,,,,,,,,,,,,,,,,,,,,,,,,,,,,,,,,,,,,,,,,,,,,,,,,,,,,,,,,,,,,,,,,,,,,,,,,,,,,,,,,,,,,,,,,,,,,,,,,,,,,,,,,,,,,,,,,,,,,,,
node/3722044217,node/3722044217,,Praha 5,,,,,38,,15000,Na Bělidle,,,,,,bar,,,,,,,,,,,,,,,,,,,,,,,,,,,,,,,,,,,,,,,,,,,,,,,,,,,,,,,,,,,,,,,,,,,,,,,,,,,,,,,,,,,,,,,,,,,,,,,,,,,,,,,,,,,,,,,,,,,,,,,,,,Pekelnej Bar,,,,,,,,,,,,,,,,,,,,,,"We,Th 20:00-03:00, Fr,Sa 20:00-04:00",,,,,,,,,,,,,,,,,,,,,,,,,,,,,,,,,,,,,,,,,,,,,,,,,,,,,,,,,,,,,,,,,,,,,,,,,,,,,,,,,,,,,,,,,,,,,,,,,,,,,,,,,,,,,,,,,,,,,,,,,,,,,,,,,,,,,,,,,,
node/3722044219,node/3722044219,,Praha 5,,,,,25,,15000,Na Bělidle,,,,,,bar,,,,,,,,,,,,,,,,,,,,,,,,,,,,,,,,,,,,,,,,,,,,,,,,,,,,,,,,,,,,,,,,,,,,,,,,,,,,,,,,,,,,,,,,,,,,,,,,,,,,,,,,,,,,,,,,,,,,,,,,,,Vinotéka Na Bělidle,,,,,,,,,,,,,,,,,,,,,,,,,,,,,,,,,,,,,,,,,,,,,,,,,,,,,,,,,,,,,,,,,,,,,,,,,,,,,,,,,,,,,,,,,,,,,,,,,,,,,,,,,,,,,,,,,,,,,,,,,,,,,,,,,,,,,,,,,,,,,,,,,,,,,,,,,,,,,,,,
node/3722044222,node/3722044222,,Praha,297,CZ,,,297/36,Smíchov,15000,Na Bělidle,36,Praha 5,,,,pub,,,,,,,,,,,,,,,,,,,,,,,,,,,,,,,,,,,,,,,,,,,,,,,,,,,,,,,,,,,,,,,,,,,,,,,,,,,,,https://www.facebook.com/MejlaSportBar/,,,,,,,,,,,,,,,wlan,,,,,,,,,,,,,,,,,,,,,,,,,,,,,,Pivnice u Mejly,,,,,,,,,,,,,,,,,,,,,,24/7,,,,,,,,,,,,,,,,,,,,,,,,,,,,,,,,,,,,,,,,,,,,,,,,+420 720 485 057,,,,,,,,,,,,,,,,,,,,,,,,,,,,,,,,,,,,,,,,,,cuzk:ruian,survey,,,,,,,,,,,,,,,,,,,,,,,,,,,,,,,,https://www.pivniceumejly.cz/,,,,,,,,,,,,,,,
node/3722734865,node/3722734865,,,,,,,,,,,,,,,,bar,,,,,,,,,,,,,,,,,,,,,,,,,,2026-04-23,,,,,,,,,,,,,,,,,,,,,,,,,,,,,,,,,,,,,,,,,,,,,,,,,,,,,,,,,,,,,,,,,,,,,,,,,,,,,,,,,,,,,,,,,,,,,,,,Café bar NoD,,,,,,,,,,,,,,,,,,,,,,,,,,,,,,,,,,,,,,,,,,,,,,,,,,,,,,,,,,,,,,,,,,,,,,,,,,,,,,,,,,,,,,,,,,,,,,,,,,,,,,,,,,,,,,,,,,,,,,,,,,,,,,,,,,,,,,,,,,,,,,,,,https://www.nod.roxy.cz/cafe/,,,,,,,,,,,,,,,
node/3722734874,node/3722734874,,Praha 1,,,,,5,,11000,V Kolkovně,,,,,Steampunk Prague,pub,,,,,,,,,,,,,,,,,,,,,,,,,,,,,,,,,,,,,,,,,,,,,,,,,,,,,,,,,,,,,,,,,,,,,,,,,,,,,,,,,,,,,,,,,,,,,,,,,,,,,,,,,,,,,,,,,,,,,,,,,,Steampunk,,,,,,,,,,,,,,,,,,,,,,,,,,,,,,,,,,,,,,,,,,,,,,,,,,,,,,,,,,,,,,,,,,,,,,+420 734 202 505,,,,,,,,,,,,,,,,,,,,,,,,,,,,,,,,,,,,,,,,,,,,,,,,,,,,,,,,,,,,,,,,,,,,,,,,,,,https://www.steampunkprague.cz,,,,,,,,,,,,,,,
node/3722751367,node/3722751367,,Praha 1,,,,,37,,11000,Dlouhá,,,,,,bar,,,,,,,,,,,,,,,,,,,,,,,,,,,,,,,,,,,,,,,,,,,,,,,,,,,,,,,,,,,,,,,,,,,,,,,,,,,,,,,,,,,,,,,,,,,,,,,,,,,,,,,,,,,,,,,,,,,,,,,,,,Druhé patro,,,,,,,,,,,,,,,,,,,,,,,,,,,,,,,,,,,,,,,,,,,,,,,,,,,,,,,,,,,,,,,,,,,,,,,,,,,,,,,,,,,,,,,,,,,,,,,,,,,,,,,,,,,,,,,,,,,,,,,,,,,,,,,,,,,,,,,,,,,,,,,,,,,,,,,,,,,,,,,,
node/3722751368,node/3722751368,,Praha 1,,,,,1,,11000,Masná,,,,,M1 Lounge Bar,bar,,,,,,,,,,,,,,,,,,,,,,,,,,,,,,,,,,,,,,,,,,,,,,,,,,,,,,,,,,,,,,,,,,,,,,,,,,,,,,,,,,,,,,,,,,,,,,,,,,,,,,,,,,,,,,,,,,,,,,,,,,M1 Lounge,,,,,,,,,,,,,,,,,,,,,,,,,,,,,,,,,,,,,,,,,,,,,,,,,,,,,,,,,,,,,,,,,,,,,,+420 227 195 235,,,,,,,,,,,,,,,,,,,,,,,,,,,,,,,,,,,,,,,,,,,,,,,,,,,,,,,,,,,,,,,,,,,,,,,,,,,https://www.m1lounge.com/,,,,,no,,,,,,,,,,
node/3722751371,node/3722751371,,Praha,,,,,15,,11000,Haštalská,,,,,,bar,,,,,,,,,,,,,,,,,,,,,,,,,,2023-07-13,,,,,,,,,,,,,,,,,,,,,,,,,,,,,,,,,,,,,,,,,,,,,,,,,,,,,,,,,,,,,,,,,,,,,,,,,,,,,,,,,,,,,,,,,,,,,,,,Orange Bar,,,,,,,,,,,,,,,,,,,,,,,,,,,,,,,,,,,,,,,,,,,,,,,,,,,,,,,,,,,,,,,,,,,,,,,,,,,,,,,,,,,,,,,,,,,,,,,,,,,,,,,,,,,,,,,,,,,,,,,,,,,,,,,,,,,,,,,,,,,,,,,,,,,,,,,,,,,,,,,,
node/3722785856,node/3722785856,,Praha 1,,,,,39,,110 00,Dlouhá,,,,,,bar,,,,,,,,,,,,,,,,,,,,,,,,,,,,,,,,,,,,,,,,,,,,,,,,,,,,,,,,,,,,,,,,,,,,,,,,,,,,,,,,,,,,,,,,,,,,,,,,,,,,,,,,,,,,,,,,,,,,,,,,,,Vinotéka U Mouřenína,,,,,,,,,,,,,,,,,,,,,,Mo-Sa 11:00-22:00; Su 15:00-22:00,,,,,,,,,,,,,,,,,,,,,,,,,,,,,,,,,,,,,,,,,,,,,,,,+420 601 666 650,,,,,,,,,,,,,,,,,,,,,,,,,,,,,,,,,,,,,,,,,,,,,,,,,,,,,,,,,,,,,,,,,,,,,,,,,,,https://vinotekaumourenina.cz/,,,,,no,,,,,,,,,,
node/3722785859,node/3722785859,,Praha 1,,,,,16,,11000,Rybná,,,,,,bar,,,,,,,,,,,,,,,,,,,,,,,,,,,,,,,,,,,,,,,,,,,,,,,,,,,,,,,,,,,,,,,,,,,,,,,,,,,,,,,,,,,,,,,,,,,,,,,,,,,,,,,,,,,,,,,,,,,,,,,,,,Atelier club,,,,,,,,,,,,,,,,,,,,,,"Mo-Su,PH 00:00-00:00",,,,,,,,,,,,,,,,,,,,,,,,,,,,,,,,,,,,,,,,,,,,,,,,,,,,,,,,,,,,,,,,,,,,,,,,,,,,,,,,,,,,,,,,,,,,,,,,,,,,,,,,,,,,,,,,,,,,,,,,,,,,,,,,,,,,,,,,,,
node/3722785860,node/3722785860,,Praha 1,,,,,17,,11000,Rybná,,,,,,bar,,,,,,,,,,,,,,,,,,,,,,,,,,,,,,,,,,,,,,,,,,,,,,,,,,,,,,,,,,,,,,,,,,,,,,,,,,,,,,,,,,,,,,,,,,,,,,,,,,,,,,,,,,,,,,,,,,,,,,,,,,Repete,,,,,,,,,,,,,,,,,,,,,,"Mo-Th 17:00-02:30, Fr,Sa 17:00-03:30, Su 18:00-02:30",,,,,,,,,,,,,,,,,,,,,,,,,,,,,,,,,,,,,,,,,,,,,,,,,,,,,,,,,,,,,,,,,,,,,,,,,,,,,,,,,,,,,,,,,,,,,,,,,,,,,,,,,,,,,,,,,,,,,,,,,,,,,,,,,,,,,,,,,,
node/3722785862,node/3722785862,,Praha,729,CZ,,,729/37,Staré Město,11000,Dlouhá,37,Praha 1,,,,pub,,,,,,,,,,,,,,,,,,,,,,,,,,,,,,,,,,,,,,,,,,,,,,,,,,,,,,,,,,,,,,,,,,,,,,,,,,,,,https://www.facebook.com/Sport-bar-pohoda-166248760074839/,,,,,,,,,,,,,,,,,,,,,,,,,,,,,,,,,,,,,,,,,,,,,Sport bar Pohoda,,,,,,,,,,,,,,,,,,,,,,Mo-Sa 10:00-22:00; Su 10:00-21:00,,,,,,,,,,,,,,,,,,,,,,,,,,,,,,,,,,,,,,,,,,,,,,,,,,,,,,,,,,,,,,,,,,,,,,,,,,,,,,,,,,,,,,,,,,cuzk:ruian,survey,,,,,,,,,,,,,,,,,,,,,,,,,,,,,,,,,,,,,,,,,,,,,,,
node/3722785863,node/3722785863,,Praha,686,CZ,,,686/20,Staré Město,11000,Masná,20,Praha 1,,,Cafe Bar U Lucerny,bar,,,,,,,,,,,,,,,,,,,,,,,,,,,,,,,,,,,,,,,,,,,,,,,,,,,,,,,,,,,,,,,,,,,,,,,,,,,,,,,,,,,,,,,,,,,,,,,,,,,,,,,,,,,,,,,,,,,,,,,,,,Bauman Café - Bar,,,,,,,,,,,,,,,,,,,,,,,,,,,,,,,,,,,,,,,,,,,,,,,,,,,,,,,,,,,,,,,,,,,,,,,,,,,,,,,,,,,,,,,,,,,,,,,,,,,,,,,,,,,,,,,,cuzk:ruian,survey,,,,,,,,,,,,,,,,,,,,,,,,,,,,,,,,http://www.baumanbakery.cz/,,,,,,,,,,,,,,,
node/3722785867,node/3722785867,,Praha 1,,,,,35,,11000,Dlouhá,,,,,,bar,,,,,,,,,,,,,,,,,,,,,,,,,,,,,2023-04-30,,,,,,,,,,,,,,,,,,,,,,,,,,,,,,,,,,,,,,,,,,,,,,,,,,,,,,,,,,,,,,,,,,,,,,,,,,,,,,,,,,,,,,,,,,,,,La Casa del Habano,,,,,,,,,,,,,,,,,,,,,,Mo-Sa 11:00-22:00; Su 11:00-19:00,,,,,,,,,,,,,,,,,,,,,,,,,,,,,,,,,,,,,,,,,,,,,,,,,,,,,,,,,,,,,,,,,,,,,,,,,,,,,,,,,,,,,,,,,,,,,,,,,,,,,,,,,,,,,,,,,,,,,,,,,,,http://www.lacasadelhabano.cz/en/,,,,,,,,,,,,,,,
node/3722825071,node/3722825071,,Praha,,,,,68a,,12000,Bělehradská,,,,,,pub,,,,,,,,,,,,,,,,,,,,,,,,,,,,,,,,,,,,,,,,,,,,,,,steak;burger,,,,,,,,,,,,,,,,,,,,,,,,,,,,,,,,,,,,,,,,,,,,,,,,,,,,,,,,,,,,,,,,,,,,,,,,,,,Merlin,,,,,,,,,,,,,,,,,,,,,,,,,,,,,,,,,,,,,,,,,,,,,,,,,,,,,,,,,,,,,,,,,,,,,,,,,,,,,,,,,,,,,,,,,,,,,,,,,,,,,,,,,,,,,,,,,,,,,,,,,,,,,,,irish,,,,,,,,,,,,,,,,,,,,,,,,,,,,,,,,,
node/3722825073,node/3722825073,,Praha,,,,,28,,12000,Bělehradská,,,,,,,,,,,,,,,,,,,,,,,,,,,,,,,,,,,,,,,,,,,,,,,,,,,,,,,,,,,,,,,,,,,,,,,,,,,,,,,,,,,,,,,,,,,,,,,,,,,,,,,,,,,,,,,,,,,,,,,,,,,,,,,,Vinotéka Bacco,,,,,,,,,,,,,,,,,,,,,,,,,,,,,,,,,,,,,,,,,,,,,,,,,,,,,,,,,,,,,,,,,,,,,,,,,,,,,,,,,,,,,,,,,,,,,,,,,,,,alcohol,,,,,,,,,,,,,,,,,,,,,,,,,,,,,,,,,,,,,,,,,,,,,,,,,,,,,,,,,,,,
node/3724799386,node/3724799386,,Praha,,,,,57,,12000,Lublaňská,,,,,,pub,,,,,,,,,,,,,,,,,,,,,,,,,,,,,,,,,,,,,,,,,,,,,,,,,,,,,,,,,,,,,,,,,,,,,,,,,,,,,,,,,,,,,,,,,,,,,,,,,,,,,,,,,,,,,,,,,,,,,,,,,,Waid,,,,,,,,,,,,,,,,,,,,,,,,,,,,,,,,,,,,,,,,,,,,,,,,,,,,,,,,,,,,,,,,,,,,,,,,,,,,,,,,,,,,,,,,,,,,,,,,,,,,,,,,,,,,,,,,,,,,,,,,,,,2022-05-09,,,,,,,,,,,,,,,,,,,,,,,,,,,no,,,,,,,,,,
node/3724799387,node/3724799387,,Praha 2,,,,,46,,12000,Lublaňská,,,,,,bar,,,,,,,,,,,,,,,,,,,,,,,,,,,,,,,,,,,,,,,,,,,,,,,,,,,,,,,,,,,,,,,,,,,,,,,,,,,,,,,,,,,,,,,,,,,,,,,,,,,,,,,,,,,,,,,,,,,,,,,,,,U Nemožných,,,,,,,,,,,,,,,,,,,,,,Mo-Su 17:00-01:00,,,,,,,,,,,,,,,,,,,,,,,,,,,,,,,,,,,,,,,,,,,,,,,,,,,,,,,,,,,,,,,,,,,,,,,,,,,,,,,,,,,,,,,,,,,,,,,,,,,,,,,,,,,,,,,,,,,,,,,,,,,,,,,,,,,,,,,,,,
node/3724799388,node/3724799388,,Praha,,,,,122,,12000,Bělehradská,,,,,,bar,,,,,,,,,,,,,,,,,,,,,,,,,,,,,,,,,,,,,,,,,,,,,,,,,,,,,,,,,,,,,,,,,,,,,,,,,,,,,,,,,,,,,,,,,,yes,,,,,,,,,,,,,,,,,,,,,,,,,,,,,,,,NERD,,,,,,,,,,,,,,,,,,,,,,,,,,,,,no,,,,,,,,,,,,,,,,,,,,,,,,,,,,,,,,,,,,,,,,,,,,,,,,,,,,,,,,,,,,,,,,,,,,,,,,,,,,,,,,,,,,,,,,,,,,,,,,,,,,,,,,,,,,,,,,,,,,,,,,,,,,,,,,,,,
node/3724806184,node/3724806184,,Praha,,,,,12,,12000,Mikovcova,,,,,,bar,,,,,,,,,,,,,,,,,,,,,,,,,,,,,,,,,,,,,,,,,,,,,,,,,,,,,,,,,,,,,,,,,,,,,,,,,,,,,,,,,,,,,,,,,,,,,,,,,,,,,,,,,,,,,,,,,,,,,,,,,,Placebo,,,,,,,,,,,,,,,,,,,,,,,,,,,,,,,,,,,,,,,,,,,,,,,,,,,,,,,,,,,,,,,,,,,,,,,,,,,,,,,,,,,,,,,,,,,,,,,,,,,,,,,,,,,,,,,,,,,,,,,,,,,,,,,,,,,,,,,,,,,,,,,,,,,,,,,,,,,,,,,,
node/3724861527,node/3724861527,,Praha,,,,,9,,12000,Vocelova,,,,,,bar,,,,,,,,,,,,,,,,,,,,,,,,,,,,,,,,,,,,,,,,,,,,,,,,,,,,,,,,,,,,,,,,,,,,,,,,,,,,,,,,,,,,,,,,,,,,,,,,,,,,,,,,,,,,,,,,,,,,,,,,,,Upgrade,,,,,,,,,,,,,,,,,,,,,,,,,,,,,,,,,,,,,,,,,,,,,,,,,,,,,,,,,,,,,,,,,,,,,,,,,,,,,,,,,,,,,,,,,,,,,,,,,,,,,,,,,,,,,,,,,,,,,,,,,,,,,,,,,,,,,,,,,,,,,,,,,,,,,,,,,,,,,,,,
node/3724867257,node/3724867257,,Praha 2,,,,,75,,12000,Londýnská,,,,,,bar,,,,,,,,,,,,,,,,,,,,,,,,,,,,,,,,,,,,,,,,,,,,,,,,,,,,,,,,,,,,,,,,,,,,,,,,,,,,,,,,,,,,,,,,,,,,,,,,,,,,,,,,,,,,,,,,,,,,,,,,,,Ne-vinný suterén,,,,,,,,,,,,,,,,,,,,,,,,,,,,,,,,,,,,,,,,,,,,,,,,,,,,,,,,,,,,,,,,,,,,,,,,,,,,,,,,,,,,,,,,,,,,,,,,,,,,,,,,,,,,,,,,,,,,,,,,,,,,,,,,,,,,,,,,,,,,,,,,,,,,,,,,,,,,,,,,
node/3724879369,node/3724879369,,Praha 2,,,,,62,,12000,Bělehradská,,,,,,bar,,,,,,,,,,,,,,,,,,,,,,,,,,,,,,,,,,,,,,,,,,,,,,,,,,,,,,,,,,,,,,,,,,,,,,,,,,,,,,,,,,,,,,,,,,,,,,,,,,,,,,,,,,,,,,,,,,,,,,,,,,Víno u Zvonařky,,,,,,,,,,,,,,,,,,,,,,,,,,,,,,,,,,,,,,,,,,,,,,,,,,,,,,,,,,,,,,,,,,,,,,,,,,,,,,,,,,,,,,,,,,,,,,,,,,,,,,,,,,,,,,,,,,,,,,,,,,,,,,,,,,,,,,,,,,,,,,,,,,,,,,,,,,,,,,,,
node/3724879370,node/3724879370,,Praha 2,,,,,73,,12000,Bělehradská,,,,,,bar,,,,,,,,,,,,,,,,,,,,,,,,,,,,,,,,,,,,,,,,,,,,,,,,,,,,,,,,,,,,,,,,,,,,,,,,,,,,,,,,,,,,,,,,,,,,,,,,,,,,,,,,,,,,,,,,,,,,,,,,,,Čarodějnický Klub,,,,,,,,,,,,,,,,,,,,,,,,,,,,,,,,,,,,,,,,,,,,,,,,,,,,,,,,,,,,,,,,,,,,,,,,,,,,,,,,,,,,,,,,,,,,,,,,,,,,,,,,,,,,,,,,,,,,,,,,,,,,,,,,,,,,,,,,,,,,,,,,,,,,,,,,,,,,,,,,
node/3726709833,node/3726709833,,,,,,,,,,,,,,,,pub,,,,,,,,,,,,,,,,,,,,,,,,,,,,,,,,,,,,,,,,,,,,,,,,,,,,,,,,,,,,,,,,,,,,,,,,,,,,,,,,,,,,,,,,,,,,,,,,,,,,,,,,,,,,,,,,,,,,,,,,,,,,,,,,,,,,,,,,,,,,,,,,,,,,,,,,,,,,,,,,,,,,,,,,,,,,,,,,,,,,,,,,,,,,,,,,,,,,,,,,,,,,,,,,,,,,,,,,,,,,,,,,,,,,,,,,,,,,,,,,,,,,,,,,,,,,,,,,,,,,,,,,,,,,,,,,,,,,,,,,,,
node/3726736982,node/3726736982,,Praha,266,CZ,,,266/11,Nové Město,12000,Na Zderaze,11,Praha 2,,,,bar,,,,,,,,,,,,,,,,,,,,,,,,,,,,,,,,,,,,,,,,,,,,,,,,,,,,,,,,,,,,,,,,,,,,,,,,,,,,,,,,,,,,,,,,,,,,,,,,,,,,,,,,,,,,,,,,,,,,,,,,,,Aida Club,,,,,,,,,,,,,,,,,,,,,,Tu-Su 15:00-01:00; Mo off,,,,,,,,,,,,,,,,,,,,,,,,,,,,,,,,,,,,,,,,,,,,,,,,+420 608 121 323,,,,,,,,,,,,,,,,,,,,,,,,,,,,,,,,,,,,,,,,,,cuzk:ruian,survey,,,,,,,,,,,,,,,,,,,,,,,,,,,,,,,,https://www.aidabar.cz/,,,,,,,,,,,,,,,
node/3726736985,node/3726736985,,Praha,,,,,4,,11000,Pštrossova,,,,,,bar,,,,,,,,,,,,,,,,,,,,,,,,,,,,,,,,,,,,,,,,,,,,,,,italian_pizza,,,,,,,,,,,,,,,,,,,,,,,,,,,,,,,,,,,,,,,,,,,,,,,,,,,,,,,,,,,,,,,,,,,,,,,,,,,Bassotto,,,,,,,,,,,,,,,,,,,,,,,,,,,,,,,,,,,,,,,,,,,,,,,,,,,,,,,,,,,,,,,,,,,,,,,,,,,,,,,,,,,,,,,,,,,,,,,,,,,,,,,,,,,,,,,,,,,,,,,,,,,,,,,,,,,,,,,,,,,,,,,,,,,,,,,,,,,,,,,,
node/3726743656,node/3726743656,,Praha,,,,,8,,11000,Národní,,,no,,,restaurant,,,,,,,,,,,,,,,,,,,,,,,,,,,2025-05-14,,,,,,,,,,,,,,,,,,,,barbecue;burger;chicken;coffee_shop;diner,,,,,,,,,,,no,yes,,,,,,,,,,,,,,,,,,,,,,,,,,,,,,,yes,,wlan,,,,,,,,,,,,,,,,,,,,,,,,,,,,,,Pivovar Národní,,,,,,,,,,,,,,,,,,,,,,"Tu-Th 11:00-23:00; Fr,Sa 11:00-24:00; Su,Mo 11:00-22:00",,,,,,,yes,,,,,,,,,,,,,,,yes,,yes,,,,,,,,,,,,,,,,,,yes,,,,,,+420 222 544 932,,,,,,,,,,,,,,,,,,,,,,,,,,,,,,,,,,,,,,outside,,,,,,,,,,,,,,,,,,,,,,,,,,,,,,,,,,,,,https://www.pivovarnarodni.cz/,,,,,no,,,,,,,,,,
node/3731379526,node/3731379526,,,,,,,,,,,,,,,,bar,,,,,,,,,,,,,,,,,,,,,,,,,,,,,,,,,,,,,,,,,,,,,,,,,,,,,,,,,,,,,,,,,,,,,,,,,,,,,,,,,,,,,,,,,,,,,,,,,,,,,,,,,,,,,,,,,,,,,,,,,,Vinotéka Karlín,,,,,,,,,,,,,,,,,,,,,,"Mo-Sa 11:30-22:00; Su,PH 14:30-22:00",,,,,,,,,,,,,,,,,,,,,,,,,,,,,,,,,,,,,,,,,,,,,,,,,,,,,,,,,,,,,,,,,,,,,,,,,,,,,,,,,,,,,,,,,,,,,,,,,,,,,,,,,,,,,,,,,,,,,,,,,,,,,,,,,,,,,,,,,,
node/3740683728,node/3740683728,,,,,,,,,,,,,,,,restaurant,,,,,,,,,,,,,,,,,,,,,,,,,,2024-05-29,,,,,,,,,,,,,,,,,,,,,,,,,,,,,,,,,,,,,,,,,,,,,,,,,,,,,,,,,,,,,,,,,,,,,,,,,,,,,,,,,,,,,,,,,,,,,,,,Pivo a Párek,,,,,,,,,,,,,,,,,,,,,,Mo-Fr 15:00-23:00; Sa 16:00-23:00; Su 16:00-22:00,,,,,,,,,,,,,,,,,,,,,,,,,,,,,,,,,,,,,,,,,,,,,,,,,,,,,,,,,,,,,,,,,,,,,,,,,,,,,,,,,,,,,,,,,,,,,,,,,,,,,,,,,,,,,,,,,,,,,,,,,,,,,,,,no,,,,,,,,,,
node/3741518938,node/3741518938,,,,,,,,,,,,,,,,pub,,,,,,,,,,,,,,,,,,,,,,,,,,,,,,,,,,,,,,,,,,,,,,,,,,,,,,,,,,,,,,,,,,,,,,,,,,,,,,,,,,,,,,,,,,yes,,,,,,,,,,,,,,,,,,,,,,,,,,,,,,,,Pivnice Šutka,,,,,,,,,,,,,,,,,,,,,,,,,,,,,yes,,,,,,,,,,,,,,,,,,,,,,,,,,,,,,,,,,,,,,,,,,,,,,,,,,,,,,,,,,,,,,,,,,,,,,,,,,,,,,,,,,,,,,,,,,,,,,,,,,,,,,,,,,,,,,,,,,,,https://www.sutka.cz/,,,,,,,,,,,,,,,
node/3742737713,node/3742737713,,,,,,,,,,,,,,,,pub,,,,,,,,,,,,,,,,,,,,,,,,,,,,,,,,,,,,,,,,,,,,,,,,,,,,,,,,,,,,,,,,,,,,,,,,,,,,,,,,,,,,,,,,,,,,,,,,,,,,,,,,,,,,,,,,,,,,,,,,,,U Kajmana,,,,,,,,,,,,,,,,,,,,,,,,,,,,,,,,,,,,,,,,,,,,,,,,,,,,,,,,,,,,,,,,,,,,,,,,,,,,,,,,,,,,,,,,,,,,,,,,,,,,,,,,,,,,,,,,,,,,,,,,,,,,,,,,,,,,,,,,,,,,,,,,,,,,,,,,,,,,,,,,
node/3743375649,node/3743375649,,Praha,,,,,16,,,Ve Smečkách,,,,,,pub,,,,,,,,,,,,,,,,,,,,,,,,,,,,,,,,,,,,,,,,,,,,,,,,,,,,,,,,,,,,,,,,,,,,,,,,,,,,,,,,,,,,,,,,,,,,,,,,,,,,,,,,,,,,,,,,,,,,,,,,,,Illegal Beer,,,,,,,,,,,,,,,,,,,,,,Mo-Sa 17:00-00:00,,,,,,,,,,,,,,,,,,,,,,,,,,,,,,,,,,,,,,,,,,,,,,,,,,,,,,,,,,,,,,,,,,,,,,,,,,,,,,,,,,,,,,,,,,,,,,,,,,,,,,,,,,,,,,,,,,,,,,,,,,,https://www.facebook.com/illegalbeer,,,,,no,,,,,,,,,,
node/3743383005,node/3743383005,,Praha,,,,,37,,,Žitná,,,,,,bar,,,,,,,,,,,,,,,,,,,,,,,,,,,,,,,,,,,,,,,,,,,,,,,,,,,,,,,,,,,,,,,,,,,,,,,,,,,,,,,,,,,,,,,,,,,,,,,,,,,,,,,,,,,,,,,,,,,,,,,,,,Cafe Arte,,,,,,,,,,,,,,,,,,,,,,,,,,,,,,,,,,,,,,,,,,,,,,,,,,,,,,,,,,,,,,,,,,,,,,,,,,,,,,,,,,,,,,,,,,,,,,,,,,,,,,,,,,,,,,,,,,,,,,,,,,,,,,,,,,,,,,,,,,,,,,,,,https://www.facebook.com/Cafe-Arte-371220975362,,,,,,,,,,,,,,,
node/3750116065,node/3750116065,,,,,,,,,,,,,,,,,,,,,,,,,,,,,,,,,,,,,,,,,,,,,,,,,,,,,,,,,,,,,,,,,,,,,,,,,,,,,,,,,yes,,,,,,,,,,,info@pivoteka-dbk.cz,,,,,,,,,,,,,,,,,,,,,,,,,,,,,,,-1,,,,,,,,,,,,,+420 603 710 766,,Pivotéka DBK,,,,,,,,,,,,,,,,,,,,,,"Mo-Fr 09:00-20:00; Sa,Su 09:00-19:00",,,,,,,,,,,,,,,,,,,,,,,,,,,,,,,,,,,,,,,,,,,,,,,,,,,,,,,,,,,,,,,,,,,,,,,,,,,,,,alcohol,,,,,,,,,,,,,,,,,,,,,,,,,,,,,,,,,,,,,,,,,,,,,https://www.pivoteka-dbk.cz,,,,,,,,,,,,,,,
node/3751377587,node/3751377587,,,,,,,,,,,,,,,,,,,,,,,,,,,,,,,,,,,,,,,,,,,,,,,,,,,,,,,,,,,,,,,,,,,,,,,,,,,,,,,,,,,,,,yes,,,,,,,,,,,,,,,,,,,,,,,,,,,,,,,,,,,,,,,,,,,,,,,,,,,,Marpek Whisky,,,,,,,,,,,,,,,,,,,,,,Mo-Fr 14:00-21:00; Sa 12:00-21:00; Su off,,,,,,,,,,,,,,,,,,,,,,,,,,,,,,,,,,,,,,,,,,,,,,,,+420207362029820076,,,,,,,,,,,,,,,,,,,,,,,,,,,,,,alcohol,,,,,,,,,,,,,,,,,,,,,,,,,,,,,,,,,,,,,,,,,,,,,marpek-whiskey.cz,,,,,,,,,,,,,,,
node/3761143840,node/3761143840,,,,,,,,,,,,,no,,,restaurant,,,,,,,,,,,,,,,,,,,,,,,,,,,,,,,,,,,,,,,,,,,,,,,,,,,,,,,,,,,,,,,,,,,,,,,,,,,,,,,,,,,,,,,,,,yes,,,,,,,,,,,,,,,,,,,,,,,,,,,,,,,,Pivnice u Pivoje,,,,,,,,,,,,,,,,,,,,,,"Mo-Fr 11:00-23:00; Sa,Su 12:00-23:00",,,,,,,yes,,,,,,,,,,,,,,,,,,,,,,,,,,,,,,,,,,,,,,,,,,,,,,,,,,,,,,,,,,,,,,,,,,,,,,,,,,,,,,,outside,,,,,,,,,,,,,,,,,,,,,,,,,,,,,,,,,,,,,http://upivoje.cz,,,,,,,,,,,,,,,
node/3766864268,node/3766864268,,Praha,402,CZ,,,402/12,Smíchov,15000,Na Čečeličce,12,Praha 5,,,,pub,,,,,,,,,,,,,,,,,,,,,,,,,,,,,,,,,,,,,,,,,,,,,,,,,,,,,,,,,,,,,,,,,,,,,,,,,,,,,https://www.facebook.com/Smíchovská-Krčma-381277195571889/,,,,,,,,,,,,,yes,,,,,,,,,,,,,,,,,,,,,,,,,,,,,,,,Smíchovská krčma,,,,,,,,,,,,,,,,,,,,,,Mo-Su 10:00-23:00,,,,,,,yes,,,,,,,,,,,,,,,,,,,,,,,,,,,,,,,,,,,,,,,,,+420 774 065 573,,,,,,,,,,,,,,,,,,,,,,,,,,,,,,,,,,,,,,,,,,cuzk:ruian,survey,,,,,,,,,,,,,,,,,,,,,,,,,,,,,,,,http://smichovska-krcma.cz/,,,,,,,,,,,,,,,
node/3797818489,node/3797818489,,Praha,491,CZ,,,491/61,Žižkov,13000,Bořivojova,61,Praha 3,,,,pub,,,,,,,,,,,,,,,,,,,,,,,,,,,,,,,,,,,,,,,,,,,,,,,,,,,,,,,,,,,,,,,,,,,,,,,,,,,,,https://www.facebook.com/Bohužel-Bar-116674691802559/,,,,,,,,,,,,,,,,,,,,,,,,,,,,,,,,,,,,,,,,,,,,,Bohužel bar,,,,,,,,,,,,,,,,,,,,,,"Mo-Su 00:00-05:00,18:00-24:00",,,,,,,,,,,,,,,,,,,,,,,,,,,,,,,,,,,,,,,,,,,,,,,,+420 777 835 905,,,,,,,,,,,,,,,,,,,,,,,,,,,,,,,,,,,,,,,,,,cuzk:ruian,survey,,,,,,,,,,,,,,,,,,,,,,,,,,,,,,,,,,,,,limited,,,,,,,,,,
node/3821661887,node/3821661887,,,,,,,,,,,,,,,,,,,,,,,,,,,,,,,,,,,,,,,,,,,,,,,,,,,,,,,,,,,,,,,,,,,,,,,,,,,,,,,,,,,,,,,yes,,,,,,,,,,,,,,,,,,,,,,,,,,,,,,,,,,,,,,,,,,,,,,,,,,,Vinotéka Noster,,,,,,,,,,,,,,,,,,,,,,Mo-Su 15:00-22:00; Sa off,,,,,,,,,,,,,,,,,,,,,,,,,,,,,,,,,,,,,,,,,,,,,,,,,,,,,,,,,,,,,,,,,,,,,,,,,,,,,,alcohol,,,,,,,,,,,,,,,,,,,,,,,,,,,,,,,,,,,,,,,,,,,,,,,,,,,,,,,,,,,,
node/3838734846,node/3838734846,,,,,,,,,,,,,,,,bar,,,,,,,,,,,,,,,,,,,,,,,,,,2025-08-24,,,,,,,,,,,,,,,,,,,,,,,,,,,,,,,,,,,,,,,,,,,,,,,,,,,,,,,,,,,,,,,,,,,,,,,,,,,,,,,,,,,,,,,,,,,,,,,,Sportbar,,,,,,,,,,,,,,,,,,,,,,24/7,,,,,,,,,,,,,,,,,,,,,,,,,,,,,,,,,,,,,,,,,,,,,,,,,,,,,,,,,,,,,,,,,,,,,,,,,,,,,,,,,,,,,,,,,,,,,,,,,,,,,,,,,,,,,,,,,,,,,,,,,,,,,,,,,,,,,,,,,,
node/3895838581,node/3895838581,,,,,,,,,,,,,,,,pub,,,,,,,,,,,,,,,,,,,,,,,,,,,,,,,,,,,,,,,,,,,,,,,,,,,,,,,,,,,,,,,,,,,,,,,,,,,,,https://www.facebook.com/lvlasakova/,,,,,,,,,,,,,,,,,,,,,,,,,,,,,,,,,,,,,,,,,,,,,Rock bar Gorila,,,,,,,,,,,,,,,,,,,,,,"Mo-Fr 00:00-02:00,16:00-24:00; Sa,Su 00:00-02:00,17:00-24:00",,,,,,,,,,,,,,,,,,,,,,,,,,,,,,,,,,,,,,,,,,,,,,,,+420 604 822 279,,,,,,,,,,,,,,,,,,,,,,,,,,,,,,,,,,,,,,,,,,,,,,,,,,,,,,,,,,,,,,,,,,,,,,,,,,,https://rock-bar-gorila.business.site/,,,,,,,,,,,,,,,
node/3899572131,node/3899572131,,Praha,,,,,12,,11000,Michalská,,,,,,bar,,,,,,,,,,,,,,,,,,,,,,,,,,,,,,,,,,,,,,,,,,,,,,,,,,,,,,,,,,,,,,,,,,,,,,,,,,,,,,,,,,,,,,,,,,,,,,,,,,,,,,,,,,,,,,,,,,,,,,,,,,AnonymouS Bar,AnonymouS Bar,,AnonymouS Bar,,,,,,,,,,,,,,,,,,,Mo-Th 17:00-02:00; Fr-Sa 17:00-03:00; Su 17:00-02:00,,,,,,,,,,,,,,,,,,,,,,,,,,,,,,,,,,,,,,,,,,,,,,,,+420 608 280 069,,,,,,,,,,,,,,,,,,,,,,,,,,,,,,,,,,,,,,,,,,,,,,,,,,,,,,,,,,,,,,,,,,,,,,,,,,,https://www.anonymousbar.cz/,,,,,,,,,,,,,,,
node/3899572133,node/3899572133,,Praha,,,,,8,,110 00,Jakubská,,,,,,pub,,,,,,,,,,,,,,,,,,,,,,,,,,,,,,,,,,,,,,,,,,,,,,,,,,,,,,,,,,,,,,,,,,,,,,,,,,,,hostess@buddhabarprague.cz,,,,,,,,,,,,,,,,,,,,,,,,,,,,,,,,,,,,,,,,,,,,,,Buddha Bar,,,,,,,,,,,,,,,,,,,,,,,,,,,,,,,,,,,,,,,,,,,,,,,,,,,,,,,,,,,,,,,,,,,,,,+420 725 069 213,,,,,,,,,,,,,,,,,,,,,,,,,,,,,,,,,,,,,,,,,,,,,,,,,,,,,,,,,,,,,,,,,,,,,,,,,,,https://www.buddha-bar.cz/,,,,,,,,,,,,,,,
node/3899572134,node/3899572134,,Praha,,,,,8,,11000,V Celnici,,,,,,bar,,,,,,,,,,,,,,,,,,,,,,,,,,2023-09-21,,,,,,,,,,,,,,,,,,,,,,,,,,,,,,,,,,,,,,,,,,,,,,,,,,,,,,,,,,,,,,,,,,,,,,,,,,,,,,,,,,,,,,,,,,,,,,,,The Bourbon Bar,,,,,,,,,,,,,,,,,,,,,,,,,,,,,,,,,,,,,,,,,,,,,,,,,,,,,,,,,,,,,,,,,,,,,,,,,,,,,,,,,,,,,,,,,,,,,,,,,,,,,,,,,,,,,,,,,,,,,,,,,,,,,,,,,,,,,,,,,,,,,,,,,,,,,,,,,,,,,,,,
node/3899636827,node/3899636827,,Praha,,,,,,,11800,,,,,,,bar,,,,,,,,,,,,,,,,,,,,,,,,,,2026-01-06,,,,,,,,,,,,,,,,,,,,,,,,,,,,,,,,,,,,,,,,,,,,,,,,,,,,,,,,,,,,,,,,,,,,,,,,,,,,,,,,,0,,,,,,,,,,,,,,,The Refectory Bar,,,,,,,,,,,,,,,,,,,,,,,,,,,,,,6ba32267-7318-43a9-b739-68c19943a0b3,,,,,,,,,,,,,,,,,,,,,,,,,,,,,,,,,,,,,,,,,,,,,,,,,,,,,,,,,,,,,,,,,,,,,,,,,,,,,,,,,,,,,,,,,,,,,,,,,,,,,,,,,,,,,,,,,,,https://www.augustinehotel.com/,,,,,,,,,,,,,,,
node/3899846900,node/3899846900,,Praha,,,,,23,,11000,Senovážné náměstí,,,,,,bar,,,,,,,,,,,,,,,,,,,,,,,,,,2026-03-30,,,,,,,,,,,,,,,,,,,,,,,,,,,,,,,,,,,,,,,,,,,,,,,,,,,,,,,,,,,,,,,,,,,,,,,,,,,,,,,,,,,,,,,,,,,,,,,,Velký Vinograf,,,,,,,,,,,,,,,,,,,,,,Mo-Fr 11:30-24:00; Sa 17:00-24:00,,,,,,,,,,,,,,,,,,,,,,,,,,,,,,,,,,,,,,,,,,,,,,,,+420 214 214 681,,,,,,,,,,,,,,,,,,,,,,,,,,,,,,,,,,,,,,,,,,,,,,,,,,,,,,,,,,,,,,,,,,,,,,,,,,,https://vinograf.cz/,,,,,,,,,,,,,,,
node/3899846901,node/3899846901,,Praha,,,,,1,,12800,Na Hrobci,,,,,,bar,,,,,,,,,,,,,,,,,,,,,,,,,,,,,,,,,,,,,,,,,,,,,,,,,,,,,,,,,,,,,,,,,,,,,,,,,,,,,,,,,,,,,,,,,,yes,,,,,,,,,,,,,,,,,,,,,,,,,,,,,,,,Na břehu Rhôny,,,,,,,,,,,,,,,,,,,,,,Mo-Fr 13:00-24:00; Sa 10:00-24:00; Su 15:00-24:00,,,,,,,yes,,,,,,,,,,,,,,,yes,,yes,,,,,,,,,,,,,,,,,,,,,,,,+420 733 785 377,,,,,,,,,,,,,,,,,,,,,,,,,,,,,,,,,,,,,,outside,,,,,,,,,,,,,,,,,,,,,,,,,,,,,,,,,,,,,,,,,,,,,,,,,,,,
node/3900293198,node/3900293198,,Praha,2137,,,,2137/7,,14900,Mírového hnutí,7,,,,,restaurant,,,,,,,,,,,,,,,,,,,,,,,,,,,,,,,,,,,,,,,,,,,,,,,,,,,,,,,,,,,,,,,,,,,,,,,,,,,,napivo@pivniceubazenu.cz,,,,,,,,,,,,,,,,,,,,,,,,,,,,,,,,,,,,,,,,,,,,,,Pivnice u bazénu,,,,,,,,,,,,,,,,,,,,,,,,,,,,,yes,,,,,,,,,,,,,,,,,,,,,,,,,,,,,,,,,,,,,,,,,+420 602 659 257,,,,,,,,,,,,,,,,,,,,,,,,,,,,,,,,,,,,,,,,,,,,,,,,,,,,,,,,,,,,,,,,,,,,,,,,,,,http://www.pivniceubazenu.cz/,,,,,,,,,,,,,,,
node/3945221476,node/3945221476,,,,,,,,,,,,,,,,bar,,,,,,,,,,,,,,,,,,,,,,,,,,,,,,,,,,,,,,,,,,,,,,,,,,,,,,,,,,,,,,,,,,,,,,,,,,,,,,,,,,,,,,,,,,,,,,,,,,,,,,,,,,,,,,,,,,,,,,,,,,,,,,,,,,,,,,,,,,,,,,,,,,,,,,,,,,,,,,,,,,,,,,,,,,,,,,,,,,,,,,,,,,,,,,,,,,,,,,,,,,,,,,,,,,,,,,,,,,,,,,,,,,,,,,separated,,,,,,,,,,,,,,,,,,,,,,,,,,,,,,,,,,,,,,,,,,,,,,,,,,,,
node/3973379058,node/3973379058,,Praha,,,,,10,,11800,Nerudova,,,,,,bar,,,,,,,,,,,,,,,,,,,,,,,,,,2024-05-06,,,,,,,,,,,,,,,,,,,,,,,,,,,,,,,,,,,,,,,,,,,,,,,,,,,,,,,,,,,,,,,,,,,,,,,,,,,,,,,,,,,,,,,,,,,,,,,,Vinárna U Laury,,,,,,,,,,,,,,,,,,,,,,,,,,,,,,,,,,,,,,,,,,,,,,,,,,,,,,,,,,,,,,,,,,,,,,,,,,,,,,,,,,,,,,,,,,,,,,,,,,,,,,,,,,,,,,,,,,,,,,,,,,,,,,,,,,,,,,,,,,,,,,,,,,,,,,no,,,,Q31833108,,,,,,
node/3974223616,node/3974223616,,Praha,,,,,94,,15000,Radlická,,,,,,bar,,,,,,,,,,,,,,,,,,,,,,,,,,,,,,,,,,,,,,,,,,,,,,,,,,,,,,,,,,,,,,,,,,,,,,,,,,,,,,,,,,,,,,,,,,,,,,,,,,,,,,,,,,,,,,,,,,,,,,,,,,Nevinná vinárna,,,,,,,,,,,,,,,,,,,,,,,,,,,,,,,,,,,,,,,,,,,,,,,,,,,,,,,,,,,,,,,,,,,,,,,,,,,,,,,,,,,,,,,,,,,,,,,,,,,,,,,,,,,,,,,,,,,,,,,,,,,,,,,,,,,,,,,,,,,,,,,,,,,,,,,,,,,,,,,,
node/3974715537,node/3974715537,,,,,,,,,,,,,,,,,,,,,,,,,,,,,,,,,,,,,,,,,,,,,,,,,,,,,,,,,,,,,,,,,,,,,,,,,,,,,,,,,,,,,,,yes,,,,,,,,,,,,,,,,,,,,,,,,,,,,,,,,,,,,,,,,,,,,,,,,,,,České vinařské závody,,,,,,,,,,,,,,,,,,,,,,,,,,,,,,,,,,,,,,,,,,,,,,,,,,,,,,,,,,,,,,,,,,,,,,,,,,,,,,,,,,,,,,,,,,,,,,,,,,,,alcohol,,,,,,,,,,,,,,,,,,,,,,,,,,,,,,,,,,,,,,,,,,,,,https://www.cvz.cz/,,,,,,,,,,,,,,,
node/3974715541,node/3974715541,,Praha,238,CZ,,,238/9,Nusle,14000,Bělehradská,9,Praha 4,,,,pub,,,,,,,,,,,,,,,,,,,,,,,,,,2025-10-31,,,,,,,,,,,,,,,,,,,,,,,,,,,,,,,,,,,,,,,,,,,,,,,,,,,,,,,,,,,,,,,,,,wlan,no,,,,,,,,,,,,,,,,,,,,,,,,,,,,,Hospoda Pohoda,,,,,,,,,,,,,,,,,,,,,,Mo-Fr 16:00-02:00; Sa 17:30-02:00; Su off,,,,,,,yes,,,,,,,,,,no,yes,,,,no,,no,,,,,,,,,,,,,,,,,,,,,,,,+420 777 847 372,,,,,,,,,,,,,,,,,,,,,,,,,,,,,,,,,,,,,,outside,,,,cuzk:ruian,survey,,,,,,,,,,,,,,,,,,,,,,,,,,,,,,,,http://www.hospodapohoda.cz/,,,,,,,,,,,,,,,
node/3977668835,node/3977668835,,Praha,,,,,59,,10100,Moskevská,,,,,,bar,,,,,,,,,,,,,,,,,,,,,,,,,,,,,,,,,,,,,,,,,,,,,,,,,,,,,,,,,,,,,,,,,,,,,,,,,,,,,,,,,,,,,,,,,,,,,,,,,,,,,,,,,,,,,,,,,,,,,,,,,,Drahokam,,,,,,,,,,,,,,,,,,,,,,Mo-Su 10:00-21:00,,,,,,,,,,,,,,,,,,,,,,,,,,,,,,,,,,,,,,,,,,,,,,,,+420 733 132 030,,,,,,,,,,,,,,,,,,,,,,,,,,,,,,,,,,,,,,,,,,,,,,,,,,,,,,,,,,,,,,,,,,,,,,,,,,,,,,,,,,,,,,,,,,
node/3978266810,node/3978266810,,Praha 10,,,,,39,,10100,Krymská,,,,,,pub,,,,,,,,,,,,,,,,craft_beer,,,,,,,,,,,,,,,,,,,,,,,,,,,,,,,,,,,,,,,,,,,,,,,,,,,,,,,,,,,,,,,,,,,,,,,,,,,,,,,,,,,,,,,,,,,,,,,,,,,,,,,,,,Lya Beer Café,,,,,,,,,,,,,,,,,,,,,,"Mo 16:00-22:00; Tu-Th,Su 16:00-23:00; Fr-Sa 16:00-24:00",,,,,,,,,,,,,,,,,,,,,,,,,,,,,,,,,,,,,,,,,,,,,,,,,,,,,,,,,,,,,,,,,,,,,,,,,,,,,,,,,,,,,,no,,,,,,,,,,,,,,,,,,,,,,,,,,,,,,,,,,,,,https://www.lyabeercafe.cz/,,,,,,,,,,,,,,,
node/3999437159,node/3999437159,,Praha,,CZ,,,,Žižkov,13000,,,Praha 3,,,,pub,,,,,,,,,,,,,,,,,,,,,,,,,,,,,,,,,,,,,,,,+420 739 263 567,,,,,,,,,,,,,,,,,,,,,,,,,,,,,,,,,,,,,,,,,,,,,,,,,,,,,,,,,,,,,,,,,,,,,,,,,,,,,,,,,,Kabina bistro & bar,,,,,,,,,,,,,,,,,,,,,,Mo-Fr 14:00-22:00; Sa-Su 12:00-22:00,,,,,,,yes,,,,,,,,,,,,,,,,,,,,,,,,,,,,,,,,,,,,,,,,,,,,,,,,,,,,,,,,,,,,,,,,,,,,,,,,,,,,,,,,,,survey,,,,,,,,,,,,,,,,,,,,,,,,,,,,,,,,,,https://grillfreaks.cz/kabina-bistro-bar/,,,,,,,,,,,,,,,
node/4011476202,node/4011476202,,,,,,,,,,,,,,,,bar,,,,,,,,,,,,,,,,,,,,,,,,,,,,,,,,,,,,,,,,,,,,,,,,,,,,,,,,,,,,,,,,,,,,,,,,,,,,,,,,,,,,,,,,,,,,,,,,,,,,,,,,,,,,,,,,,,,,,,,,,,Magic Planet,,,,,,,,,,,,,,,,,,,,,,,,,,,,,,,,,,,,,,,,,,,,,,,,,,,,,,,,,,,,,,,,,,,,,,,,,,,,,,,,,,,,,,,,,,,,,,,,,,,,,,,,,,,,,,,,,,,,,,,,,,,,,,,,,,,,,,,,,,,,,,,,,,,,,,,,,,,,,,,,
node/4050164651,node/4050164651,,Praha,,,,,37,,11000,Dlouhá,,,,,,bar,,,,,,,,,,,,,,,,,,,,,,,,,,,,,,,,,,,,,,,,,,,,,,,,,,,,,,,,,,,,,,,,,,,,,,,,,,,,,,,,,,,,,,,,,,,,,,,,,,,,,,,,,,,,,,,,,,,,,,,,,,Vinárna Bokovka,,,,,,,,,,,,,,,,,,,,,,Mo-Sa 15:00-01:00,,,,,Ambi,,,,,,,,,,,,,,,,,,,,,,,,,,,,,,,,,,,,,,,,,,,+420 731 492 046,,,,,,,,,,,,,,,,,,,,,,,,,,,,,,,,,,,,,,,,,,,,,,,,,,,,,,,,,,,,,,,,,,,,,,,,,,,https://www.bokovka.com/,,,,,,,,,,,,,,,
node/4146989496,node/4146989496,,,,,,,,,,,,,,,,pub,,,,,,,,,,,,,,,,,,,,,,,,,,,,,,,,,,,,,,,,,,,,,,,,,,,,,,,,,,,,,,,,,,,,,,,,,,,,,,,,,,,,,,,,,,,,,,,,,,,,,,,,,,,,,,,,,,,,,,,,,,U Stadionu,,,,,,,,,,,,,,,,,,,,,,,,,,,,,,,,,,,,,,,,,,,,,,,,,,,,,,,,,,,,,,,,,,,,,,,,,,,,,,,,,,,,,,,,,,,,,,,,,,,,,,,,,,,,,,,,,,,,,,,,,,,,,,,,,,,,,,,,,,,,,,,,,,,,,,,,,,,,,,,,
node/4157030089,node/4157030089,,,,,,,3,,,Hartigova,,,,,,,,,,,,,,,,,,,,,,,,,,,,,,,,,,,,,,,,,,,,,,,,,,,,,,,,,,,,,,,,,,,,,,,,,,,,,,,,,,,,,,,,,,,,,,,,,,,,,,,,,,,,,,,,,,,,,,,,,,,,,,,,Fakt dobrý víno,,,,,,,,,,,,,,,,Koněvova,,,,,,24/7,,,,,,,,,,,,,,,,,,,,,,,,,,,,,,,,,,,,,,,,,,,,,,,,+420 737 112 703,,,,,,,,,,,,,,,,,,,,,,,,,,,,,,alcohol,,,,,,,,,,,,,,,,,,,,,,,,,,,,,,,,,,,,,,,,,,,,,www.faktdobryvino.cz,,,,,limited,,,,,,,,,,
node/4163036857,node/4163036857,,,,,,,,,,,,,,,,bar,,,,,,,,,,,,,,,,,,,,,,,,,,,,,,,,,,,,,,,,,,,,,winery,,,,,,,,,,,,,,,,,,,,,,,,,,,,,,,,,,,,,,,,,,,,,,,,,,,,,,,,,,,,-1,,,,,,,,,,,,,,,,,U dvou přátel,,,,,,,,,,,,,,,,,,,,,,,,,,,,,,,,,,,,,,,,,,,,,,,,,,,,,,,,,,,,,,,,,,,,,,,,,,,,,,,,,,,,,,,,,,,,,,,,,,,,,,,,,,,,,,,local knowledge,,,,,,,,,,,,,,,,,,,,,,,,,,,,,,,,,,,,,,,,,,,,,,,,,
node/4167187922,node/4167187922,,,,,,,,,,,,,,,,,,,,,,,,,,,,,,,,,,,,,,,,,,,,,,,,,,,,,,,,,,,,,,,,,,,,,,,,,,,,,,,,,,,,,,,yes,,,,,,,,,,,,,,,,,,,,,,,,,,,,,,,,,,,,,,,,,,,,,,,,,,,vinotéka,,,,,,,,,,,,,,,,,,,,,,,,,,,,,,,,,,,,,,,,,,,,,,,,,,,,,,,,,,,,,,,,,,,,,,,,,,,,,,,,,,,,,,,,,,,,,,,,,,,,alcohol,,,,,,,,,,,,,,,,,,,,,,,,,,,,,,,,,,,,,,,,,,,,,,,,,,,,,,,,,,,,
node/4167187926,node/4167187926,,Praha,,,,,2,,12800,Spytihněvova,,,,,,bar,,,,,,,,,,,,,,,,,,,,,,,,,,,,,,,,,,,,,,,,,,,,,,,,,,,,,,,,,,,,,,,,,,,,,,,,,,,,,,,,,,,,,,,,,,,,wlan,,,,,,,,,,,,,,,,,,,,,,,,,,,,,,Bar Club Pitstop,,,,,,,,,,,,,,,,,,,,,,,,,,,,,,,,,,,,,,,,,,,,,,,,,,,,,,,,,,,,,,,,,,,,,,+420 777 357 931,,,,,,,,,,,,,,,,,,,,,,,,,,,,,,,,,,,,,,,,,,,,,,,,,,,,,,,,,,,,,,,,,,,,,,,,,,,http://clubpitstop.wix.com/pitstop,,,,,,,,,,,,,,,
node/4167932790,node/4167932790,,,,,,,2,,,Mikulandská,,,,,,bar,,,,,,,,,,,,,,,,,,,,,,,,,,,,,,,,,,,,,,,,,,,,,,,,,,,,,,,,,,,,,,,,,,,,,,,,,,,,,,,,,,,,,,,,,,yes,,,,,,,,,,,,,,,,,,,,,,,,,,,,,,,,Nevinný bar,,,,,,,,,,,,,,,,,,,,,,"Mo-Sa 14:00-03:00, Su 14:00-00:00",,,,,,,no,,,,,,,,,,,,,,,,,,,,,,,,,,,,,,,,,,,,,,,,,,,,,,,,,,,,,,,,,,,,,,,,,,,,,,,,,,,,,,,no,,,,,,,,,,,,,,,,,,,,,,,,,,,,,,,,,,,,,,,,,,,,,,,,,,,,
node/4167956489,node/4167956489,,,,,,,,,,,,,,,,bar,,,,,,,,,,,,,,,,,,,,,,,,,,,,,2026-03-30,,,,,,,,,,,,,,,,,,,,,,,,,,,,,,,,,,,,,,,,,,,,,,,,,,,,,,,,,,,,,,,,,,,,,,,,,,,,,,,,,,,,,,,,,,,,,Konírna,,,,,,,,,,,,,,,,,,,,,,,,,,no,,,,,,,,,,,,,,,,,,,,,,,,,,,,,,,,,,,,,,,,,,,,,,,,,,,,,,,,,,,,,,,,,,,,,,,,,,,,,,,,,,,,,,,,,,,,,,,,,,,,,,,,,,,,,,,,,,,,,,,,,,,,,,,,,,,,,,
node/4171015385,node/4171015385,,,,,,,,,,,,,,,,bar,,,,,,,,,,,,,,,,,,,,,,,,,,,,,,,,,,,,,,,,,,,,,,,,,,,,,,,,,,,,,,,,,,,,,,,,,,,,,,,,,,,,,,,,,,,,,,,,,,,,,,,,,,,,,,,,,,,,,,,,,,Borneo,,,,,,,,,,,,,,,,,,,,,,,,,,,,,,,,,,,,,,,,,,,,,,,,,,,,,,,,,,,,,,,,,,,,,,,,,,,,,,,,,,,,,,,,,,,,,,,,,,,,,,,,,,,,,,,,,,,,,,,,,,,,,,,,,,,,,,,,,,,,,,,,,,,,,,,,,,,,,,,,
node/4171154139,node/4171154139,,,,,,,,,,,,,,,,bar,,,,,,,,,,,,,,,,,,,,,,,,,,2025-04-01,,,,,,,,,,,,,,,,,,,,,,,,,,,,,,,,,,,,,,,,,,,,,,,,,,,,,,,,,,,,,,,,,,,,,,,,,,,,,,,,,,,,,,,,,,,,,,,,Night Club Victory,,,,,,,,,,,,,,,,,,,,,,,,,,,,,,,,,,,,,,,,,,,,,,,,,,,,,,,,,,,,,,,,,,,,,,,,,,,,,,,,,,,,,,,,,,,,,,,,,,,,,,,,,,,,,,,,,,,,,,,,,,,,,,,,,,,,,,,,,,,,,,,,,,,,,,,,,,,,,,,,
node/4184392617,node/4184392617,,,,,,,,,,,,,,,,bar,,,,,,,,,,,,,,,,,,,,,,,,,,2023-12-29,,,,,,,,,,,,,,,,,,,,,,,,,,,,,,,,,,,,,,,,,,,,,,,,,,,,,,,,,,,,,,,,,,no,,,,,,,,,,,,,,,,,,,,,,,,,,,,,,Vacuum Art Bar,,,,,,,,,,,,,,,,,,,,,,,,,,,,,,,,,,,,,,,no,yes,,,,no,,no,,,,,,,,,,,,,,,,,,,,,,,,,,,,,,,,,,,,,,,,,,,,,,,,,,,,,,,,,,,,,,,,,,,,,,,,,,,,,,,,,,,,,,,,,,,,,,,,,,,,,,,,,,,,,,,,,,
node/4184392626,node/4184392626,,,,,,,,,,,,,,,,pub,,,,,,,,,,,,,,,,,,,,,,,,,,,,,,,,,,,,,,,,,,,,,,,,,,,,,,,,,,,,,,,,,,,,,,,,,,,,,,,,,,,,,,,,,,,,,,,,,,,,,,,,,,,,,,,,,,,,,,,,,,Bistro Panda,,,,,,,,,,,,,,,,,,,,,,,,,,,,,,,,,,,,,,,,,,,,,,,,,,,,,,,,,,,,,,,,,,,,,,,,,,,,,,,,,,,,,,,,,,,,,,,,,,,,,,,,,,,,,,,,,,,,,,,,,,,,,,,,,,,,,,,,,,,,,,,,,,,,,,,,,,,,,,,,
node/4184396947,node/4184396947,,Praha,,,,,33,,12800,Jaromírova,,,,,,pub,,,,,,,,,,,,,,,,,,,,,,,,,,,,,,,,,,,,,,,,,,,,,,,,,,,,,,,,,,,,,,,,,,,,,,,,,,,,,,,,,,,,,,,,,,yes,,,,,,,,,,,,,,,,,,,,,,,,,,,,,,,,Plzeňský Anny Bar,,,,,,,,,,,,,,,,,,,,,,,,,,,,,yes,,,,,,,,,,,,,,,,,,,,,,,,,,,,,,,,,,,,,,,,,,,,,,,,,,,,,,,,,,,,,,,,,,,,,,,,,,,,,,,,,,,,,,,,,,,,,,,,,,,,,,,,,,,,,,,,,,,,,,,,,,,,,,,,,,,
node/4184471423,node/4184471423,,Praha,,,,,16,,11000,Školská,,,,,,bar,,,,,,,,,,,,,,,,,,,,,,,,,,,,,,,,,,,,,,,,,,,,,,,,,,,,,,,,,,,,,,,,,,,,,,,,,,,,,,,,,,,,,,,,,,,,,,,,,,,,,,,,,,,,,,,,,,,,,,,,,,Rodeo Oldies Bar,,,,,,,,,,,,,,,,,,,,,,We-Sa 20:00-05:00,,,,,,,,,,,,,,,,,,,,,,,,,,,,,,,,,,,,,,,,,,,,,,,,+420 722 252 252,,,,,,,,,,,,,,,,,,,,,,,,,,,,,,,,,,,,,,,,,,,,,,,,,,,,,,,,,,,,,,,,,,,,,,,,,,,https://www.rodeopraha.cz/,,,,,,,,,,,,,,,
node/4184471426,node/4184471426,,Praha,,,,,32,,11000,Štěpánská,,,,,,pub,,,,,,,,,,,,,,,,,,,,,,,,,,,,,,,,,,,,,,,,,,,,,,,,,,,,,,,,,,,,,,,,,,,,,,,,,,,,,,,,,,,,,,,,,,,,,,,,,,,,,,,,,,,,,,,,,,,,,,,,,,Rocky O' Reillys,,,,,,,,,,,,,,,,,,,,,,Mo-Su 10:00-02:00,,,,,,,,,,,,,,,,,,,,,,,,,,,,,,,,,,,,,,,,,,,,,,,,+420 222 231 060,,,,,,,,,,,,,,,,,,,,,,,,,,,,,,,,,,,,,,isolated,,,,,,,,,,,,,,,,,,,irish,,,,,,,,,,,,,,,,,,https://www.rockyoreillys.cz/,,,,,,,,,,,,,,,
node/4188207889,node/4188207889,,,,,,,,,,,,,,,,,,,,,,,,,,,,,,,,,,,,,,,,,,,,,,,,,,,,,,,,,,,,,,,,,,,,,,,,,,,,,,,,,,,,,,,yes,,,,,,,,,,,,,,,,,,,,,,,,,,,,,,,,,,,,,,,,,,,,,,,,,,,Vinotéka U Grébovky,,,,,,,,,,,,,,,,,,,,,,Tu-Th 16:00-19:30; Fr 15:30-19:30,,,,,,,,,,,,,,,,,,,,,,,,,,,,,,,,,,,,,,,,,,,,,,,,,,,,,,,,,,,,,,,,,,,,,,,,,,,,,,alcohol,,,,,,,,,,,,,,,,,,,,,,,,,,,,,,,,,,,,,,,,,,,,,,,,,,,,,,,,,,,,
node/4188207898,node/4188207898,,,,,,,,,,,,,,,,bar,,,,,,,,,,,,,,,,,,,,,,,,,,,,,,,,,,,,,,,,,,,,,,,,,,,,,,,,,,,,,,,,,,,,,,,,,,,,,,,,,,,,,,,,,,,,,,,,,,,,,,,,,,,,,,,,,,,,,,,,,,Bar Ginger,,,,,,,,,,,,,,,,,,,,,,"Tu,Th 19:00-01:00, Fr,Sa 19:00-02:00, Su 19:00-24:00",,,,,,,,,,,,,,,,,,,,,,yes,,yes,,,,,,,,,,,,,,,,,,,,,,,,,,,,,,,,,,,,,,,,,,,,,,,,,,,,,,,,,,,,,,,,,,,,,,,,,,,,,,,,,,,,,,,,,,,,,,,,,,,,,,,,,,,,,,,,,,
node/4188239773,node/4188239773,,Praha 2,,,,,16,,12000,náměstí Míru,,,,,,bar,,,,,,,,,,,,,,,,,,,,,,,,,,,,,,,,,,,,,,,,,,,,,,,,,,,,,,,,,,,,,,,,,,,,,,,,,,,,,,,,,,,,,,,,,,,,,,,,,,,,,,,,,,,,,,,,,,,,,,,,,,Movies Bar,,,,,,,,,,,,,,,,,,,,,,"Mo-Fr 19:00-03:00, Fr,Sa 19:00-05:00",,,,,,,,,,,,,,,,,,,,,,,,,,,,,,,,,,,,,,,,,,,,,,,,,,,,,,,,,,,,,,,,,,,,,,,,,,,,,,,,,,,,,,,,,,,,,,,,,,,,,,,,,,,,,,,,,,,,,,,,,,,,,,,,,,,,,,,,,,
node/4188239775,node/4188239775,,,,,,,,,,,,,,,,bar,,,,,,,,,,,,,,,,,,,,,,,,,,,,,,,,,,,,,,,,,,,,,,,,,,,,,,,,,,,,,,,,,,,,,,,,,,,,,,,,,,,,,,,,,,,,,,,,,,,,,,,,,,,,,,,,,,,,,,,,,,Přátelé Wine Friends,,,,,,,,,,,,,,,,,,,,,,Mo-Sa 16:00-24:00; Su 16:00-23:00,,,,,,,,,,,,,,,,,,,,,,,,,,,,,,,,,,,,,,,,,,,,,,,,,,,,,,,,,,,,,,,,,,,,,,,,,,,,,,,,,,,,,,,,,,,,,,,,,,,,,,,,,,,,,,,,,,,,,,,,,,,,,,,,,,,,,,,,,,
node/4188239777,node/4188239777,,Praha,,,,,24,,12000,Rumunská,,,,,,bar,,,,,,,,,,,,,,,,,,,,,,,,,,,,,,,,,,,,,,,,,,,,,,,,,,,,,,,,,,,,,,,,,,,,,,,,,,,,,,,,,,,,,,,,,,,,wlan,,,,,,,,,,,,,,,,,,,,,,,,,,,,,,Sklípek U Zlatého hroznu,,,,,,,,,,,,,,,,,,,,,,Mo-Fr 14:30-23:30; Sa 17:30-23:30,,,,,,,,,,,,,,,,,,,,,,,,,,,,,,,,,,,,,,,,,,,,,,,,+420 222 511 877,,,,,,,,,,,,,,,,,,,,,,,,,,,,,,,,,,,,,,isolated,,,,,,,,,,,,,,,,,,,,,,,,,,,,,,,,,,,,,https://www.uzlatehohroznu.cz/,,,,,,,,,,,,,,,
node/4188239781,node/4188239781,,Praha 2,,,,,4,,12000,Šubertova,,,,,,pub,,,,,,,,,,,,,,,,,,,,,,,,,,,,,,,,,,,,,,,,,,,,,,,,,,,,,,,,,,,,,,,,,,,,,,,,,,,,,,,,,,,,,,,,,,,,,,,,,,,,,,,,,,,,,,,,,,,,,,,,,,U Vávrů,,,,,,,,,,,,,,,,,,,,,,Tu-Fr 11:30-22:00; Mo 15:00-22:00,,,,,,,,,,,,,,,,,,,,,,,,,,,,,,,,,,,,,,,,,,,,,,,,+420 222 518 459,,,,,,,,,,,,,,,,,,,,,,,,,,,,,,,,,,,,,,isolated,,,,,,,,,,,,,,,,,,,,,,,,,,,,,,,,,,,,,http://vinarna-uvavru.cz/,,,,,no,,,,Q100474857,,,,,,
node/4188272836,node/4188272836,,,,,,,,,,,,,,,,bar,,,,,,,,,,,,,,,,,,,,,,,,,,,,,,,,,,,,,,,,,,,,,,,,,,,,,,,,,,,,,,,,,,,,,,,,,,,,,,,,,,,,,,,,,,,,,,,,,,,,,,,,,,,,,,,,,,,,,,,,,,Ka Sha Fé,,,,,,,,,,,,,,,,,,,,,,,,,,,,,,,,,,,,,,,,,,,,,,,,,,,,,,,,,,,,,,,,,,,,,,,,,,,,,,,,,,,,,,,,,,,,,,,,,,,,,,,,,,,,,,,,,,,,,,,,,,,,,,,,,,,,,,,,,,,,,,,,,,,,,,,,,,,,,,,,
node/4192320626,node/4192320626,,,,,,,,,,,,,,,,pub,,,,,,,,,,,,,,,,,,,,,,,,,,,,,,,,,,,,,,,,,,,,,,,,,,,,,,,,,,,,,,,,,,,,,,,,,,,,,,,,,,,,,,,,,,,,,,,,,,,,,,,,,,,,,,,,,,,,,,,,,,Kellyxír - alchymistická hospůdka,,,,,,,,,,,,,,,,,,,,,,,,,,,,,,,,,,,,,,,,,,,,,,,,,,,,,,,,,,,,,,,,,,,,,,,,,,,,,,,,,,,,,,,,,,,,,,,,,,,,,,,,,,,,,,,,,,,,,,,,,,,,,,,,,,,,,,,,,,,,,,,,,,,,,,,,,,,,,,,,
node/4192336066,node/4192336066,,Praha,,,,,4,,12000,Žitná,,,,,,bar,,,,,,,,,,,,,,,,,,,,,,,,,,,,,,,,,,,,,,,,,,,,,,,,,,,,,,,,,,,,,,,,,,,,,,,,,,,,,,,,,,,,,,,,,,,,,,,,,,,,,,,,,,,,,,,,,,,,,,,,,,Midnight Bar,,,,,,,,,,,,,,,,,,,,,,,,,,,,,,,,,,,,,,,,,,,,,,,,,,,,,,,,,,,,,,,,,,,,,,,,,,,,,,,,,,,,,,,,,,,,,,,,,,,,,,,,,,,,,,,,,,,,,,,,,,,,,,,,,,,,,,,,,,,,,,,,,,,,,,,,,,,,,,,,
node/4192370521,node/4192370521,,Praha,,,,,17,,11000,Žitná,,,,,,bar,,,,,,,,,,,,,,,,,,,,,,,,,,,,,,,,,,,,,,,,,,,,,,,,,,,,,,,,,,,,,,,,,,,,,,,,,,,,,,,,,,,,,,,,,,yes,,,,,,,,,,,,,,,,,,,,,,,,,,,,,,,,Chillout Bar,,,,,,,,,,,,,,,,,,,,,,24/7,,,,,,,no,,,,,,,,,,,,,,,,,,,,,,,,,,,,,,,,,,,,,,,,,,,,,,,,,,,,,,,,,,,,,,,,,,,,,,,,,,,,,,,,,,,,,,,,,,,,,,,,,,,,,,,,,,,,,,,,,,,,,,,,,,,,,,,,,,,
node/4192553552,node/4192553552,,Praha,,,,,51,,11000,Václavské náměstí,,,,,,bar,,,,,,,,,,,,,,,,,,,,,,,,,,,,,,,,,,,,,,,,,,,,,,,,,,,,,,,,,,,,,,,,,,,,,,,,,,,,,,,,,,,,,,,,,,,,,,,,,,,,,,,,,,,,,,,,,,,,,,,,,,Da Capo,,,,,,,,,,,,,,,,,,,,,,Mo-Su 08:00-02:00,,,,,,,,,,,,,,,,,,,,,,,,,,,,,,,,,,,,,,,,,,,,,,,,+420 222 240 695,,,,,,,,,,,,,,,,,,,,,,,,,,,,,,,,,,,,,,,,,,,,,,,,,,,,,,,,,,,,,,,,,,,,,,,,,,,http://www.da-capo.cz/,,,,,,,,,,,,,,,
node/4196094499,node/4196094499,,,,,,,,,,,,,,,,bar,,,,,,,,,,,,,,,,,,,,,,,,,,,,,,,,,,,,,,,,,,,,,,,,,,,,,,,,,,,,,,,,,,,,,,,,,,,,senovazne@vinograf.cz,,,,,,,,,,,,,,,,,,,,,,,,,,,,,,,,,,,,,,,,,,,,,,Vínograf,,,,,,,,,,,,,,,,,,,,,,Mo-Sa 11:30-24:00,,,,,,,,,,,,,,,,,,,,,,yes,,yes,,,,,,,,,,,,,,,,,,,,,,,,+420 739 653 153,,,,,,,,,,,,,,,,,,,,,,,,,,,,,,,,,,,,,,,,,,,,,,,,,,,,,,,,,,,,,,,,,,,,,,,,,,,https://www.vinograf.cz/cs/,,,,https://www.vinograf.cz/cs/,,,,,,,,,,,
node/4197006861,node/4197006861,,Praha,696,CZ,,,696/26,Nové Město,11000,Vodičkova,26,Praha 1,,,,pub,,,,,,,,,,,,,,,,,,,,,,,,,,,,,,,,,,,,,,,,,,,,,,,,,,,,,,,,,,,,,,,,,,,,,,,,,,,,,,,,,,,,,,,,,,,,,,,,,,,,,,,,,,,,,,,,,,,,,,,,,,Branická Formanka,,,,,,,,,,,,,,,,,,,,,,"Mo-Fr 08:00-21:00; Sa,Su 09:00-21:00",,,,,,,,,,,,,,,,,,,,,,,,,,,,,,,,,,,,,,,,,,,,,,,,,,,,,,,,,,,,,,,,,,,,,,,,,,,,,,,,,,,,,,,,,,cuzk:ruian,survey,,,,,,,,,,,,,,,,,,,,,,,,,,,,,,,,,,,,,,,,,,,,,,,
node/4197633728,node/4197633728,,Praha,,,,,28,,11000,Opletalova,,,,,,bar,,,,,,,,,,,,,,,,,,,,,,,,,,,,,,,,,,,,,,,,,,,,,,,,,,,,,,,,,,,,,,,,,,,,,,,,,,,,,,,,,,,,,,,,,,,,,,,,,,,,,,,,,,,,,,,,,,,,,,,,,,Bar Pohoda,,,,,,,,,,,,,,,,,,,,,,,,,,,,,,,,,,,,,,,,,,,,,,,,,,,,,,,,,,,,,,,,,,,,,,,,,,,,,,,,,,,,,,,,,,,,,,,,,,,,,,,,,,,,,,,,,,,,,,,,,,,,,,,,,,,,,,,,,,,,,,,,,,,,,,,,,,,,,,,,
node/4197633729,node/4197633729,,Praha,,,,,18,,11000,Politických vězňů,,,,,,bar,,,,,,,,,,,,,,,,,,,,,,,,,,,,,,,,,,,,,,,,,,,,,,,,,,,,,,,,,,,,,,,,,,,,,,,,,,,,,,,,,,,,,,,,,,,,,,,,,,,,,,,,,,,,,,,,,,,,,,,,,,Moskyt,,,,,,,,,,,,,,,,,,,,,,,,,,,,,,,,,,,,,,,,,,,,,,,,,,,,,,,,,,,,,,,,,,,,,,,,,,,,,,,,,,,,,,,,,,,,,,,,,,,,,,,,,,,,,,,,,,,,,,,,,,,,,,,,,,,,,,,,,,,,,,,,,,,,,,,,,,,,,,,,
node/4201893122,node/4201893122,,,,,,,,,,,,,,,,bar,,,,,,,,,,,,,,,,yes,,,,,,,,,,,,,,,,,,,,,,,,,,,,,,,,,,,,,,,,,,,,,,,,,,,,,,,,,,,,,,,,,,,,,,,,,,,,,,,,,,,,,,,,,,,,,,,,,,,,,,,,,,KARLOS Bar,,,,,,,,,,,,,,,,,,,,,,,,,,,,,yes,,,,,,,,,,,,,,,,,,,,,,,,,,,,,,,,,,,,,,,,,,,,,,,,,,,,,,,,,,,,,,,,,,,,,,,,,,,,,,,,,,,,,,,,,,,,,,,,,,,,,,,,,,,,,,,,,,,,,,,,,,,,,,,,,,,
node/4201893717,node/4201893717,,,,,,,,,,,,,,,,bar,,,,,,,,,,,,,,,,yes,,,,,,,,,,,,,,,,,,,,,,,,,,,,,,,,,,,,,,,,,,,,,,,,,,,,,,,,,,,,,,,,,,,,,,,,,,,,,,,,,,,,,,,,,,,,,,,,,,,,,,,,,,Kobra Bar,,,,,,,,,,,,,,,,,,,,,,,,,,,,,yes,,,,,,,,,,,,,,,,,,,,,,,,,,,,,,,,,,,,,,,,,,,,,,,,,,,,,,,,,,,,,,,,,,,,,,,,,,,,,,,,,,,,,,,,,,,,,,,,,,,,,,,,,,,,,,,,,,,,,,,,,,,,,,,,,,,
node/4202085587,node/4202085587,,Praha 5,,,,,12,,15000,U Nikolajky,,,,,,,,,,,,,,,,,,,,,,,,,,,,,,,,,,,,,,,,,,,,,,,,,,,,,,,,,,,,,,,,,,,,,,,,,,,,,yes,,,,,vinny.sklep@ustarku.cz,,,,,,,,,,,,,,,,,,,,,,,,,,,,,,,-1,,,,,,,,,,,,,,,Vinný sklep U Stárků,,,,,,,,,,,,,,,,,,,,,,Tu-Th 14:00-21:30; Fr 13:30-19:00,,,,,,,,,,,,,,,,,,,,,,,,,,,,,,,,,,,,,,,,,,,,,,,,+420 251 565 174,,,,,,,,,,,,,,,,,,,,,,,,,,,,,,alcohol,,,,,,,,,,,,,,,,,,,,,,,,,,,,,,,,,,,,,,wine_cellar,,,,,,,https://www.ustarku.cz/,,,,,,,,,,,,,,,
node/4209668074,node/4209668074,,,,,,,,,,,,,,,,bar,,,,,,,,,,,,,,,,,,,,,,,,,,,,,,,,,,,,,,,,,,,,,,,,,,,,,,,,,,,,,,,,,,,,,,,,,,,,,,,,,,,,,,,,,,,,,,,,,,,,,,,,,,,,,,,,,,,,,,,,,,Slámovka,,,,,,,,,,,,,,,,,,,,,,,,,,,,,,,,,,,,,,,,,,,,,,,,,,,,,,,,,,,,,,,,,,,,,,,,,,,,,,,,,,,,,,,,,,,,,,,,,,,,,,,,,,,,,,,,,,,,,,,,,,,,,,,,,,,,,,,,,,,,,,,,,,,,,,,,,,,,,,,,
node/4209679907,node/4209679907,,Praha,,,,,5,,11000,Martinská,,,,,,bar,,,,,,,,,,,,,,,,,,,,,,,,,,,,,,,,,,,,,,,,,,,,,,,,,,,,,,,,,,,,,,,,,,,,,,,,,,,,,,,,,,,,,,,,,,yes,,wlan,customers,,,,,,,,,,,,,,0,primary,,,,,,,,,,,,,,Café Bar Flirt,,,,,,,,,,,,,,,,,,,,,,"Mo-Th 14:00-02:00, Fr,Sa 14:00-03:00, Su 14:00-24:00",,,,,,,no,,,,,,,,,,,,,,,,,,,,,,,,,,,,,,,,,,,,,,,,,,,,,,,,,,,,,,,,,,,,,,,,,,,,,,,,,,,,,,,no,,,,,,,,,,,,,,,,,,,,,,,,,,,,,,,,,,,,,,,,,,no,,,,,,,,,,
node/4209679908,node/4209679908,,,,,,,,,,,,,,,,bar,,,,,,,,,,,,,,,,,,,,,,,,,,,,,,,,,,,,,,,,,,,,,,,,,,,,,,,,,,,,,,,,,,,,,,,,,,,,,,,,,,,,,,,,,,,,,,,,,,,,,,,,,,,,,,,,,,,,,,,,,,,,,,,,,,,,,,,,,,,,,,,,,,,,,,,,,,,,,,,,,,,,,,,,,,,,,,,,,,,,,,,,,,,,,,,,,,,,,,,,,,,,,,,,,,,,,,,,,,,,,,,,,,,,,,,,,,,,,,,,,,,,,,,,,,,,,,,,,,,,,,,,,,,,,,,,,,,,,,,,,,
node/4214263327,node/4214263327,,,,,,,,,,,,,,,,bar,,,,,,,,,,,,,,,,,,,,,,,,,,,,,,,,,,,,,,,,,,,,,,,,,,,,,,,,,,,,,,,,,,,,,,,,,,,,,,,,,,,,,,,,,,,,,,,,,,,,,,,,,,,,,,,,,,,,,,,,,,Nemo Cabaret Club,,,,,,,,,,,,,,,,,,,,,,,,,,,,,,,,,,,,,,,,,,,,,,,,,,,,,,,,,,,,,,,,,,,,,,,,,,,,,,,,,,,,,,,,,,,,,,,,,,,,,,,,,,,,,,,,,,,,,,,,,,,,,,,,,,,,,,,,,,,,,,,,,,,,,,,,,,,,,,,,
node/4214303189,node/4214303189,,,,,,,,,,,,,,,,pub,,,,,,,,,,,,,,,,yes;pilsner_urquell;gambrinus;velkopopovický_kozel,,,,,,,,,,,,,,,,,,,,,,,,,,,,,,,,,,,,,,,,,,,,,,,,,,,,,,,,,,,,,,,,,,,,,,,,,,,,wlan,no,,,,,,,,,,,,,,0,,,,,,,,,,no,,,,,Restaurace v Malinové,,,,,,,,,,,,,,,,,,,,,,Mo-Su 11:00-22:30,,,,,,,yes,,,,,,,,,,,,,,,,,,,,,,,,,,,,,,,,,,,,,,,,,,,,,,,,,,,,,,,,,,,,,,,,,,,,,,,,,,,,,,,separated,,,,,,,,,,,,,,,,,,yes,,,,,,,,,,,,,,,,,,,,,,,,limited,,,,,,,,,,
node/4214305895,node/4214305895,,Praha,750,CZ,,,750/10,Staré Město,11000,Haštalská,10,Praha 1,,,,bar,,,,,,,,,,,,,,,,,,,,,,,,,,2023-07-13,,,,,,,,,,,,,,,,,,,,,,,,,,,,,,,,,,,,,,,,,,,,,,,,,,,https://www.facebook.com/hastalska10/,,,,,,,,,,,,,,,wlan,no,,,,,,,,,,,,,,,,,,,,,,,,,,,,,Café Bar Fano,,,,,,,,,,,,,,,,,,,,,,"Mo-Su 00:00-09:00,11:00-24:00",,,,,,,yes,,,,,,,,,,,,,,,,,,,,,,,,,,,,,,,,,,,,,,,,,+420 222 329 323,,,,,,,,,,,,,,,,,,,,,,,,,,,,,,,,,,,,,,outside,,,,cuzk:ruian,,,,,,,,,,,,,,,,,,,,,,,,,,,,,,,,,https://www.bar-fano.cz/,,,,,,,,,,,,,,,
node/4215366997,node/4215366997,,Praha,1022,CZ,,,1022/1,Libeň,18000,Pivovarnická,1,Praha 8,,,,pub,,,,,,,,,,,,,,,,,,,,,,,,,,,,,,,,,,,,,,,,,,,,,,,,,,,,,,,,,,,,,,,,,,,,,,,,,,,,,https://www.facebook.com/pohodaUKralu/,,,,,,,,,,,,,,,wlan,no,,,,,,,,,,,,,,,,,,,,,,,,,,,,,U Králů,,,,,,,,,,,,,,,,,,,,,,Mo-Fr 11:00-24:00; Sa 13:00-24:00; Su 13:00-22:00,,,,,,,,,,,,,,,,,,,,,,,,,,,,,,,,,,,,,,,,,,,,,,,,+420 736 134 820,,,,,,,,,,,,,,,,,,,,,,,,,,,,,,,,,,,,,,,,,,cuzk:ruian,survey,,,,,,,,,,,,,,,,,,,,,,,,,,,,,,,,,,,,,,,,,,,,,,,
node/4223405689,node/4223405689,,,,,,,,,,,,,,,,bar,,,,,,,,,,,,,,,,,,,,,,,,,,,,,,,,,,,,,,,,,,,,,,,,,,,,,,,,,,,,,,,,,,,,,,,,,,,,,,,,,,,,,,,,,,,,,,,,,,,,,,,,,,,,,,,,,,,,,,,,,,Nemesis,,,,,,,,,,,,,,,,,,,,,,,,,,,,,,,,,,,,,,,,,,,,,,,,,,,,,,,,,,,,,,,,,,,,,,,,,,,,,,,,,,,,,,,,,,,,,,,,,,,,,,,,,,,,,,,,,,,,,,,,,,,,,,,,,,,,,,,,,,,,,,,,,,,,,,,,,,,,,,,,
node/4223416954,node/4223416954,,Praha,,,,,7,,110 00,Na Poříčí,,,,,,bar,,,,,,,,,,,,,,,,,,,,,,,,,,,,,,,,,,,,,,,,,,,,,,,,,,,,,,,,,,,,,,,,,,,,,,,,,,,,,,,,,,,,,,,,,,,,,,,,,,,,,,,,,,,,,,,,,,,,,,,,,,Chapter Bar,,,,,,,,,,,,,,,,,,,,,,,,,,,,,,,,,,,,,,,,,,,,,,,,,,,,,,,,,,,,,,,,,,,,,,,,,,,,,,,,,,,,,,,,,,,,,,,,,,,,,,,,,,,,,,,,,,,,,,,,,,,,,,,,,,,,,,,,,,,,,,,,,,,,,,,,,,,,,,,,
node/4225654476,node/4225654476,,,,,,,,,,,,,,,,bar,,,,,,,,,,,,,,,,,,,,,,,,,,,,,,,,,,,,,,,,,,,,,,,,,,,,,,,,,,,,,,,,,,,,,,,,,,,,,,,,,,,,,,,,,,,,,,,,,,,,,,,,,,,,,,,,,,,,,,,,,,bufet HAMU,,,,,,,,,,,,,,,,,,,,,,Mo-Fr 08:00-20:00,,,,,,,,,,,,,,,,,,,,,,,,,,,,,,,,,,,,,,,,,,,,,,,,,,,,,,,,,,,,,,,,,,,,,,,,,,,,,,,,,,,,,,,,,,,,,,,,,,,,,,,,,,,,,,,,,,,,,,,,,,,,,,,,,,,,,,,,,,
node/4243300486,node/4243300486,,,,,,,,,,,,,,,,,,,,,,,,,,,,,,,,,,,,,,,,,,,,,,,,,,,,Brevnovskypivovar,,,+420 607 038 304,,,https://brevnovskypivovar.cz/,,,brewery,,,,,,,"Lahvová piva lze koupit i v infocentru, točená i v Břevnovském výčepu v areálu kláštera",,,,,,,,,,,,,,,,,,,,,,,,,,,,,,,,,,,,,,,,,,,,,,,,,,,,,,,,,,,,,,,,,,,,,,Břevnovský klášterní pivovar svatého Vojtěcha,,,,,,,,,,,,,,,,,,,,,,"Mo-We,Fr 09:00-17:00; Th 09:00-19:00",,,,,,,,,,,,,,,,,,,,,,,,,,,,,,,,,,,,,,,,,,,,,,,,,,,,,,,,,,,,,,,,,,,,,,,,,,,,,,,Břevnovský klášterní pivovar sv. Vojtěcha,,,,,,,,,,survey,,,,,,,,,,,,,,,,,,,,,,,,,,,,,,,,,,,,,,,,,,,Q11706909,,,cs:Břevnovský klášterní pivovar,,,
node/4248794095,node/4248794095,,,,,,,6,,,Myslíkova,,,,,,pub,,,,,,,,,,,,,,,,,,,,,,,,,,,,,,,,,,,,,,,,,,,,,,,,,,,,,,,,,,,,,,,,,,,,,,,,,,,,,,,,,,,,,,,,,,,,,,,,,,,,,,,,,,,,,,,,,,,,,,,,,,Klub Buben,,,,,,,,,,,,,,,,,,,,,,,,,,,,,,,,,,,,,,,,,,,,,,,,,,,,,,,,,,,,,,,,,,,,,,,,,,,,,,,,,,,,,,,,,,,,,,,,,,,,,,,,,,,,,,,,,,,,,,,,,,,,,,,,,,,,,,,,,,,,,,,,,,,,,,,,,,,,,,,,
node/4248815589,node/4248815589,,,,,,,,,,,,,,,,bar,,,,,,,,,,,,,,,,,,,,,,,,,,,,,,,,,,,,,,,,,,,,,,,,,,,,,,,,,,,,,,,,,,,,,,,,,,,,,,,,,,,,,,,,,,,,,,,,,,,,,,,,,,,,,,,,,,,,,,,,,,Naturel bistro,,,,,,,,,,,,,,,,,,,,,,,,,,,,,,,,,,,,,,,,,,,,,,,,,,,,,,,,,,,,,,,,,,,,,,,,,,,,,,,,,,,,,,,,,,,,,,,,,,,,,,,,,,,,,,,,,,,,,,,,,,,,,,,,,,,,,,,,,,,,,,,,,,,,,,,,,,,,,,,,
node/4254265558,node/4254265558,,Praha 5 - Radotín,,,,,15,,15300,Štěrková,,,,,,pub,,,,,,,,,,,,,,,,,,,,,,,,,,,,,,,,,,,,,,,,,,,,,,,,,,,,,,,,,,,,,,,,,,,,,,,,,,,,,,,,,,,,,,,,,,,,,,,,,,,,,,,,,,,,,,,,,,,,,,,,,,Pivní Sanatorium,,,,,,,,,,,,,,,,,,,,,,,,,,,,,,,,,,,,,,,,,,,,,,,,,,,,,,,,,,,,,,,,,,,,,,,,,,,,,,,,,,,,,,,,,,,,,,,,,,,,,,,,,,,,,,,,,,,,,,,,,,,,,,,,,,,,,,,,,,,,,,,,,,,,,,,,,,,,,,,,
node/4257560092,node/4257560092,,,,,,,,,,,,,,,,pub,,,,,,,,,,,,,,,,,,,,,,,,,,,,,,,,,,,,,,,,,,,,,,,,,,,,,,,,,,,,,,,,,,,,,,,,,,,,,,,,,,,,,,,,,,,,,,,,,,,,,,,,,,,,,,,,,,,,,,,,,,Hospoda Konrad,,,,,,,,,,,,,,,,,,,,,,,,,,,,,,,,,,,,,,,,,,,,,,,,,,,,,,,,,,,,,,,,,,,,,,,,,,,,,,,,,,,,,,,,,,,,,,,,,,,,,,,,,,,,,,,,,,,,,,,,,,,,,,,,,,,,,,,,,,,,,,,,,,,,,,,,,,,,,,,,
node/4261131120,node/4261131120,,,,,,,,,,,,,,,,bar,,,,,,,,,,,,,,,,,,,,,,,,,,2026-05-05,,,,,,,,,,,,,,,,,,,,,,,,,,,,,,,,,,,,,,,,,,,,,,,,,,,,,,,,,,,,,,,,,,,,,,,,,,,,,,,,,,,,,,,,,,,,,,,,Antony,,,,,,,,,,,,,,,,,,,,,,,,,,,,,,,,,,,,,,,,,,,,,,,,,,,,,,,,,,,,,,,,,,,,,,,,,,,,,,,,,,,,,,,,,,,,,,,,,,,,,,,,,,,,,,,,,,,,,,,,,,,,,,,,,,,,,,,,,,,,,,,,,,,,,,no,,,,,,,,,,
node/4273048489,node/4273048489,,,,,,,,,,Anglická,,,,,,bar,,,,,,,,,,,,,,,,,,,,,,,,,,,,,,,,,,,,,,,,,,,,,,,,,,,,,,,,,,,,,,,,,,,,,,,,,,,,,,,,,,,,,,,,,,,,,,,,,,,,,,,,,,,,,,,,,,,,,,,,,,Club Strelec,,,,,,,,,,,,,,,,,,,,,,Mo-Su 18:00-01:00,,,,,,,,,,,,,,,,,,,,,,,,,,,,,,,,,,,,,,,,,,,,,,,,,,,,,,,,,,,,,,,,,,,,,,,,,,,,,,,,,,,,,,,,,,,,,,,,,,,,,,,,,,,,,,,,,,,,,,,,,,,,,,,,,,,,,,,,,,
node/4276427792,node/4276427792,,,,,,,,,,,,,,,,bar,,,,,,,,,,,,,,,,,,,,,,,,,,,,,,,,,,,,,,,,,,,,,,,,,,,,,,,,,,,,,,,,,,,,,,,,,,,,,,,,,,,,,,,,,,no,,,,,,,,,,,,,,,,,,,,,,,,,,,,,,,,Beer Garden,,,,,,,,,,,,,,,,,,,,,,,,,,,,,yes,,,,,,,,,,,,,,,,,,,,,,,,,,,,,,,,,,,,,,,,,,,,,,,,,,,,,,,,,,,,,,,,,,,,,,,,,,,,,,,,,,,,,,,,,,,,,,,,,,,,,,,,,,,,,,,,,,,,,,,,,,,,,,,,,,,
node/4278039449,node/4278039449,,Praha 1,,,,,4,,11000,Soukenická,,,,,,bar,,,,,,,,,,,,,,,,,,,,,,,,,,,,,,,,,,,,,,,,,,,,,,,,,,,,,,,,,,,,,,,,,,,,,,,,,,,,,,,,,,,,,,,,,,yes,,,,,,,,,,,,,,,,,,,,,,,,,,,,,,,,Sibeeria,,,,,,,,,,,,,,,,,,,,,,"Mo-Su,PH 15:00-02:00",,,,,,,no,,,,,,,,,,,,,,,,,,,,,,,,,,,,,,,,,,,,,,,,,,,,,,,,,,,,,,,,,,,,,,,,,,,,,,,,,,,,,,,,,,,,,,,,,,,,,,,,,,,,,,,,,,,,,,,,,,,,,,,,,,,,,,,,,,,
node/4278550113,node/4278550113,,Praha 1,,,,,40,,11000,Klimentská,,,,,,bar,,,,,,,,,,,,,,,,,,,,,,,,,,,,,,,,,,,,,,,,,,,,,,,,,,,,,,,,,,,,,,,,,,,,,,,,,,,,,,,,,,,,,,,,,,,,wlan,,,,,,,,,,,,,,,,,,,,,,,,,,,,,,Vinný sklep Rugantino II.,,,,,,,,,,,,,,,,,,,,,,Mo-Sa 11:00-23:00; Su 12:00-23:00,,,,,,,,,,,,,,,,,,,,,,,,,,,,,,,,,,,,,,,,,,,,,,,,+420 224 815 192,,,,,,,,,,,,,,,,,,,,,,,,,,,,,,,,,,,,,,,,,,,,,,,,,,,,,,,,,,,,,,,,,,,,,,,,,,,https://www.klimentska.rugantino.cz,,,,,,,,,,,,,,,
node/4297099519,node/4297099519,,Praha,266,CZ,,,266/4,Malá Strana,11800,Tržiště,4,Praha 1,,,,pub,,,,,,,,,,,,,,,,,,,,,,,,,,2023-12-12,,,,,,,,,,,,,,,,,,,,,,,,,,Irish pub,,,,,,,,,,,,,,,,,,,,,,,,,https://www.facebook.com/jjmurphysprague/,,,,,,,,,,,,,,,,,,,,,,,,,,,,,,,,,,,,,,,,,,,,,J.J. Murphy's,,,,,,,,,,,,,,,,,,,,,,"Mo-Su 10:00-24:00; Th-Sa 00:00-01:00,10:00-24:00",,,,,,,,,,,,,,,,,,,,,,,,,,,,,,,,,,,,,,,,,,,,,,,,+420 257 535 575,,,,,,,,,,,,,,,,,,,,,,,,,,,,,,,,,,,,,,,,,,cuzk:ruian,survey,,,,,,,,,,,,,,,,,,,,,,,,,,,,,,,,http://www.bestirishbarprague.com/,,,,,,,,,,,,,,,
node/4300805502,node/4300805502,,,,,,,,,,,,,,,,pub,,,,,,,,,,,,,,,,,,,,,,,,,,,,,,,,,,,,,,,,,,,,,,,,,,,,,,,,,,,,,,,,,,,,,,,,,,,,,,,,,,,,,,,,,,,,,,,,,,,,,,,,,,,,,,,,,,,,,,,,,,U Míšků,,,,,,,,,,,,,,,,,,,,,,,,,,,,,yes,,,,,,,,,,,,,,,,,,,,,,,,,,,,,,,,,,,,,,,,,,,,,,,,,,,,,,,,,,,,,,,,,,,,,,,,,,,,,,,,,,,,,,,,,,,,,,,,,,,,,,,,,,,,,,,,,,,,,,,,,,,,,,,,,,,
node/4310145549,node/4310145549,,,,,,,,,,,,,,,,pub,,,,,,,,,,,,,,,,,,,,,,,,,,,,,2026-03-05,,,,,,,,,,,,,,,,,,,,,,,,,,,,,,,,,,,,,,,,,,,,,,,,,,,,,,,,,,,,,yes,,,,,,,,,,,,,,,,,,,,,,,,,,,,,,,,Boleslavka,,,,,,,,,,,,,,,,,,,,,,"Mo-Su,PH 10:00-24:00",,,,,,,yes,,,,,,,,,,,,,,,,,,,,,,,,,,,,,,,,,,,,,,,,,,,,,,,,,,,,,,,,,,,,,,,,,,,,,,,,,,,,,,,outside,,,,,,,,,,,,,,,,,,,,,,,,,,,,,,,,,,,,,,,,,,limited,,,,,,,,,,
node/4314173700,node/4314173700,,,,,,,,,,,,,,,,bar,,,,,,,,,,,,,,,,,,,,,,,,,,,,,,,,,,,,,,,,,,,,,,,,,,,,,,,,,,,,,,,wine,,,,,,,,yes,,,,,,,,,,,,,,,,,,,,,,,,,,,,,,,,,,,,,,,,,,,,,,,,,,,Víno Wine,,,,,,,,,,,,,,,,,,,,,,Tu-Sa 16:00-22:00,,,,,,,,,,,,,,,,,,,,,,,,,,,,,,,,,,,,,,,,,,,,,,,,,,,,,,,,,,,,,,,,,,,,,,,,,,,,,,,,,,,,,,,,,,,,,,,,,,,,,,,,,,,,,,,,,,,,,,,,,,,,,,,,yes,,,,,,,,,,
node/4317349294,node/4317349294,,,,,,,,,,,,,,,,,,,,,,,,,,,,,,,,,,,,,,,,,,2023-04-18,,,,,,,,,,,,,,,,,,,,,,,,,,,,,,,,,,,,,,,,,,,,,yes,,,,,,,,,,,,,,,,,,,,,,,,,,,,,,,,,,,,,,,,,,,,,,,,,,,Vinny Restaurant U Perouna,,,,,,,,,,,,,,,,,,,,,,,,,,,,,,,,,,,,,,,,,,,,,,,,,,,,,,,,,,,,,,,,,,,,,,,,,,,,,,,,,,,,,,,,,,,,,,,,,,,,alcohol,,,,,,,,,,,,,,,,,,,,,,,,,,,,,,,,,,,,,,,,,,,,,,,,,,,,,,,,,,,,
node/4318215341,node/4318215341,,,,,,,,,,,,,,,,bar,,,,,,,,,,,,,,,,,,,,,,,,,,,,,,,,,,,,,,,,,,,,,,,,,,,,,,,,,,,,,,,,,,,,,,,,,,,,,,,,,,,,,,,,,,,,,,,,,,,,,,,,,,,,,,,,,,,,,,,,,,Porto Vino,,,,,,,,,,,,,,,,,,,,,,Mo-Fr 15:00-23:00; Sa 15:00-24:00,,,,,,,,,,,,,,,,,,,,,,,,,,,,,,,,,,,,,,,,,,,,,,,,,,,,,,,,,,,,,,,,,,,,,,,,,,,,,,,,,,,,,,,,,,,,,,,,,,,,,,,,,,,,,,,,,,,,,,,,,,,,,,,,,,,,,,,,,,
node/4323509295,node/4323509295,,,,,,,,,,,,,,,,bar,,,,,,,,,,,,,,,,,,,,,,,,,,,,,,,,,,,,,,,,,,,,,,,,,,,,,,,,,,,,,,,,,,,,,,,,,,,,,,,,,,,,,,,,,,yes,,,,,,,,,,,,,,,,,,,,,,,,,,,,,,,,L Bar,,,,,,,,,,,,,,,,,,,,,,Mo-Su 15:00-04:00,,,,,,,no,,,,,,,,,,,,,,,,,,,,,,,,,,,,,,,,,,,,,,,,,,,,,,,,,,,,,,,,,,,,,,,,,,,,,,,,,,,,,,,no,,,,,,,,,,,,,,,,,,,,,,,,,,,,,,,,,,,,,,,,,,,,,,,,,,,,
node/4323521297,node/4323521297,,,,,,,,,,,,,,,,pub,,,,,,,,,,,,,,,,,,,,,,,,,,,,,,,,,,,,,,,,,,,,,,,,,,,,,,,,,,,,,,,,,,,,,,,,,,,,,,,,,,,,,,,,,,yes,,,,,,,,,,,,,,,,,,,,,,,,,,,,,,,,Spartak,,,,,,,,,,,,,,,,,,,,,,"Mo-Fr 16:00-22:00; Sa,Su 10:00-22:00",,,,,,,yes,,,,,,,,,,,,,,,,,,,,,,,,,,,,,,,,,,,,,,,,,,,,,,,,,,,,,,,,,,,,,,,,,,,,,,,,,,,,,,,,,,,,,,,,,,,,,,,,,,,,,,,,,,,,,,,,,,,,,,,,,,,,,,,,,,,
node/4326565996,node/4326565996,,,,,,,1054/ 10,,,Ježkova,,,,,,bar,,,,,,,,,,,,,,,,,,,,,,,,,,,,,,,,,,,,,,,,,,,,,,,,,,,,,,,,,,,,,,,,,,,,,,,,,,,,,,,,,,,,,,,,,,,,wlan,,,,,,,,,,,,,,,,,,,,,,,,,,,,,,Barrande,,,,,,,,,,,,,,,,,,,,,,,,,,,,,,,,,,,,,,,,,,,,,,,,,,,,,,,,,,,,,,,,,,,,,,,,,,,,,,,,,,,,,,,,,,,,,,,,,,,,,,,,,,,,,,,,,,,,,,,,,,,,,,,,,,,,,,,,,,,,,,,,,,,,,,,,,,,,,,,,
node/4326615089,node/4326615089,,,,,,,,,,,,,,,,pub,,,,,,,,,,,,,,,,,,,,,,,,,,,,,,,,,,,,,,,,,,,,,,,,,,,,,,,,,,,,,,,,,,,,,,,,,,,,,,,,,,,,,,,,,,,,,,,,,,,,,,,,,,,,,,,,,,,,,,,,,,Vape House Prague,,,,,,,,,,,,,,,,,,,,,,,,,,,,,,,,,,,,,,,,,,,,,,,,,,,,,,,,,,,,,,,,,,,,,,,,,,,,,,,,,,,,,,,,,,,,,,,,,,,,,,,,,,,,,,,,,,,,,,,,,,,,,,,,,,,,,,,,,,,,,,,,,,,,,,,,,,,,,,,,
node/4336034600,node/4336034600,,,,,,,,,,,,,,,,pub,,,,,,,,,,,,,,,,Bad Flash,,,,,,,,,,2025-05-31,,,,,,,,,,,,,,,,,,,,,,,,,,,,,,,,,,,,,,,,,,,,,,,,,,,,,,,,,,,,,,,,,,,,,,,,,,,,,,,,,,,,,,,,,,,,,,,,Bad Flash Bar,,,,,,,,,,,,,,,,,,,,,,Su-Th 17:00-01:00; Fr-Sa 17:00-02:00,,,,,,,,,,,,,,,,,,,,,,,,,,,,,,,,,,,,,,,,,,,,,,,,+420 273 134 609,,,,,,,,,,,,,,,,,,,,,,,,,,,,,,,,,,,,,,,,,,,,,,,,,,,,,,,,,,,,,,,,,,,,,,,,,,,http://www.badflash.cz,,,,,,,,,,,,,,,
node/4338850189,node/4338850189,,,,,,,,,,,,,,,,bar,,,,,,,,,,,,,,,,,,,,,,,,,,,,,2023-05-06,,,,,,,,,,,,,,,,,,,,,,,,,,,,,,,,,,,,,,,,,,,,,,,,,,,,,,,,,,,,,,,,,,,,,,,,,,,,,,,,,,,,,,,,,,,,,Smokehouse,,,,,,,,,,,,,,,,,,,,,,"Mo-Th 15:00-24:00, Fr-Sa 15:00-01:00, Su 15:00-24:00",,,,,,,,,,,,,,,,,,,,,,,,,,,,,,,,,,,,,,,,,,,,,,,,,,,,,,,,,,,,,,,,,,,,,,,,,,,,,,,,,,,,,,,,,,,,,,,,,,,,,,,,,,,,,,,,,,,,,,,,,,,,,,,,,,,,,,,,,,
node/4360560440,node/4360560440,,,,,,,,,,,,,,,,pub,,,,,,,,,,,,,,,,,,,,,,,,,,,,,,,,,,,,,,,,,,,,,,,,,,,,,,,,,,,,,,,,,,,,,,,,,,,,,,,,,,,,,,,,,,,,,,,,,,,,,,,,,,,,,,,,,,,,,,,,,,restaurace u Králů,,,,,,,,,,,,,,,,,,,,,,,,,,,,,,,,,,,,,,,,,,,,,,,,,,,,,,,,,,,,,,,,,,,,,,,,,,,,,,,,,,,,,,,,,,,,,,,,,,,,,,,,,,,,,,,,,,,,,,,,,,,,,,,,,,,,,,,,,,,,,,,,,,,,,,,,,,,,,,,,
node/4364714093,node/4364714093,,Praha 1,235,,,,235/7,,110 00,Jilská,7,,,,,bar,,,,,,,,,,,,,,,,,,,,,,,,,,,,,,,,,,,,,,,,,,,,,,,,,,,,,,,,,,,,,,,,yes,,,,,,,,,,,,absintherie@absint.cz,,,,,,,,,,,,,,yes,,wlan,,,,,,,,,,,,,,,,,,,,,,,,,,,,,,Absintherie Jilská,,,,,,,,,,,,,,,,,,,,,,"Mo-Th 15:00-24:00, Fr,Sa 13:00-01:00, Su 13:00-24:00",,,,,,,no,,,,,,,,,,,,,,,,,,,,,,,,,,,,,,,,,,,,,,,,,+420 774 229 172,,,,,,,,,,,,,,,,,,,,,,,,,,,,,,,,,,,,,,,,,,,,,,,,,,,,,,,,,,,,,,,,,,,,,,,,,,,https://www.absintherie.cz/en/absintherie-jilska,,,,,,,,,,,,,,,
node/4368535240,node/4368535240,,,,,,,,,,,,,,,,pub,,,,,,,,,,,,,,,,,,,,,,,,,,,,,,,,,,,,,,,,,,,,,,,,,,,,,,,,,,,,,,,,,,,,,,,,,,,,,,,,,,,,,,,,,,yes,,,,,,,,,,,,,,,,,,,,,,,,,,,,,,,,Žerno,,,,,,,,,,,,,,,,,,,,,,Mo-Su 14:00-22:00,,,,,,,yes,,,,,,,,,,,,,,,,,,,,,,,,,,,,,,,,,,,,,,,,,,,,,,,,,,,,,,,,,,,,,,,,,,,,,,,,,,,,,,,,,,,,,,,,,,,,,,,,,,,,,,,,,,,,,,,,,,,,,,,,,yes,,,,,,,,,,
node/4377340695,node/4377340695,,,,,,,3,,,Bartolomějská,,,,,,bar,,,,,,,,,,,,,,,,,,,,,,,,,,,,,,,,,,,,,,,,,,,,,,,,,,,,,,,,,,,,,,,,,,,,,,,,,,,,,,,,,,,,,,,,,,,,,,,,,,,,,,,,,,,,,,,,,,,,,,,,,,Al Capone's,Al Capone's,,,,,,,,,,,,,,,,,,,,,"Mo-Th 18:00-02:00, Fr,Sa 18:00-03:30, Su 18:00-24:00",,,,,,,,,,,,,,,,,,,,,,,,,,,,,,,,,,,,,,,,,,,,,,,,,,,,,,,,,,,,,,,,,,,,,,,,,,,,,,,,,,,,,,,,,,,,,,,,,,,,,,,,,,,,,,,,,,,,,,,,,,,,,,,,no,,,,,,,,,,
node/4377393692,node/4377393692,,,,,,,15,,,Krakovská,,,,,,bar,,,,,,,,,,,,,,,,,,,,,,,,,,,,,,,,,,,,,,,,,,,,,,,,,,,,,,,,,,,,,,,,,,,,,,,,,,,,,,,,,,,,,,,,,,,,,,,,,,,,,,,,,,,,,,,,,,,,,,,,,,Parlour,Parlour,,Parlor Cocktail,,,,,,,,,,,,,,,,,,,,,,,,,,,,,,,,,,,,,,,,,,,,,,,,,,,,,,,,,,,,,,,,,,,,,,,,,,,,,,,,,,,,,,,,,,,,,,,,,,,,,,,,,,,,,,,,,,,,,,,,,,,,,,,,,,,,,,,,,,,,,,,,,,,no,,,,,,,,,,
node/4384453730,node/4384453730,,,,,,,,,,,,,,,,biergarten,,,,,,,,,,,,,,,,,,,,,,,,,,,,,,,,,,,,,,,,,,,,,,,,,,,,,,,,,,,,,,,,,,,,,,,,,,,,,,,,,,,,,,,,,,,,,,,,,,,,,,,,,,,,,,,,,,,,,,,,,,pivnice Braník,,,,,,,,,,,,,,,,,,,,,,,,,,,,,,,,,,,,,,,,,,,,,,,,,,,,,,,,,,,,,,,,,,,,,,,,,,,,,,,,,,,,,,,,,,,,,,,,,,,,,,,,,,,,,,,,,,,,,,,,,,,,,,,,,,,,,,,,,,,,,,,,,,,,,,,,,,,,,,,,
node/4393342897,node/4393342897,,,,,,,5,,,Veleslavínova,,,,,,bar,,,,,,,,,,,,,,,,,,,,,,,,,,,,,,,,,,,cafe@hanybany.cz,,,,,,,,,,,,,,,,,,,,,,,,,,,,,,,,,,,,,,,,,,,,,,,,,,,,,,,yes,,,,,,,,,,,,,,,,,,,,,,,,,,,,,,,,Hany Bany,Hany Bany,,,,,,,,,,,,,,,,,,,,,"Mo-Su,PH 14:00-24:00",,,,,,,yes,,,,,,,,,,,,,,,,,,,,,,,,,,,,,,,,,,,,,,,,,+420 222 327 602,,,,,,,,,,,,,,,,,,,,,,,,,,,,,,,,,,,,,,,,,,,,,,,,,,,,,,,,,,,,,,,,,,,,,,,,,,,https://www.hanybany.cz,,,,https://www.hanybany.cz/jidelni-napojovy-listek/,no,,,,,,,,,,
node/4398106790,node/4398106790,,,611,,,,611/11,,,Týnská,11,,,,,bar,,,,,,,,,,,,,,,,,,,,,,,,,,,,,,,,,,,,,,,,,,,,,,,crepe;cake,,,,,,,,,,,,,,,,,,,,,,,,,,,,,info@cathedral-cafe-lounge-restaurant.com,,,,,,,,,,,,,,,,,,,,,,,,,,,,,,,,,,,,,,,,,,,,,,Cathedral Cafè,,,,,,,,,,,,,,,,,,,,,,09:00-22:00,,,,,,,,,,,,,,,,,,,,,,,,,,,,,,,,,,,,,,,,,,,,,,,,+420 605 585 545,,,,,,,,,,,,,,,,,,,,,,,,,,,,,,,,,,,,,,,,,,,,,,,,,,,,,,,,,,,,,,,,,,,,,,,,,,,http://cathedral-cafe-lounge-restaurant.com/,,,,,,,,,,,,,,,
node/4398601653,node/4398601653,,,,,,,,,,,,,,,,,,,,,,,,,,,,,,,,,,,,,,,,,,,,,,,,,,,,,,,,,,,,,,,,,,,,,,,,,,,,,,,,,,,,,,,,,,,,,,,,,,,,,,,,,,,,,,,,,,,,,,,,,,,,,,,,,,,,,,,,,,První vinohradská vinotéka,,,,,,,,,,,,,,,,,,,,,,Mo-Sa 14:00-22:00,,,,,,,,,,,,,,,,,,,,,,,,,,,,,,,,,,,,,,,,,,,,,,,,,,,,,,,,,,,,,,,,,,,,,,,,,,,,,,alcohol,,,,,,,,,,,,,,,,,,,,,,,,,,,,,,,,,,,,,,,,,,,,,,,,,,,,,,,,,,,,
node/4398945089,node/4398945089,,,,,,,5,,,Husova,,,,,,bar,,,,,,,,,,,,,,,,,,,,,,,,,,,,,,,,,,,,,,,,,,,,,,,,,,,,,,,,,,,,,,,,,,,,,,,,,,,,,,,,,,,,,,,,,,yes,,,,,,,,,,,,,,,,,,,,,,,,,,,,,,,,Il Palazzo,,,,,,,,,,,,,,,,,,,,,,Mo-Su 11:30-23:00,,,,,,,yes,,,,,,,,,,,,,,,,,,,,,,,,,,,,,,,,,,,,,,,,,+420 222 233 945,,,,,,,,,,,,,,,,,,,,,,,,,,,,,,,,,,,,,,outside,,,,,,,,,,,,,,,,,,,,,,,,,,,,,,,,,,,,,http://www.ilpalazzo.cz/,,,,,no,,,,,,,,,,
node/4407138688,node/4407138688,,,,,,,,,,,,,,,,pub,,,,,,,,,,,,,,,,,,,,,,,,,,,,,,,,,,,,,,,,,,,,,,,,,,,,,,,,,,,,,,,,,,,,,,,,,,,,,,,,,,,,,,,,,,,,,,,,,,,,,,,,,,,,,,,,,,,,,,,,,,Pub & Coctail Legend 13,,,,,,,,,,,,,,,,,,,,,,,,,,,,,,,,,,,,,,,,,,,,,,,,,,,,,,,,,,,,,,,,,,,,,,,,,,,,,,,,,,,,,,,,,,,,,,,,,,,,,,,,,,,,,,,,,,,,,,,,,,,,,,,,,,,,,,,,,,,,,,,,,,,,,,,,,,,,,,,,
node/4423295313,node/4423295313,,Praha,351,CZ,,,351/1,Staré Město,11000,Husova,1,Praha 1,,,,,,,,,,,,,,,,,,,,,,,,,,,,,,,,,2025-12-06,,,,,,,,,,,,,,,,,,,,,,,,,,,,,,,,,,,,,,,,,,,,,,,,,,,,,,,,,,,,,,,,,,,,,,,,,,,,,,,,,,,,,,,,,,,,,Winehaeven,,,,,,,,,,,,,,,,,,,,,,Mo-Su 10:00-24:00,,,,,,,,,,,,,,,,,,,,,,yes,,yes,,,,,,,,,,,,,,,,,,,,,,,,,,,,,,,,,,,,,,,,,,,,,,,,,,,,,,alcohol,,,,,,,,,,,,cuzk:ruian,survey,,survey,2018-10-10,,,,,,,,,,,,,,,,,,,,,,,,,,,,,,,,,,no,,,,,,,,,,
node/4438779796,node/4438779796,,Praha,,CZ,,,,Hlubočepy,15200,K Dalejím,,Praha 5,,,,pub,,,,,,,,,,,,,,,,,,,,,,,,,,,,,,,,,,,,,,,,,,,,,,,,,,,,,,,,,,,,,,,,,,,,,,,,,,,,,,,,,,,,,,,,,,,,,,,,,,,,,,,,,,,,,,,,,,,,,,,,,,Hurdálkova chýše jedová,,,,,,,,,,,,,,,,,,,,,,,,,,,,,yes,,,,,,,,,,,,,,,,,,,,,,,,,,,,,,,,,,,,,,,,,,,,,,,,,,,,,,,,,,,,,,,,,,,,,,,,,,,,,,,,,,,,,,,,,,,,,,,,,,,,,,,,,,,,,,,,,,,,,,,,,,,,,,,,,,,
node/4443392163,node/4443392163,,Praha,704,CZ,,,704/61,Nové Město,11000,Štěpánská,61,Praha 1,,,,,,,,,,,,,,,,,,,,,,,,,,,,,,,,,,,,,,,,,,,,,,,,,,,,,,,,,,,,,,,,,,,,,,,,,,,yes,,,,,,,,,,,,,,,,,,,,,,,,,,,,,,,,,,,,,,,,,,,,,,,,,,,Cellarius,,,,,,,,,,,,,,,,,,,,,,,,,,,,,,,,,,,,,,,,,,,,,,,,,,,,,,,,,,,,,,,,,,,,,,+420 224 210 979,,,,,,,,,,,,,,,,,,,,,,,,,,,,,,alcohol,,,,,,,,,,,,,survey,,,,,,,,,,,,,,,,,,,,,,,,,,,http://www.lucerna.cz/,,,,,https://www.cellarius.cz/,,,,,,,,,,,,,,,
node/4447189566,node/4447189566,,Praha,164,CZ,,,164/108,Vršovice,10100,Francouzská,108,Praha 10,,,,pub,,,,,,,,,,,,,,,,,,,,,,,,,,,,,,,,,,,,,,,,,,,,,,,,,,,,,,,,,,,,,,,,,,,,,,,,,,,,,,,,,,,,,,,,,,,,,,,,,,,,,,,,,,,,,,,,,,,,,,,,,,U Starejch hadrů,,,,,,,,,,,,,,,,,,,,,,"Mo-Sa 00:00-02:00,17:00-24:00; Su 17:00-23:00",,,,,,,,,,,,,,,,,,,,,,,,,,,,,,,,,,,,,,,,,,,,,,,,,,,,,,,,,,,,,,,,,,,,,,,,,,,,,,,,,,,,,,,,,,cuzk:ruian,survey,,,,,,,,,,,,,,,,,,,,,,,,,,,,,,,,http://www.zachlastat.kvalitne.cz/,,,,,,,,,,,,,,,
node/4451906435,node/4451906435,,Praha,647,CZ,,,647/2,Staré Město,11000,Jakubská,2,Praha 1,,,,bar,,,,,,,,,,,,,,,,,,,,,,,,,,,,,,,,,,,,,,,,,,,,,,,,,,,,,,,,,,,,,,,,,,,,,,,,,,,,,,,,,,,,,,,,,,,,,,,,,,,,,,,,,,,,,,,,,,,,,,,,,,Chapeau Rouge,,,,,,,,,,,,,,,,,,,,,,"Mo-Th 00:00-03:00,12:00-24:00; Fr 00:00-04:00,12:00-24:00; Sa 00:00-04:00,16:00-24:00; Su 00:00-02:00,16:00-24:00",,,,,,,,,,,,,,,,,,,,,,,,,,,,,,,,,,,,,,,,,,,,,,,,+420 222 316 328,,,,,,,,,,,,,,,,,,,,,,,,,,,,,,,,,,,,,,,,,,cuzk:ruian,survey,,,,,,,,,,,,,,,,,,,,,,,,,,,,,,,,https://www.chapeaurouge.cz/,,,,,,,,,,,,,,,
node/4451906438,node/4451906438,,Praha,35,CZ,,,35/21,Malá Strana,11800,Malostranské náměstí,21,Praha 1,,,,pub,,,,,,,,,,,,,,,,,,,,,,,,,,,,,2026-01-08,,,,,,,,,,,,,,,,,,,,,,,,,,,,,,,,,,,,draught,,,,,,,,,,,,,,,,,,,,,,,,,,,,,,,,,,,,,,,,,,,,,,,,,,,,,,,,,Malostranská beseda,,,,,,,,,,,,,,,,,,,,,,Mo-Su 16:00-01:00,,,,,,,,,,,,,,,,,,,,,,,,,,,,,,,,,,,,,,,,,,,,,,,,+420 257 409 104,,,,,,,,,,,,,,,,,,,,,,,,,,,,,,,,,,,,,,,,,,cuzk:ruian,survey,,,,,,,,,,,,,,,,,,,,,,,,,,,,,,,,https://www.malostranska-beseda.cz/,,,,,yes,,,,,,,,,,
node/4451906440,node/4451906440,,Praha,1548,CZ,,,1548/27,Žižkov,13000,Kubelíkova,27,Praha 3,,,,bar,,,,,,,,,,,,,,,,,,,,,,,,,,,,,,,,,,,,,,,,,,,,,,,,,,,,,,,,,,,,,,,,,,,,,,,,,,,,,https://www.facebook.com/Palac.Akropolis.klub/,,,,,,,,,,,,,,,,,,,,,,,,,,,,,,,,,,,,,,,,,,,,,Palác Akropolis,,,,,,,,,,,,,,,,,,,,,,"Mo-Su 00:00-05:00,22:00-24:00",,,,,,,,,,,,,,,,,,,,,,,,,,,,,,,,,,,,,,,,,,,,,,,,,,,,,,,,,,,,,,,,,,,,,,,,,,,,,,,,,,,,,,,,,,cuzk:ruian,survey,,,,,,,,,,,,,,,,,,,,,,,,,,,,,,,,https://www.palacakropolis.cz/,,,,,no,,,,,,,,,,
node/4454488293,node/4454488293,,Praha,,CZ,,,,Vršovice,10100,,,Praha 10,,,,pub,,,,,,,,,,,,,,,,,,,,,,,,,,,,,,,,,,,,,,,,,,,,,,,,,,,,,,,,,,,,,,,,,,,,,,,,,,,,,https://www.facebook.com/Hospůdka-U-Standy-116509091702525/,,,,,,,,,,,,,,,,,,,,,,,,,,,,,,,,,,,,,,,,,,,,,U Standy,,,,,,,,,,,,,,,,,,,,,,,off,,,,,,yes,,,,,,,,,,,,,,,,,,,,,,,,,,,,,,,,,,,,,,,,,,,,,,,,,,,,,,,,,,,,,,,,,,,,,,,,,,,,,,,,,,,,,,,,,,,,,,,,,,,,,,,,,,,,,,,,,,,,,,,,,,,,,,,,,,,
node/4455108254,node/4455108254,,Praha,657,CZ,,,657/6,Žižkov,13000,Blahníkova,6,Praha 3,,,,pub,,,,,,,,,,,,,,,,,,,,,,,,,,,,,,,,,,,,,,,,,,,,,,,,,,,,,,,,,,,,,,,,,,,,,,,,,,,,,,,,,,,,,,,,,,,,,,,,,,,,,,,,,,,,,,,,,,,,,,,,,,U Pižďucha,,,,,,,,,,,,,,,,,,,,,,"Mo-Fr 00:00-01:00,11:00-24:00; Sa,Su 00:00-01:00,14:00-24:00",,,,,,,,,,,,,,,,,,,,,,,,,,,,,,,,,,,,,,,,,,,,,,,,+420 721 660 012,,,,,,,,,,,,,,,,,,,,,,,,,,,,,,,,,,,,,,,,,,cuzk:ruian,survey,,,,,,,,,,,,,,,,,,,,,,,,,,,,,,,,https://www.upizducha.cz/,,,,,,,,,,,,,,,
node/4460745474,node/4460745474,,,,,,,,,,,,,,,,bar,,,,,,,,,,,,,,,,,,,,,,,,,,,,,,,,,,,,,,,,,,,,,,,,,,,,,,,,,,,,,,,,,,,,,,,,,,,,,,,,,,,,,,,,,,,,,,,,,,,,,,,,,,,,,,,,,,,,,,,,,,Funky Bee,,,,,,,,,,,,,,,,,,,,,,,,,,,,,,,,,,,,,,,,,,,,,,,,,,,,,,,,,,,,,,,,,,,,,,,,,,,,,,,,,,,,,,,,,,,,,,,,,,,,,,,,,,,,,,,,,,,,,,,,,,,,,,,,,,,,,,,,,,,,,,,,,,,,,,,,,,,,,,,,
node/4460745475,node/4460745475,,,,,,,,,,,,,,,,bar,,,,,,,,,,,,,,,,,,,,,,,,,,,,,,,,,,,,,,,,,,,,,,,,,,,,,,,,,,,,,,,,,,,,,,,,,,,,,,,,,,,,,,,,,,,,,,,,,,,,,,,,,,,,,,,,,,,,,,,,,,Nebe,,,,,,,,,,,,,,,,,,,,,,,,,,,,,,,,,,,,,,,,,,,,,,,,,,,,,,,,,,,,,,,,,,,,,,,,,,,,,,,,,,,,,,,,,,,,,,,,,,,,,,,,,,,,,,,,,,,,,,,,,,,,,,,,,,,,,,,,,,,,,,,,,,,,,,,,,,,,,,,,
node/4460745476,node/4460745476,,,,,,,,,,,,,,,,bar,,,,,,,,,,,,,,,,,,,,,,,,,,,,,,,,,,,,,,,,,,,,,,,,,,,,,,,,,,,,,,,,,,,,,,,,,,,,,,,,,,,,,,,,,,,,,,,,,,,,,,,,,,,,,,,,,,,,,,,,,,Bendy's,,,,,,,,,,,,,,,,,,,,,,,,,,,,,,,,,,,,,,,,,,,,,,,,,,,,,,,,,,,,,,,,,,,,,,,,,,,,,,,,,,,,,,,,,,,,,,,,,,,,,,,,,,,,,,,,,,,,,,,,,,,,,,,,,,,,,,,,,,,,,,,,,,,,,,,,,,,,,,,,
node/4460823914,node/4460823914,,,,,,,,,,,,,,,,bar,,,,,,,,,,,,,,,,,,,,,,,,,,,,,,,,,,,,,,,,,,,,,,,,,,,,,,,,,,,,,,,,,,,,,,,,,,,,,,,,,,,,,,,,,,,,,,,,,,,,,,,,,,,,,,,,,,,,,,,,,,,,,,,,,,,,,,,,,,,,,,,,,,,,,,,,,,,,,,,,,,,,,,,,,,,,,,,,,,,,,,,,,,,,,,,,,,,,,,,,,,,,,,,,,,,,,,,,,,,,,,,,,,,,,,,,,,,,,,,,,,,,,,,,,,,,,,,,,,,,,,,,,,,,,,,,,,,,,,,,,,
node/4460955049,node/4460955049,,,,,,,,,,,,,,,,bar,,,,,,,,,,,,,,,,,,,,,,,,,,,,,,,,,,,,,,,,,,,,,,,,,,,,,,,,,,,,,,,,,,,,,,,,,,,,,,,,,,,,,,,,,,,,,,,,,,,,,,,,,,,,,,,,,,,,,,,,,,Bar&Books,,,,,,,,,,,,,,,,,,,,,,,,,,,,,,,,,,,,,,,,,,,,,,,,,,,,,,,,,,,,,,,,,,,,,,,,,,,,,,,,,,,,,,,,,,,,,,,,,,,,,,,,,,,,,,,,,,,,,,,,,,,,,,,,,,,,,,,,,,,,,,,,,,,,,,,,,,,,,,,,
node/4460955050,node/4460955050,,,,,,,,,,,,,,,,pub,,,,,,,,,,,,,,,,,,,,,,,,,,,,,,,,,,,,,,,,,,,,,,,,,,,,,,,,,,,,,,,,,,,,,,,,,,,,,,,,,,,,,,,,,,,,,,,,,,,,,,,,,,,,,,,,,,,,,,,,,,Freemasonic Club,,,,,,,,,,,,,,,,,,,,,,,,,,,,,,,,,,,,,,,,,,,,,,,,,,,,,,,,,,,,,,,,,,,,,,,,,,,,,,,,,,,,,,,,,,,,,,,,,,,,,,,,,,,,,,,,,,,,,,,,,,,,,,,,,,,,,,,,,,,,,,,,,,,,,,,,,,,,,,,,
node/4460955052,node/4460955052,,,,,,,,,,,,,,,,bar,,,,,,,,,,,,,,,,,,,,,,,,,,2024-11-28,,,2024-11-28,,,,,,,,,,,,,,,,,,,,,,,,,,,,,,,,,,,,,,,,,,,,,,,,,,,,,,,,,,,,,,,,,,,,,,,,,,,,,,,,,,,,,,,,,,,,,Industry,,,,,,,,,,,,,,,,,,,,,,"Tu-Th 18:00-02:00, Fr-Su 18:00-04:00",,,,,,,,,,,,,,,,,,,,,,,,,,,,,,,,,,,,,,,,,,,,,,,,,,,,,,,,,,,,,,,,,,,,,,,,,,,,,,,,,,,,,,,,,,,,,,,,,,,,,,,,,,,,,,,,,,,,,,,,,,,,,,,,,,,,,,,,,,
node/4460955057,node/4460955057,,Praha,,,,,6,,11000,Týn,,,,,,bar,,,,,,,,,,,,,,,,,,,,,,,,,,,,,,,,,,,,,,,,,,,,,,,,,,,,,,,,,,,,,,,,,,,,,,,,,,,,,,,,,,,,,,,,,,,,,,,,,,,,,,,,,,,,,,,,,,,,,,,,,,Tunel,,,,,,,,,,,,,,,,,,,,,,Mo-Fr 08:00-23:00; Sa 10:00-23:00; Su 10:00-21:00,,,,,,,yes,,,,,,,,,,,,,,,,,,,,,,,,,,,,,,,,,,,,,,,,,,,,,,,,,,,,,,,,,,,,,,,,,,,,,,,,,,,,,,,,,,,,,,,,,,,,,,2022-10-13,,,,,,,,,,,,,,,,,,,,,,,,,,,,,,,,,,,,,
node/4470227676,node/4470227676,,Praha 3,,,,,28,,130 00,Seifertova,,,,,,bar,,,,,,,,,,,,,,,,,,,,,,,,,,,,,,,,,,,,,,,,,,,,,,,,,,,,,,,,,,,,,,,,,,,,,,,,,,,,,,,,,,,,,,,,,,,,,,,,,,,,,,,,,,,,,,,,,,,,,,,,,,Simply U Kravaty 2,,,,,,,,,,,,,,,,,,,,,,Tu-We 17:00-24:00; Th-Sa 17:00-02:00; Su 17:00-23:00,,,,,Luca Magnago,,,,,,,,,,,,,,,,,,,,,,,,,,,,,,,,,,,,,,,,,,,+420 773 591 599,,,,,,,,,,,,,,,,,,,,,,,,,,,,,,,,,,,,,,,,,,,,,,,,,,,,,,,,,,,,,,,,,,,,,,,,,,,https://www.facebook.com/Simply-U-Kravaty-2-867253483359571/,,,,,,,,,,,,,,,
node/4472006877,node/4472006877,,Praha,203,CZ,,,203/14,Malá Strana,11800,Malostranské náměstí,14,Praha 1,,,,,,,,,,,,,,,,,,,,,,,,,,,,,,,,,2023-05-26,,,,,,,,,,,,,,,,,,,,,,,,,,,,,,,,,,,,,,,,,,,,,,,,,,,,,,,,,,,,,,,,,,,,,,,,,,,,,,,,,,,,,,,,,,,,,Mini Market,,,,,,,,,,,,,,,,,,,,,,,,,,no,,,,,,,,,,,,,,,,,,,,,,,,,,,,,,,,,,,,,,,,,,,,,,,,,,,,,,,,,,,,,,,,,,,,,,,,,,alcohol,,,,,,,,,,,,cuzk:ruian,survey,,,,,,,,,,,,,,,,,,,,,,,,,,,,,,,,,,,,,no,,,,,,,,,,
node/4493890014,node/4493890014,,,,,,,,,,,,,,,,,,,,,,,,,,,,,,,,,,,,,,,,,,,,,2026-05-13,,,,,,,,,,,,,,,,,,,,,,,,,,,,,,,,,,,,,,,,,,yes,,,,,,,,,,,,,,,,,,,,,,,,,,,,,,,,,,,,,,,,,,,,,,,,,,,Bottega del Vino,,,,,,,,,,,,,,,,,,,,,,Mo-Fr 15:00-19:00,,,,,,,,,,,,,,,,,,,,,,,,,,,,,,,,,,,,,,,,,,,,,,,,,,,,,,,,,,,,,,,,,,,,,,,,,,,,,,alcohol,,,,,,,,,,,,,,,,,,,,,,,,,,,,,,,,,,,,,,,,,,,,,,,,,,,,,,,,,,,,
node/4515217790,node/4515217790,,,,,,,,,,,,,,,,pub,,,,,,,,,,,,,,,,Staropramen,,,,,,,,,,2026-07-08,,,2026-07-08,,,,,,,,,,,,,,,,,,,,,,,,,,,,,,,,,,,,,,,,,,,,,,,,,,,,,,,,,,,,,yes,,,,,,,,,,,,,,,,,,,,,,,,,,,,,,,,U Huberta,,,,,,,,,,,,,,,,,,,,,,Mo-Su 10:00-23:00,,,,,,,no,,,,,,,,,,,,,,,yes,,yes,,,,,,,,,,,,,,,,,,,,,,,,,,,,,,,,,,,,,,,,,,,,,,,,,,,,,,,,,,,,,,outside,,,,,,,,,,,,,,,,,,,,,,,,,,,,,,,,,,,,,,,,,,,,,,,,,,,,
node/4532482290,node/4532482290,,,,,,,12,,,Jankovcova,,,,,,bar,,,,,,,,,,,,,,,,,,,,,,,,,,,,,,,,,,,,,,,,,,,,,,,,,,,,,,,,,,,,,,,,,,,,,,,,,,,,,,,,,,,,,,,,,,,,,,,,,,,,,,,,,,,,,,,,,,,,,,,,,,Marina Pivovar,Marina Pivovar,,,,,,,,,,,,,,,,,,,,,,,,,,,,,,,,,,,,,,,,,,,,,,,,,,,,,,,,,,,,,,,,,,,,,,,,,,,,,,,,,,,,,,,,,,,,,,,,,,,,,,,,,,,,,,,,,,,,,,,,,,,,,,,,,,,,,,,,,,,,,,,,https://www.pivovarmarina.cz/,,,,,,,,,Q56661862,Category:Pivovar Marina,,,,,
node/4586922093,node/4586922093,,,,,,,,,,,,,,,,pub,,,,,,,,,,,,,,,,,,,,,,,,,,,,,,,,,,,,,,,,,,,,,,,,,,,,,,,,,,,,,,,,,,,,,,,,,,,,,,,,,,,,,,,,,,,,,,,,,,,,,,,,,,,,,,,,,,,,,,,,,,Hospůdka U Bobra,Hospůdka U Bobra,,Pub U Bobra,,,,,,,,,,,,,,,,,,,,,,,,,,,,,,,,,,,,,,,,,,,,,,,,,,,,,,,,,,,,,,,,,,,,,,,,,,,,,,,,,,,,,,,,,,,,,,,,,,,,,,,,,,,,,,,,,,,,,,,,,,,,,,,,,,,,,,,,,,,,,,,,,,,,,,,,,,,,,
node/4586999291,node/4586999291,,,,,,,,,,,,,,,,,,,,,,,,,,,,,,,,,,,,,,,,,,,,,,,,,,,,,,,,,,,,,,,,,,,,,,,,,,,,,,,,,,,,,,,yes,,,,,,,,,,,,,,,,,,,,,,,,,,,,,,,,,,,,,,,,,,,,,,,,,,,U Džonyho,U Džonyho,,U Džonyho,,,,,,,,,,,,,,,,,,,,,,,,,,,,,,,,,,,,,,,,,,,,,,,,,,,,,,,,,,,,,,,,,,,,,,,,,,,,,,,,,,,,,,,,,,,,,,,,,alcohol,,,,,,,,,,,,,,,,,,,,,,,,,,,,,,,,,,,,,,,,,,,,,,,,,,,,,,,,,,,,
node/4587023791,node/4587023791,,,,,,,,,,,,,,,,pub,,,,,,,,,,,,,,,,,,,,,,,,,,,,,,,,,,,,,,,,,,,,,,,,,,,,,,,,,,,,,,,,,,,,,,,,,,,,,,,,,,,,,,,,,,,,,,,,,,,,,,,,,,,,,,,,,,,,,,,,,,Sportovní hospoda,Sportovní hospoda,,Sport pub,,,,,,,,,,,,,,,,,,,,,,,,,,,,,,,,,,,,,,,,,,,,,,,,,,,,,,,,,,,,,,,,,,,,,,,,,,,,,,,,,,,,,,,,,,,,,,,,,,,,,,,,,,,,,,,,,,,,,,,,,,,,,,,,,,,,,,,,,,,,,,https://www.sportovnihospoda.cz/,,,,,,,,,,,,,,,
node/4590640591,node/4590640591,,,,,,,,,,,,,,,,bar,,,,,,,,,,,,,,,,,,,,,,,,,,,,,,,,,,,,,,,,,,,,,,,,,,,,,,,,,,,,,,,,,,,,,,,,,,,,,,,,,,,,,,,,,,,,,,,,,,,,,,,,,,,,,,,,,,,,,,,,,,Bars,,,,,,,,,,,,,,,,,,,,,,,,,,,,,,,,,,,,,,,,,,,,,,,,,,,,,,,,,,,,,,,,,,,,,,,,,,,,,,,,,,,,,,,,,,,,,,,,,,,,,,,,,,,,,,,,,,,,,,,,,,,,,,,,,,,,,,,,,,,,,,,,,,,,,,,,,,,,,,,,
node/4602875906,node/4602875906,,,,,,,,,,,,,,,Slavkovskej výčep,pub,,,,,,,,,,,,,,,,Slavkov,,,,,,,,,,,,,,,,,,,,,,,,,,,,,,,,,,,,,,,,,,,,,,,,,,,,,,,,,,,,radekfuksa@centrum.cz,,,,,,,,,,,,,,,,,,,,,,,,,,,,,,,,,,,,,,,,,,,,,,Poctivej výčep,,,,,,,,,,,,,,,,,,,,,,Mo-Fr 17:00-23:00,,,,,,,yes,,,,,,,,,,,,,,,,,,,,,,,,,,,,,,,,,,,,,,,,,,,,,,,,,,,,,,,,,,,,,,,,,,,,,,,,,,,,,,,,,,,,,,,,,,,,,,,,,,,,,,,,,,,,,,,,,,,,https://poctivejvycep.webnode.cz/,,,,,,,,,,,,,,,
node/4609894852,node/4609894852,,,,,,,11,,,Navrátilova,,,,,Multitap Craft Beerr Bar & Bottleshop;Craft Beer in Prague,bar,,,,,,,,,,,,,,,,,,,,,,,,,,,,,,,,,,,,,,,,,,,,,,,,,,,,,,,,,,,,,,,,,yes,,,,,,,,,,,bar@crafthouse.cz,,,,,,,,,,,,,,,,wlan,no,,,,,,,,,,,,,,,,,,,,,,,,,,,+420 703 334 099,,Craft House,,,Craft House,,,,,,,,,,,,,,,,,,,Mo-Su 17:00-24:00,,,,,,,,,,,,,,,,,,,,,,,,,,,,yes,,,,,yes,yes,,,,,,,,,,,yes,yes,yes,,,,,,,,,,,,,,,,,,,,,,,,,,,,,,,alcohol,,,,,,,,,,,,,,,,,,,,,,,,,,,,,,,,,,,,,,,,,,,,,https://www.crafthouse.cz/,,,,,,,,,,,,,,,
node/4623915980,node/4623915980,,,,,,,,,,,,,,,,bar,,,,,,,,,,,,,,,,,,,,,,,,,,2024-02-26,,,,,,,,,,,,,,,,,,,,,,,,,,,,,,,,,,,,,,,,,,,,,,,,,,info@vinvin.cz,,,,,,,,,,,,,,,,,,,,,,,,,,,,,,,,,,,,,,,,,,,,,,VinVin,,,,,,,,,,,,,,,,,,,,,,Mo-Sa 16:00-24:00,,,,,,,,,,,,,,,,,,,,,,,,,,,,,,,,,,,,,,,,,,,,,,,,+420 267 092 234,,,,,,,,,,,,,,,,,,,,,,,,,,,,,,,,,,,,,,,,,,,,,,,,,,,,,,,,,,,,,,,,,,,,,,,,,,,https://www.vinvin.cz/,,,,,,,,,,,,,,,
node/4637351206,node/4637351206,,Praha,,,,,,,,,,,,,Drunk Monkey Prague,pub,,,,,,,,,,,,,,,,,,,,,,,,,,,,,,,,,,,,https://www.facebook.com/pg/drunkenmonkeycz/,,,,+420775411417,,,,,,,,,,,no,,,,,,,,,,,,,,,,,,,,,,,,,,,,,,,,,,,,,,,yes,,,,,,,,,,,,,,,,,,,,,,,,,,,,,,,,Drunken Monkey,,,,,,,,,,,,,,,,,,,,,,24/7,,,,,,,no,,,,,,,,,,,,,,,,,,,,,,,,,,,,,,,,,,,,,,,,,,,,,,,,,,,,,,,,,,,,,,,,,,,,,,,,,,,,,,,,,,,,,,,,,,,,,,,,,,,,,,,,,,,,,,,,,,,,,,,,,no,,,,,,,,,,
node/4642107789,node/4642107789,,,,,,,438/15,,,Michalská,,,,,,bar,,,,,,,,,,,,,,,,,,,,,,,,,,,,,,,,,,,,,,,,,,,,,,,,,,,,,,,,,,,,,,,,,,,,,,,,,,,,,,,,,,,,,,,,,,,,,,,,,,,,,,,,,,,,,,,,,,,,,,,,,,,,,Karavella,,,,,,,,,,,,,,,,,,,Mo-Su 11:00-23:00,,,,,,,,,,,,,,,,,,,,,,,,,,,,,,,,,,,,,,,,,,,,,,,,+420 224282023,,,,,,,,,,,,,,,,,,,,,,,,,,,,,,,,,,,,,,,,,,,,,,,,,,,,,,,,,,,,,,,,,,,,,,,,,,,,,,,,,,,,,,,,,,
node/4676407389,node/4676407389,,,,,,,,,,,,,,,,bar,,,,,,,,,,,,,,,,,,,,,,,,,,,,,,,,,,,,,,,,,,,,,,,,,,,,,,,,,,,,,,,,,,,,,,,,,,,,,,,,,,,,,,,,,,,,,,,,,,,,,,,,,,,,,,,,,,,,,,,,,,Grow Bar,Grow Bar,,Grow Bar,,,,,,,,,,,,,,,,,,,,,,,,,,,,,,,,,,,,,,,,,,,,,,,,,,,,,,,,,,,,,,,,,,,,,,,,,,,,,,,,,,,,,,,,,,,,,,,,,,,,,,,,,,,,,,,,,,,,,,,,,,,,,,,,,,,,,,,,,,,,,,,,,,,,,,,,,,,,,
node/4679035601,node/4679035601,,,,,,,20,,,Na Rokytce,,,,,,bar,,,,,,,,,,,,,,,,,,,,,,,,,,,,,,,,,,,,,,,,,,,,,,,,,,,,,,,,,,,,,,,,,,,,,,,,,,,,,,,,,,,,,,,,,,,,,,,,,,,,,,,,,,,,,,,,,,,,,,,,,,Bistro u Rokytky,,,,,,,,,,,,,,,,,,,,,,Mo-Su 10:00-23:00,,,,,,,,,,,,,,,,,,,,,,,,,,,,,,,,,,,,,,,,,,,,,,,,,,,,,,,,,,,,,,,,,,,,,,,,,,,,,,,,,,,,,,,,,,,,,,,,,,,,,,,,,,,,,,,,,,,,,,,,,,,,,,,,,,,,,,,,,,
node/4705107890,node/4705107890,,,,,,,,,,,,,,,,bar,,,,,,,,,,,,,,,,,,,,,,,,,,,,,,,,,,,,,,,,,,,,,,,,,,,,,,,,,,,,,,,,,,,,,,,,,,,,,,,,,,,,,,,,,,,,wlan,,,,,,,,,,,,,,,,,,,,,,,,,,,,,,Barré,Barré,,Barré,,,,,,,,,,,,,,,,,,,Mo-Su 17:00-24:00,,,,,,,,,,,,,,,,,,,,,,,,,,,,,,,,,,,,,,,,,,,,,,,,,,,,,,,,,,,,,,,,,,,,,,,,,,,,,,,,,,,,,,,,,,,,,,,,,,,,,,,,,,,,,,,,,,,,,,,,,,,,,,,,,,,,,,,,,,
node/4705330070,node/4705330070,,Praha 2,,,,,10,,120 00,Koubkova,,,,,,bar,,,,,,,,,,,,,,,,,,,,,,,,,,2024-08-13,,,,,,,,,,,,,,,,,,,,,,,,,,,,,,,,,,,,,,,,,,,,,,,,,,alva.praha@gmail.com,,,,,,,,,,,,,,,,,,,,,,,,,,,,,,,,,,,,,,,,,,,,,,ALVA,,,,,,,,,,,,,,,,,,,,,,19:00 - 23:00,,,,,Ales Vanicky,,no,,,,,,,,,,,,,,,,,,,,,,,,,,,,,,,,,,,,,,,,,,,,,,,,,,,,,,,,,,,,,,,,,,,,,,,,,,,,,,,no,,,,,,,,,,,,,,,,,,,,,,,,,,,,,,,,,,,,,,,,,,,,,,,,,,,,
node/4706346002,node/4706346002,,Praha,1613,,,,1613/14,,18000,U Libeňského pivovaru,14,,,,,pub,,,,,,,,,,,,,,,,,,,,,,,,,,,,,,,,,,,,,,,,,,,,,,,,,,,,,,,,,,,,,,,,,,,,,,,,,,,,,,,,,,,,,,,,,,,,,,,,,,,,,,,,,,,,,,,,,,,,,,,,,,Dřevona,,,,,,,,,,,,,,,,,,,,,,"Mo,Tu 14:00-21:30",,,,,,,,,,,,,,,,,,,,,,no,,no,,,,,,,,,,,,,,,,,,,,,,,,,,,,,,,,,,,,,,,,,,,,,,,,,,,,,,,,,,,,,,,,,,,,,,,,,,,,,,,,,,,,,,,,,,,,,,,,,,,,,,,,,,,,,,,,,,
node/4729088989,node/4729088989,,,,,,,,,,,,,,,,bar,,,,,,,,,,,,,,,,,,,,,,,,,,,,,,,,,,,,,,,,,,,,,,,,,,,,,,,,,,,,,,,,,,,,,,,,,,,,,,,,,,,,,,,,,,,,,,,,,,,,,,,,,,,,,,,,,,,,,,,,,,Joker Bar,Joker Bar,,Joker Bar,,,,,,,,,,,,,,,,,,,,,,,,,,,,,,,,,,,,,,,,,,,,,,,,,,,,,,,,,,,,,,,,,,,,,,,,,,,,,,,,,,,,,,,,,,,,,,,,,,,,,,,,,,,,,,,,,,,,,,,,,,,,,,,,,,,,,,,,,,,,,,,,,,,,,,,,,,,,,
node/4741817990,node/4741817990,,Praha 3,,,,,11,,130 00,Lucemburská,,,,,,bar,,,,,,,,,,,,,,,,,,,,,,,,,,2025-11-12,,,2025-11-12,,,,,,,,,,,,,,,,,,,,,,,,,,,,,,,,,,,,,,,,,,,,,,,,,,,,,,,,,,,,,yes,,,,,,,,,,,,,,,,,,,,,,,,,,,,,,,,Fermé,,,,,,,,,,,,,,,,,,,,,,Mo-Su 17:00-02:00,,,,,,,no,,,,,,,,,,,,,,,,,,,,,,,,,,,,,,,,,,,,,,,,,+420 777 755 241,,,,,,,,,,,,,,,,,,,,,,,,,,,,,,,,,,,,,,,,,,,,,,,,,,,,,,,,,,,,,,,,,,,,,,,,,,,https://ferme.cz/praha,,,,,,,,,,,,,,,
node/4741976026,node/4741976026,,,,,,,,,,,,,,,,bar,,,,,,,,,,,,,,,,,,,,,,,,,,,,,,,,,,,,,,,,,,,,,,,,,,,,,,,,,,,,,,,,,,,,,,,,,,,,,,,,,,,,,,,,,,,,,,,,,,,,,,,,,,,,,,,,,,,,,,,,,,iSmoke Embassy,iSmoke Embassy,,,,,,,,,,,,,,,,,,,,,,,,,,,,,,,,,,,,,,,,,,,,,,,,,,,,,,,,,,,,,,,,,,,,,,,,,,,,,,,,,,,,,,,,,,,,,,,,,,,,,,,,,,,,,,,,,,,,,,,,,,,,,,,,,,,,,,,,,,,,,,,,,,,,,,,,,,,,,,,
node/4747835998,node/4747835998,,Praha,,,,,15,,14000,Sezimova,,,,,,bar,,,,,,,,,,,,,,,,,,,,,,,,,,,,,,,,,,,,,,,,,,,,,,,,,,,,,,,,,,,,,,,,,,,,,,,,,,,,,,,,,,,,,,,,,,,,,,,,,,,,,,,,,,,,,,,,,,,,,,,,,,Vinný šenk,,,,,,,,,,,,,,,,,,,,,,"Mo-Fr 12:00-22:00, Sa,Su 15:00-22:00",,,,,,,,,,,,,,,,,,,,,,,,,,,,,,,,,,,,,,,,,,,,,,,,,,,,,,,,,,,,,,,,,,,,,,,,,,,,,,,,,,,,,,,,,,,,,,,,,,,,,,,,,,,,,,,,,,,,,,,,,,,,,,,,no,,,,,,,,,,
node/4747854349,node/4747854349,,Praha,,,,,6,,14000,náměstí Generála Kutlvašra,,,,,,pub,,,,,,,,,,,,,,,,,,,,,,,,,,,,,,,,,,,,,,,,,,,,,,,,,,,,,,,,,,,,,,,,,,,,,,,,,,,,,,,,,,,,,,,,,,,,,,,,,,,,,,,,,,,,,,,,,,,,,,,,,,Sport Bar Gallo,,,,,,,,,,,,,,,,,,,,,,,,,,,,,,,,,,,,,,,,,,,,,,,,,,,,,,,,,,,,,,,,,,,,,,,,,,,,,,,,,,,,,,,,,,,,,,,,,,,,,,,,,,,,,,,,,,,,,,,,,,,,,,,,,,,,,,,,,,,,,,,,,,,,,,,,,,,,,,,,
node/4747882001,node/4747882001,,Praha,,,,,44,,14000,Táborská,,,,,,,,,,,,,,,,,,,,,,,,,,,,,,,,,,,,,,,,,,,,,,,,,,,,,,,,,,,,,,,,,,,,,,,,,,,,,,,,,,,,,,,,,,,,,,,,,,,,,,,,,,,,,,,,,,,,,,,,,,,,,,,,La Grapperia,,,,,,,,,,,,,,,,,,,,,,,,,,,,,,,,,,,,,,,,,,,,,,,,,,,,,,,,,,,,,,,,,,,,,,,,,,,,,,,,,,,,,,,,,,,,,,,,,,,,alcohol,,,,,,,,,,,,,,,,,,,,,,,,,,,,,,,,,,,,,,,,,,,,,,,,,,no,,,,,,,,,,
node/4747882012,node/4747882012,,,,,,,,,,,,,,,,bar,,,,,,,,,,,,,,,,,,,,,,,,,,,,,,,,,,,,,,,,,,,,,,,,,,,,,,,,,,,,,,,,,,,,,,,,,,,,,,,,,,,,,,,,,,,,,,,,,,,,,,,,,,,,,,,,,,,,,,,,,,Star Arena,,,,,,,,,,,,,,,,,,,,,,,,,,,,,,,,,,,,,,,,,,,,,,,,,,,,,,,,,,,,,,,,,,,,,,,,,,,,,,,,,,,,,,,,,,,,,,,,,,,,,,,,,,,,,,,,,,,,,,,,,,,,,,,,,,,,,,,,,,,,,,,,,,,,,,,,,,,,,,,,
node/4747882014,node/4747882014,,,,,,,,,,,,,,,,pub,,,,,,,,,,,,,,,,,,,,,,,,,,,,,,,,,,,,,,,,,,,,,,,,,,,,,,,,,,,,,,,,,,,,,,,,,,,,,,,,,,,,,,,,,,,,,,,,,,,,,,,,,,,,,,,,,,,,,,,,,,Pyrát,,,,,,,,,,,,,,,,,,,,,,,,,,,,,,,,,,,,,,,,,,,,,,,,,,,,,,,,,,,,,,,,,,,,,,,,,,,,,,,,,,,,,,,,,,,,,,,,,,,,,,,,,,,,,,,,,,,,,,,,,,,,,,,,,,,,,,,,,,,,,,,,,,,,,,,,,,,,,,,,
node/4753148623,node/4753148623,,,,,,,44,,12000,Bělehradská,,,,,,pub,,,,,,,,,,,,,,,,,,,,,,,,,,,,,,,,,,,,,,,,,,,,,,,local,,,,,,,,,,,,,,,,,,,,,,,,,,,,,,,,,,,,,,,,,,,,,,,,,,,,,,,,,,,,,,,,,,,,,,,,,,,Galerka,Galerka,,Gallery,,,,,,,,,,,,,,,,,,,Mo-Sa 17:00-23:00,,,,,,,yes,,,,,,,,,,,,,,,,,,,,,,,,,,,,,,,,,,,,,,,,,+420 602 662 600,,,,,,,,,,,,,,,,,,,,,,,,,,,,,,,,,,,,,,outside,,,,,,,,,,,,,,,,,,,,,,,,,,,,,,,,,,,,,http://valaskovi.cz/galerka/,,,,,,,,,,,,,,,
node/4759371145,node/4759371145,,,,,,,,,,,,,,,,bar,,,,,,,,,,,,,,,,,,,,,,,,,,,,,,,,,,,,,,,,,,,,,,,,,,,,,,,,,,,,,,,,,,,,,,,,,,,,,,,,,,,,,,,,,,,,,,,,,,,,,,,,,,,,,,,,,,,,,,,,,,Sklípek U Adama,,,,,,,,,,,,,,,,,,,,,,Tu-Sa 14:00-22:00; Su 16:00-22:00,,,,,,,,,,,,,,,,,,,,,,,,,,,,,,,,,,,,,,,,,,,,,,,,,,,,,,,,,,,,,,,,,,,,,,,,,,,,,,,,,,,,,,,,,,,,,,,,,,,,,,,,,,,,,,,,,,,,,,,,,,,,,,,,,,,,,,,,,,
node/4759399980,node/4759399980,,,,,,,,,,,,,,,,bar,,,,,,,,,,,,,,,,,,,,,,,,,,,,,,,,,,,,,,,,,,,,,,,,,,,,,,,,,,,,,,,,,,,,,,,,,,,,,,,,,,,,,,,,,,,,,,,,,,,,,,,,,,,,,,,,,,,,,,,,,,Shawarma Bar,,,,,,,,,,,,,,,,,,,,,,"Mo-We 11:00-24:00, Th-Su 11:00-02:00",,,,,,,,,,,,,,,,,,,,,,,,,,,,,,,,,,,,,,,,,,,,,,,,,,,,,,,,,,,,,,,,,,,,,,,,,,,,,,,,,,,,,,,,,,,,,,,,,,,,,,,,,,,,,,,,,,,,,,,,,,,,,,,,,,,,,,,,,,
node/4762030667,node/4762030667,,,,,,,,,,,,,,,,biergarten,,,,,,,,,,,,,,,,,,,,,,,,,,,,,2023-03-29,,,,,,,,,,,,,,,,,,,,,,,,,,,,,,,,,,,,,,,,,,,,,,,,,,,,,,,,,,,,,,,,,,,,,,,,,,,,,,-1,,,,,,,,,,,,,,,Lucaffé,,,,,,,,,,,,,,,,,,,,,,Mo-Fr 10:00-23:00; Sa-Su 10:00-22:00,,,,,,,yes,,,,,,,,,,,,,,,,,,,,,,,,,,,,,,,,,,,,,,,,,,,,,,,,,,,,,,,,,,,,,,,,,,,,,,,,,,,,,,,,,,,,,,,,,,,,,,,,,,,,,,,,,,,,,,,,,,,,,,,,,yes,,,,,,,,,,
node/4770165554,node/4770165554,,Praha,,CZ,,,509/12,,12000,Ječná,,,,,,bar,,,,,,,,,,,,,,,,,,,,,,,,,,,,,,,,,,,,,,https://www.instagram.com/leftfield_bar,,,,,,,,,,yes,,,,,,,,,,,,,,,,,,,,,,,,,,,,leftfield_bar@seznam.cz,,,,,,,,,,,,,,,,,,,,,,,,,,,,,,,,,,,,,,,,,,,,,,Left Field Bar,,,,,,,,,,,,,,,,,,,,,,"Mo-Th 18:00-03:00; Fr,Sa 18:00-04:00; Su 18:00-02:00",,,,,,,,,,,,,,,,,,,,,,,,,,,,,yes,,,,,,,,,,,,,,,,,,,+420 775 549 696,,,,,,,,,,,,,,,,,,,,,,,,,,,,,,,,,,,,,,,,,,,,,,,,,,,,,,,,,,,,,,,,,,,,,,,,,,,,,,,,,,,,,,,,,,
node/4770253651,node/4770253651,,Praha,,,,,19,,11000,Jindřišská,,,,,,bar,,,,,,,,,,,,,,,,,,,,,,,,,,,,,,,,,,,,,,,,,,,,,,,,,,,,,,,,,,,,,,,,,,,,,,,,,,,,,,,,,,,,,,,,,,,,,,,,,,,,,,,,,,,,,,,,,,,,,,,,,,Comebuy,,,,,,,,,,,,,,place sells fresh nonalcoholic drinks based on tea,,,,,,,,Mo-Su 11:00-20:00,,,,,,,,,,,,,,,,,,,,,,,,,,,,,,,,,,,,,,,,,,,,,,,,+420 777 880 890,,,,,,,,,,,,,,,,,,,,,,,,,,,,,,,,,,,,,,,,,,,,,,,,,,,,,,,,,,,,,,,,,,,,,,,,,,,,,,,,,,,,,,,,,,
node/4774552816,node/4774552816,,,,,,,,,,,,,,,,,,,,,,,,,,,,,,,,,,,,,,,,,,,,,,,,,,,,,,,,,,,,,,,,,,,,,,,,,,,,,,,,,,,,,,,yes,,,,,,,,,,,,,,,,,,,,,,,,,,,,,,,,,,,,,,,,,,,,,,,,,,,BiBoVíno,,,,,,,,,,,,,,,,,,,,,,,,,,,,,,,,,,,,,,,,,,,,,,,,,,,,,,,,,,,,,,,,,,,,,,,,,,,,,,,,,,,,,,,,,,,,,,,,,,,,alcohol,,,,,,,,,,,,,,,,,,,,,,,,,,,,,,,,,,,,,,,,,,,,,,,,,,limited,,,,,,,,,,
node/4781068524,node/4781068524,,Praha,87,CZ,,,87/31a,Žižkov,13000,Biskupcova,31a,Praha 3,,,,bar,,,,,,,,,,,,,,,,,,,,,,,,,,,,,,,,,,,,,,,,,,,,,,,,,,,,,,,,,,,,,,,,,,,,,,,,,,,,,,,,,,,,,,,,,,yes,,wlan,no,,,,,,,,,,,,,,,,,,,,,,,,,,,,,Kino Aero,,,,,,,,,,,,,,,,,,,,,,"Mo-Fr 10:00-24:00; Sa,Su 11:30-24:00",,,,,,,yes,,,,,,,,,,,,,,,yes,,yes,,,,,,,,,,,,,,,,,,,,,,,,,,,,,,,,,,,,,,,,,,,,,,,,,,,,,,,,,,,,,,,,,,cuzk:ruian,survey,,,,,,,,,,,,,,,,,,,,,,,,,,,,,,,,https://www.kinoaero.cz/,,,,,limited,,,,,,,,,,
node/4781897274,node/4781897274,,Praha,,,,,2,,11000,Průchodní,,,,,,bar,,,,,,,,,,,,,,,,,,,,,,,,,,,,,,,,,,,,,,,,,,,,,,,,,,,,,,,,,,,,,,,,,,,,,,,,,,,,,,,,,,,,,,,,,,,,,,,,,,,,,,,,,,,,,,,,,,,,,,,,,,Champagneria,,,,,,,,,,,,,,,,,,,,,,,,,,,,,,,,,,,,,,,,,,,,,,,,,,,,,,,,,,,,,,,,,,,,,,+420 735 025 482,,,,,,,,,,,,,,,,,,,,,,,,,,,,,,,,,,,,,,,,,,,,,,,,,,,,,,,,,,,,,,,,,,,,,,,,,,,https://www.champagneria.cz/,,,,,,,,,,,,,,,
node/4786842157,node/4786842157,,,,,,,,,,,,,,,,pub,,,,,,draught,,,,,,,,,,,,,,,,,,,,,,,,,,,,,,,,,,,,,,,,,,,,,,,,,,,,,,,,,,,,,,,,,,,,,,dlouha@foodstory.cz,,,,,,,,,,,,,,,,,,,,,,,,,,,,,,,,,,,,,,,,,,,,,,Pípa beer story,,,,,,,,,,,,,,,,,,,,,,Mo-Su 11:00-22:00,,,,,,,,,,,,,,,,,,,,,,,,,,,,,,,,,,,,,,,,,,,,,,,,+420 777445473,,,,,,,,,,,,,,,,,,,,,,,,,,,,,,,,,,,,,,,,,,,,,,,,,,,,,,,,,,,,,,,,,,,,,,,,,,,https://foodstory.cz,,,,,,,,,,,,,,,
node/4793862697,node/4793862697,,,,,,,,,,,,,,,,biergarten,,,,,,,,,,,,,,,,,,,,,,,,,,,,,,,,,,,,,,,,,,,,,,,,,,,,,,,,,,,,,,,,,,,,,,,,,,,,,,,,,,,,,,,,,,,,,,,,,,,,,,,,,,,,,,,,,,,,,,,,,,Citadela,,,,,,,,,,,,,,,,,,,,,,,,,,,,,,,,,,,,,,,,,,,,,,,,,,,,,,,,,,,,,,,,,,,,,,,,,,,,,,,,,,,,,,,,,,,,,,,,,,,,,,,,,,,,,,,,,,,,,,,,,,,,,,,,,,,,,,,,,,,,,,,,,,,,,,,,,,,,,,,,
node/4796281479,node/4796281479,,,,,,,,,,,,,,,,bar,,,,,,,,,,,,,,,,,,,,,,,,,,,,,,,,,,,,,,,,,,,,,,,,,,,,,,,,,,,,,,,,,,,,,,,,,,,,,,,,,,,,,,,,,,,,,,,,,,,,,,,,,,,,,,,,,,,,,,,,,,Ciao Bella,,,,,,,,,,,,,,,,,,,,,,"We,Th,Su 21:00-04:00, Fr,Sa 21:00-05:00",,,,,,,,,,,,,,,,,,,,,,,,,,,,,,,,,,,,,,,,,,,,,,,,+420 777755035,,,,,,,,,,,,,,,,,,,,,,,,,,,,,,,,,,,,,,,,,,,,,,,,,,,,,,,,,,,,,,,,,,,,,,,,,,,,,,,,,,,,,,,,,,
node/4799923430,node/4799923430,,,,,,,,,,,,,,,,restaurant,,,,,,,,,,,,,,,,,,,,,,,,,,,,,,,,,,,,,,,,,,,,,,,,,,,,,,,,,,,,,,,,,,,,,,,,,,,,,,,,,,,,,,,,,,,,,,,,,,,,,,,,,,,,,,,,,,,,,,,,,,Waldštejnská hospoda,,,,,,,,,,,,,,,,,,,,,,Mo-Su 11:00-22:00,,,,,,,,,,,,,,,,,,,,,,,,,,,,,,,,,,,,,,,,,,,,,,,,,,,,,,,,,,,,,,,,,,,,,,,,,,,,,,,,,,,,,,,,,,,,,,,,,,,,,,,,,,,,,,,,,,,,,,,,,,,,,,,,,,,,,,,,,,
node/4801786246,node/4801786246,,Praha 7,,,,,21,,17000,Korunovační,,,,,,,,,,,,,,,,,,,,,,,,,,,,,,,,,,,,,,,,,,,,,,,,,,,,,,,,,,,,,,,,,,,,,,,,,,,,,yes,,,,,,,,,,,,,,,,,,,,,,,,,,,,,,,,,,,,,,,,,,,,,,,,,,,La Vineria,,,,,,,,,,,,,,,,,,,,,,Mo-Su 11:00-21:00,,,,,,,,,,,,,,,,,,,,,,,,,,,,,,,,,,,,,,,,,,,,,,,,,,,,,,,,,,,,,,,,,,,,,,,,,,,,,,alcohol,,,,,,,,,,,,,,,,,,,,,,,,,,,,,,,,,,,,,,,,,,,,,"http://www.valledongiulio.cz/shop.php?la-vineria,28",,,,,,,,,,,,,,,
node/4805855105,node/4805855105,,Praha 5,,,,,9,,15500,Starokošířská,,,,,,bar,,,,,,,,,,,,,,,,,,,,,,,,,,2025-06-05,,,,,,,,,info.geekarna@gmail.com,,,,,+420723621902,,http://www.geekarna.cz/,,,,,,yes,,,,,,,,,,,,,,,,,,,,,,,,,,,,,,,,,,,,,,,,,,yes,,wlan,no,,,,,,,,,,,,,,,,,,,,,,,,,,,,,Geekárna,,,,,,,,,,,,,,,,,,,,,,Mo-Fr 14:00-24:00; Sa-Su 16:00-24:00,,,,,,,no,,,,,,,,,,,,,,,,,,,,,,yes,,,no,,,,,,,,no,,,,,,,,+420 728 017 020,,,,,,,,,,,,,,,,,,,,,,,,,,,,,,,,,,,,,,no,,,,,,,,,,,,,,,,,,,,,,,,,,,,,,,,,,,,,,,,,,no,,,,,,,,,,
node/4808061424,node/4808061424,,,,,,,,,,,,,,,,bar,,,,,,,,,,,,,,,,,,,,,,,,,,,,,,,,,,,,,,,,,,,,,,,,,,,,,,,,,,,,,,,,,,,,,,,,,,,,,,,,,,,,,,,,,,,,,,,,,,,,,,,,,,,,,,,,,,,,,,,,,,Café bar Lampičky,Café bar Lampičky,,,,,,,,,,,,,,,,,,,,,Mo-Su 11:00-23:00,,,,,,,,,,,,,,,,,,,,,,,,,,,,,,,,,,,,,,,,,,,,,,,,,,,,,,,,,,,,,,,,,,,,,,,,,,,,,,,,,,,,,,,,,,,,,,,,,,,,,,,,,,,,,,,,,,,,,,,,,,,,,,,,,,,,,,,,,,
node/4818773147,node/4818773147,,,,,,,,,,,,,,,,pub,,,,,,,,,,,,,,,,,,,,,,,,,,,,,,,,,,,,,,,,,,,,,,,,,,,,,,,,,,,,,,,,,,,,,,,,,,,,,,,,,,,,,,,,,,,,,,,,,,,,,,,,,,,,,,,,,,,,,,,,,,Hospoda Na Pahorku,,,,,,,,,,,,,,,,,,,,,,Sa-Su 15:00-22:00,,,,,,,,,,,,,,,,,,,,,,,,,,,,,,,,,,,,,,,,,,,,,,,,,,,,,,,,,,,,,,,,,,,,,,,,,,,,,,,,,,,,,,,,,,,,,,,,,,,,,,,,,,,,,,,,,,,,,,,,,,,,,,,,,,,,,,,,,,
node/4820910064,node/4820910064,,,,,,,,,,,,,,,,bar,,,,,,,,,,,,,,,,,,,,,,,,,,,,,,,,,,,,,,,,,,,,,,,,,,,,,,,,,,,,,,,,,,,,,,,,,,,,,,,,,,,,,,,,,,,,,,,,,,,,,,,,,,,,,,,,,,,,,,,,,,Čekárna,,,,,,,,,,,,,,,,,,,,,,"Mo-Fr 09:00-02:00, 09:00-18:00; Sa, Su 15:00-02:00",,,,,,,,,,,,,,,,,,,,,,,,,,,,,,,,,,,,,,,,,,,,,,,,+420 733197173,,,,,,,,,,,67270484,,,,,,,,,,,,,,,,,,,,,,,,,,,,,,,,,,,,,,,,,,,,,,,,,,,,,,,,,,,,,,,,,,,,,,,,,,,,,,,
node/4822265051,node/4822265051,,,,,,,,,,,,,,,,bar,,,,,,,,,,,,,,,,,,,,,,,,,,,,,,,,,,,,,,,,,,,,,,,,,,,,,,,,,,,,,,,,,,,,,,,,,,,,,,,,,,,,,,,,,,,,,,,,,,,,,,,,,,,,,,,,,,,,,,,,,,OneTwo Bar,,,,,,,,,,,,,,,,,,,,,,,,,,,,,,,,,,,,,,,,,,,,,,,,,,,,,,,,,,,,,,,,,,,,,,,,,,,,,,,,,,,,,,,,,,,,,,,,,,,,,,,,,,,,,,,,,,,,,,,,,,,,,,,,,,,,,,,,,,,,,,,,,,,,,,,,,,,,,,,,
node/4822399980,node/4822399980,,,,,,,,,,,,,,,,,,,,,,,,,,,,,,,,,,,,,,,,,,,,,,,,,,,,,,,,,,,,,,,,,,,,,,,,,,,,,,,,,,,,,,,,,,,,,,,,,,,,,,,,,,,,,,,,,,,,,,,,,,,,,,,,,,,,,,,,,,Vinotéka U Eduarda,,,,,,,,,,,,,,,,,,,,,,,,,,,,,,,,,,,,,,,,,,,,,,,,,,,,,,,,,,,,,,,,,,,,,,,,,,,,,,,,,,,,,,,,,,,,,,,,,,,,alcohol,,,,,,,,,,,,,,,,,,,,,,,,,,,,,,,,,,,,,,,,,,,,,,,,,,,,,,,,,,,,
node/4829452782,node/4829452782,,,,,,,,,,,,,,,,pub,,,,,,,,,,,,,,,,kozel,,,,,,,,,,,,,,,,,,,,,,,,,,,,,,,,,,,,,,,,,,,,,,,,,,,,,,,,,,,,,,,,,,,,,,,,,,,,,,,,,,,,,,,,,,,,,,,,,,,,,,,,,,Hospůdka Na Růžku,,,,,,,,,,,,,,,,,,,,,,Mo-Su 12:00-21:30,,,,,,,yes,,,,,,,,,,,,,,,,,,,,,,,,,,,,,,,,,,,,,,,,,,,,,,,,,,,,,,,,,,,,,,,,,,,,,,,,,,,,,,,,,,,,,,,,,,,,,,,,,,,,,,,,,,,,,,,,,,,,,,,,,,,,,,,,,,,
node/4834139404,node/4834139404,,Praha,163,CZ,,,163/33,Karlín,18600,Křižíkova,33,Praha 8,,,,pub,,,,,,,,,,,,,,,,,,,,,,,,,,,,,,,,,,,,,,,,,,,,,,,,,,,,,,,,,,,,,,,,,,,,,,,,,,,,,,,,,,,,,,,,,,,,wlan,no,,,,,,,,,,,,,,,,,,,,,,,,,,,,,Rapid bar 65,,,,,,,,,,,,,,,,,,,,,,"Mo-Su 00:00-02:00,14:00-24:00",,,,,,,,,,,,,,,,,,yes,,,,no,no,no,,no,,,,,,,,,,,,,,,,,,,,,,+420 722 702 820,,,,,,,,,,,,,,,,,,,,,,,,,,,,,,,,,,,,,,outside,,,,cuzk:ruian,survey,,,,,,,,,,,,,,,,,,,,,,,,,,,,,,,,http://www.rapidbar65.firemni-web.cz/,,,,,,,,,,,,,,,
node/4843874357,node/4843874357,,,,,,,,,,,,,,,,,,,,,,,,,,,,,,,,,,,,,,,,,,,,,,,,,,,,,,,,,,,,,,,,,,,,,,,,,,,,,,,,,,,,,,,,,,,,,,,,,,,,,,,,,,,,,,,,,,,,,,,,,,,,,,,,,,,,,,,,,,Máme žízeň.cz,,,,,,,,,,,,,,,,,,,,,,Mo-Su 16:00-04:00,,,,,,,,,,,,,,,,,,,,,,,,,,,,,,,,,,,,,,,,,,,,,,,,,,,,,,,,,,,,,,,,,,,,,,,,,,,,,,alcohol,,,,,,,,,,,,,,,,,,,,,,,,,,,,,,,,,,,,,,,,,,,,,www.mamezizen.cz,,,,,,,,,,,,,,,
node/4844267821,node/4844267821,,,,,,,,,,,,,,,,bar,,,,,,,,,,,,,,,,,,,,,,,,,,,,,,,,,,,,,,,,,,,,,,,,,,,,,,,,,,,,,,,,,,,,,,,,,,,,,,,,,,,,,,,,,,,,wlan,,,,,,,,,,,,,,,,,,,,,,,,,,,,,,Bar na větvi,Bar na větvi,,,,,,,,,,,,,,,,,,,,,Mo-Sa 19:00-04:00,,,,,,,,,,,,,,,,,,,,,,,,,,,,,,,,,,,,,,,,,,,,,,,,,,,,,,,,,,,,,,,,,,,,,,,,,,,,,,,,,,,,,,,,,,,,,,,,,,,,,,,,,,,,,,,,,,,,,,,,,,,https://bar-na-vetvi3.webnode.cz/,,,,,yes,,,,,,,,,,
node/4897194935,node/4897194935,,,,,,,,,,,,,,,,bar,,,,,,,,,,,,,,,,,,,,,,,,,,,,,,,,,,,,,,,,,,,,,,,,,,,,,,,,,,,,,,,,,,,,,,,,,,,,,,,,,,,,,,,,,,,,,,,,,,,,,,,,,,,,,,,,,,,,,,,,,,Vinárna Na Statku,,,,,,,,,,,,,,,,,,,,,,,,,,,,,,,,,,,,,,,,,,,,,,,,,,,,,,,,,,,,,,,,,,,,,,,,,,,,,,,,,,,,,,,,,,,,,,,,,,,,,,,,,,,,,,,,,,,,,,,,,,,,,,,,,,,,,,,,,,,,,,,,,,,,,,,,,,,,,,,,
node/4912117513,node/4912117513,,Praha,552,CZ,,,552/4,Vinohrady,12000,Slezská,4,Praha 2,,,,pub,,,,,,,,,,,,,,,,,,,,,,,,,,2024-03-26,,,,,,,,,,,,,,,,,,,,,,,,,,,,,,,,,,,,,,,,,,,,,,,,,,,,,,,,,,,,,,,,,,,,,,,,,,,,,,,,,,,,,,,,,,,,,,,,Snack bar U Dandů,,,,,,,,,,,,,,,,,,,,,,Mo-Fr 11:00-23:00,,,,,,,yes,,,,,,,,,,,,,,,,,,,,,,,,,,,,,,,,,,,,,,,,,,,,,,,,,,,,,,,,,,,,,,,,,,,,,,,,,,,,,,,outside,,,,cuzk:ruian,survey,,,,,,,,,,,,,,,,,,,,,,,,,,,,,,,,,,,,,,,,,,,,,,,
node/4923909755,node/4923909755,,,,,,,,,,,,,,,,bar,,,,,,,,,,,,,,,,,,,,,,,,,,2024-09-07,,,,,,,,,contact@sadmanstongue.com,https://www.facebook.com/SadMansTongue/,,,,,,http://www.sadmanstongue.net/,,,,,burger,,,,,,,,,,,,,,,,,,,,,,,,,,,,,,,,,,,,,,,,,,,,,,,,,,,,,,,,,,,,,,,,,,,,,,,,,,,Sad man's Tongue Bar and Bistro,,,,,,,,,,,,,,,,,,,,,,We-Su 11:00-05:00,,,,,,,,,,,,,,,,,,,,yes,,no,no,no,,no,,,,,,,,,,,,,yes,,,,,,,,,,,,,,,,,,,,,,,,,,,,,,,,,,,,,,,,,,,,,,,,,,,,,,,,,,,,,,,,,,,,,,,,,,,,,,,,,,,,,,,,,no,,,,,,,,,,
node/4925625822,node/4925625822,,,,,,,,,,,,,,,,bar,,,,,,,,,,,,,,,,,,,,,,,,,,2024-12-31,,,2024-12-31,,,,,,,,,,,,,,,,,,,,,,,,,,,,,,,,,,,,,,,,,,,,,,,,,,,,,,,,,,,,,,,,,,,,,,,,,,,,,,,,,,,,,,,,,,,,,the bankers bar,the bankers bar,,,,,,,,,,,,,,,,,,,,,"Tu-Sa 17:00-01:00, Su,Mo 17:00-24:00",,,,,,,,,,,,,,,,,,,,,,,,,,,,,,,,,,,,,,,,,,,,,,,,,,,,,,,,,,,,,,,,,,,,,,,,,,,,,,,,,,,,,,,,,,,,,,,,,,,,,,,,,,,,,,,,,,,,,,,,,,,,,,,,,,,,,,,,,,
node/4934951943,node/4934951943,,,,,,,,,,,,,,,,pub,,,,,,,,,,,,,,,,,,,,,,,,,,,,,,,,,,,,,,,,,,https://www.pddp.cz/pocernicky-pivovar/,,,,,,,,,,,,,,,,,,,,,,,,,,,,,,,,,,,,,,,,,,,,,,,,,,,,,,,,,,,,,,,,,,,,,,,,,,,yes,,,,,Počernický pivovar,,,,,,,,,,,,,,,,,,,,,,"Mo-Th 11:00-24:00, Fr,Sa 11:00-01:00, Su 11:00-22:00",,,,,,,yes,,,,,,,,,,,,,,,,,,,,,,,,,,,,,,,,,,,,,,,,,,,,,,,,,,,,,,,,,,,,,,,,,,,,,,,,,,,,,,,,,,,,,,,,,,,,,,,,,,,,yes,customers,,,,,,,,,,,,,,,,,,,,,,,,,,,,,,
node/4945956128,node/4945956128,,,274,,,,274/46,Krč,14000,Točitá,46,,,,,pub,,,,,,,,,,,,,,,,,,,,,,,,,,,2025-05-04,,,,,,,,,,,,,,,,,,,,,,,,,,,,,,,,,,,,,,,,,,,,,,,,,,,,,,,,,,,,,,,,,,,,,,,,,,,,,,,,,,,,,,,,,,,,,,,Šenkýrna Na Ledárnách,,,,,,,,,,,,,,,,,,,,,,,,,,,,,,,,,,,,,,,,,,,,,,,,,,,,,,,,,,,,,,,,yes,,,,,,,,,,,,,,,,,,21860459,,,,,,,,,,,,,,,,,,,,,,,,,,,,,,cuzk:ruian,,,,,,,,,,,,,,,,,,,,,,,,,,,,,,,,,https://www.senkyrna.cz/senkyrna-na-ledarnach,,,,,,,,,,,,,,,
node/4950769404,node/4950769404,,Praha 3,,,,,25,,13000,Soběslavská,,,,,,pub,,,,,,,,,,,,,,,,,,,,,,,,,,,,,,,,,,,,,,,,,,,,,,,,,,,,,,,,,,,,,,,,,,,,,,,,,,,,,,,,,,,,,,,,,,,,,,,,,,,,,,,,,,,,,,,,,,,,,,,,,,Pivnice u Hollara,,,,,,,,,,,,,,,,,,,,,,"Mo-Fr 14:00-22:00; Sa,Su 16:00-22:00",,,,,,,,,,,,,,,,,,,,,,yes,,yes,,,,,,,,,,,,,,,,,,,,,,,,,,,,,,,,,,,,,,,,,,,,,,,,,,,,,,,,,,,,,,,,,survey,,,,,,,,,,,,,,,,,,,,,,,,,,,,,,,,,,,,,,,,,,,,,,,,,
node/4958181423,node/4958181423,,Praha,,,,,4,,110 00,Václavské náměstí,,,,,Crazy Daisy Bar,bar,,,,,,,,,,,,,,,,,,,,,,,,,,,,,,,,,,,,,,,,,,,,,,,,,,,,,,,,,,,,,,,,,,,,,,,,,,,,,,,,,,,,,,,,,,,,,,,,,,,,,,,,,,,,,,,,,,,,,,,,,,Crazy Daisy,,,,,,,,,,,,,,,,,,,,,,,,,,,,,,,,,,,,,,,,,,,,,,,,,,,,,,,,,,,,,,,,,,,,,,,,,,,,,,,,,,,,,,,,,,,,,,,,,,,,,,,,,,,,,,,,,,,,,,,,,,,,,,,,,,,,,,,,,,,,,,,,,https://crazydaisy.cz/,,,,,,,,,,,,,,,
node/4966193826,node/4966193826,,,,,,,,,,,,,no,,,bar,,,,,vine,,,,,,,,,,,,,,,,,,,,,,,,,,,,,,,,,,,,,,,,,,,,,,,,,,,,,,,,,,,,,,,,,,,,,,,,,,,,,,,,,,,,,yes,,,,,,,,,,,,,,,,,,,,,,,,,,,,,,,,Na skleničku,,,,,,,,,,,,,,,,,,,,,,"Mo-Fr 13:00-23:00; Sa, Su 15:00-23:00",,,,,,,yes,,,,,,,,,,,,,,,,,,,,,,,,,,,,,,,,,,,,,,,,,,,,,,,,,,,,,,,,,,,,,,,,,,,,,,,,,,,,,,,outside,,,,,,,,,,,,,,,,,,,,,,,,,,,,,,,,,,,,,https://www.nasklenicku.com/,,,,,yes,,,,,,,,,,
node/4977737927,node/4977737927,,,,,,,56,,,Plzeňská,,,,,,bar,,,,,,,,,,,,,,,,,,,,,,,,,,,,,,,,,,,,,,,,,,,,,,,,,,,,,,,,,,,,,,,,,,,,,,,,,,,,,,,,,,,,,,,,,,,,,,,,,,,,,,,,,,,,,,,,,,,,,,,,,,Max Laser Game and Bar,,,,,,,,,,,,,,,,,,,,,,,,,,,,,,,,,,,,,,,,,,,,,,,,,,,,,,,,,,,,,,,,,,,,,,+420 774454656,,,,,,,,,,,,,,,,,,,,,,,,,,,,,,,,,,,,,,,,,,,,,,,,,,,,,,,,,,,,,,,,,,,,,,,,,,,https://www.maxlasergame.cz/,,,,,,,,,,,,,,,
node/4980427220,node/4980427220,,,,,,,,,,,,,,,,bar,,,,,,,,,,,,,,,,,,,,,,,,,,,,,,,,,,,,,,,,,,,,,,,,,,,,,,,,,,,,,,,,,,,,,,,,,,,,,,,,,,,,,,,,,,,,,,,,,,,,,,,,,,,,,,,,,,,,,,,,,,V Pasti,,,,,,,,,,,,,,,,,,,,,,,,,,,,,,,,,,,,,,,,,,,,,,,,,,,,,,,,,,,,,,,,,,,,,,,,,,,,,,,,,,,,,,,,,,,,,,,,,,,,,,,,,,,,,,,,,,,,,,,,,,,,,,,,,,,,,,,,,,,,,,,,,,,,,,,,,,,,,,,,
node/4997619927,node/4997619927,,,,,,,,,,,,,,,,bar,,,,,,,,,,,,,,,,,,,,,,,,,,,,,,,,,,,,,,,,,,,,,,,,,,,,,,,,,,,,,,,,,,,,,,,,,,,,,,,,,,,,,,,,,,,,,,,,,,,,,,,,,,,,,,,,,,,,,,,,,,Vinárna Čertovka,,,,,,,,,,,,,,,,,,,,,,,,,,,,,yes,,,,,,,,,,,,,,,,,,,,,,,,,,,,,,,,,,,,,,,,,,,,,,,,,,,,,,,,,,,,,,,,,,,,,,,,,,,,,,,,,,,,,,,,,,,,,,,,,,,,,,,,,,,,,,,,,,,,,,,,,no,,,,,,,,,,
node/4997770201,node/4997770201,,Praha,,,,,13,,11000,Bartolomějská,,Praha 1,,,,bar,,,,,,,,,,,,,,,,,,,,,,,,,,,,,,,,,,,,,,,,,,,,,,,,,,,,,,,,,,,,,,,,,,,,,,,,,,,,klubovna.zazemi@gmail.com,,,,,,,,,,,,,,,,,,,,,,,,,,,,,,,,,,,,,,,,,,,,,,Zázemí,,,,,,,,,,,,,,,,,,,,,,"Mo-Sa 15:00-02:00, Su 15:00-23:00",,,,,,,,,,,,,,,,,,,,,,,,,,,,,,,,,,,,,,,,,,,,,,,,+420 776 693 326,,,,,,,,,,,,,,,,,,,,,,,,,,,,,,,,,,,,,,,,,,,,,,,,,,,,,,,,,,,,,,,,,,,,,,,,,,,https://www.facebook.com/klubovnaZAZEMI,,,,,no,,,,,,,,,,
node/4999195055,node/4999195055,,,,,,,,,,,,,,,,pub,,,,,,,,,,,,,,,,,,,,,,,,,,,,,,,,,,,,,,,,,,,,,,,,,,,,,,,,,,,,,,,,,,,,,,,,,,,,,,,,,,,,,,,,,,,,,,,,,,,,,,,,,,,,,,,,,,,,,,,,,,Vohrada Pub,,,,,,,,,,,,,,,,,,,,,,"Mo-Su,PH 13:30-23:00",,,,,,,,,,,,,,,,,,,,,,,,,,,,,,,,,,,,,,,,,,,,,,,,,,,,,,,,,,,,,,,,,,,,,,,,,,,,,,,,,,,,,,,,,,,,,,,,,,,,,,,,,,,,,,,,,,,,,,,,,,,,,,,,limited,,,,,,,,,,
node/4999295850,node/4999295850,,,,,,,,,,,,,,,,,,,,,,,,,,,,,,,,,,,,,,,,,,2026-07-08,,,2026-07-08,,,,,,,,,,,,,,,,,,,,,,,,,,,,,,,,,,,,,,,,,,,,,,,,,,,,,,,,,,,,,,,,,,,,,,,,,,,,,,,,,,WareHouse,,,,,,,,,,,Warehouse#1,,,,,,,,,,,,,,,,,,,,,,Mo-Fr 10:00-19:00,,,,,,,,,,,,,,,,,,,,,,,,,,,,,,,,,,,,,,,,,,,,,,,,,,,,,,,,,,,,,,,,,,,,,,,,,,,,,,alcohol,,,,,,,,,,,,,,,,,,,,,,,,,,,,,,,,,,,,,,,,,,,,,,,,,,,,,,,,,,,,
node/4999295858,node/4999295858,,,,,,,,,,,,,,,,pub,,,,,,,,,,,,,,,,,,,,,,,,,,2025-08-13,,,,,,,,,,,,,,,,,,,,,,,,,,,,,,,,,,,,,,,,,,,,,,,,,,,,,,,,,,,,,,,,,,,,,,,,,,,,,,,,,,,,,,,,,,,,,,,,U Bartoše,,,,,,,,,,,,,,,,,,,,,,,,,,,,,,,,,,,,,,,,,,,,,,,,,,,,,,,,,,,,,,,,,,,,,,,,,,,,,,,,,,,,,,,,,,,,,,,,,,,,,,,,,,,,,,,,,,,,,,,,,,,,,,,,,,,,,,,,,,,,,,,,,,,,,,,,,,,,,,,,
node/5007341207,node/5007341207,,Praha,1209,CZ,,,1209/76,Vinohrady,101 00,Korunní,76,,,,,bar,,,,,,,,,,,,,,,,,,,,,,,,,,,,,,,,,,,,,,,,,,,,,,,,,,,,,,,,,,,,,,,,,,,,,,,,,,,,,,,,,,,,,,,,,,,,,,,,,,,,,,,,,,,,,,,,,,,,,,,,,,Pivní Mozaika,,,,,,,,,,,,,,,,,,,,,,"PH,Mo-Su 11:30-19:30",,,,,,,,,,,,,,,,,,,,,,,,,,,,,,,,,,,,,,,,,,,,,,,,+420 284 680 661,,,,,,,,,,,,,,,,,,,,,,,,,,,,,,,,,,,,,,,,,,,,,,,,,,,,,,,,,,,,,,,,,,,,,,,,,,,http://www.pivnimozaika.cz,,,,,,,,,,,,,,,
node/5010970674,node/5010970674,,Praha,,,,,20/2,,186 00,Prvního pluku,,,,,,bar,,,,,,,,,,,,,,,,,,,,,,,,,,2025-09-16,2025-09-16,,,,,,,,,kasarnakarlin,,,,,,,,,,,,yes,,,,,,,,,,,,,,,,,,,,,,,,,,,,info@kasarnakarlin.cz,,,,,,,,,,,,,,,,,,,,,,,,,,,,,,,,,,,,,,,,,,,,,,Kasárna Karlín,,,,,,,,,,,,,,,,,,,,,,Mo-Fr 13:00-23:30; Sa-Su 10:00-23:30,,,,,,,yes,,,,,,,,,,,,,,,,,,,,,,yes,,,no,,,,,,,,no,,,,,,,,,,,,,,,,,,,,,,,,,,,,,,,,,,,,,,,,,,,,,,,,,,,,,,,,,,,,,2023-06-04,,,,,,,,,,,,,,,,,,,,,,https://kasarnakarlin.cz/,,,,,yes,,,,,,,,,,
node/5053279894,node/5053279894,,,,,,,,,,,,,,,,,,,,,,,,,,,,,,,,,,,,,,,,,,,,,2023-10-11,,,,,,,,,,,,,,,,,,,,,,,,,,,,,,,,,,,,,,,,,,retail,,,,,,,,,,,,,,,,,,,,,,,,,,,,,,,,,,,,,,,,,,,,,,,,,,,Vino Markuzzi,,,,,,,,,,,,,,,,,,,,,,Mo-Fr 09:00-19:00,,,,,,,,,,,,,,,,,,,,,,,,,,,,,,,,,,,,,,,,,,,,,,,,,,,,,,,,,,,,,,,,,,,,,,,,,,,,,,alcohol,,,,,,,,,,,,,,,,,,,,,,,,,,,,,,,,,,,,,,,,,,,,,https://markuzzi.cz/,,,,,limited,,,,,,,,,,
node/5064979619,node/5064979619,,,,,,,573/38,,,Žitná,,,,,,pub,,,,,,,,,,,,,,,,,,,,,,,,,,,,,,,,,,,,,,,,,,,,,,,,,,,,,,,,,,,,,,,,,,,,,,,,,,,,,,,,,,,,,,,,,,,,,,,,,,,,,,,,,,,,,,,,,,,,,,,,,,Dungie's,,,,,,,,,,,,,,,,,,,,,,,,,,,,,,,,,,,,,,,,,,,,,,,,,,,,,,,,,,,,,,,,,,,,,,,,,,,,,,,,,,,,,,,,,,,,,,,,,,,,,,,,,,,,,,,,,,,,,,,,,,,,,,,,,,,,,,,,,,,,,,,,,http://dungies.cz,,,,,,,,,,,,,,,
node/5116818696,node/5116818696,,,,,,,,,,,,,,,,restaurant,,,,,,,,,,,,,,,,,,,,,,,,,,,2025-04-25,,2021-09-20,,,,,,,,,,,,,,,,,,,,,,,,,,,,,,,,,,,,,,,,,,,,,,,,,,,,,,,,,,,,,,,,,,,,,,,,,,,,,,,,,,,,,,,,,,,,,Turnovská pivnice,,,,,,,,,,,,,,,,,,,,,,Mo-Sa 11:00-23:00; Su 11:00-22:00,,,,,,,yes,,,,,,,,,,,,,,,,,,,,,,,,,,,,,,,,,,,yes,,,,,,+420 273 130 776,,,,,,,,,,,,,,,,,,,,,,,,,,,,,,,,,,,,,,,,,,,,,,,,,,,,,,,,,,,,,,,,,,,,,,,,,,,https://turnovskapivnice.cz/nase-podniky/brumlovka,,,,,yes,,,,,,,,,,
node/5119305596,node/5119305596,,,,,,,,,,,,,,,,,,,,,,,,,,,,,,,,,,,,,,,,,,,,,,,,,,,,,,,,,,,,,,,,,,,,,,,,,,,,,,,,,,,,,,,,,,,,,,,,,,,,,,,,,,,,,,,,,,,,,,,,,,,,,,,,,,,,,,,,,,Obchod s vínem,,,,,,,,,,,,,,,,,,,,,,,,,,,,,,,,,,,,,,,,,,,,,,,,,,,,,,,,,,,,,,,,,,,,,,,,,,,,,,,,,,,,,,,,,,,,,,,,,,,,alcohol,,,,,,,,,,,,,,,,,,,,,,,,,,,,,,,,,,,,,,,,,,,,,,,,,,,,,,,,,,,,
node/5126546041,node/5126546041,,,,,,,1123/17,,120 00,Chodská,,,,,,bar,,,,,,,,,,,,,,,,,,,,,,,,,,,,,,,,,,,,,,,,,,,,,,,,,,,,,,,,,,,,,,,,,,,,,,,,,,,,,,,,,,,,,,,,,,yes,,wlan,,,,,,,,,,,,,,,,,,,,,,,,,,,,,,Bullerbyn,,,Bullerbyn,,,,,,,,,,,,,,,,,,,Mo-Su 11:00-01:00,,,,,,,yes,,,,,,,,,,,,,,,,,,,,,,,,,,,,,,,,,,,,,,,,,+420 702 093 992,,,,,,,,,,,,,,,,,,,,,,,,,,,,,,,,,,,,,,,,,,,,,,,,,,,,,,,,,,,,,,,,,,,,,,,,,,,https://www.bullerbyn.cz/,,,,,,,,,,,,,,,
node/5133565375,node/5133565375,,,,,,,,,,,,,,,,pub,,,,,,,,,,,,,,,,,,,,,,,,,,,,,,,,,,,,,,,,,,,,,,,,,,,,,,,,,,,,,,,,,,,,,,,,,,,,,,,,,,,,,,,,,,,,,,,,,,,,,,,,,,,,,,,,,,,,,,,,,,Nejmenší vinárnička u středně velké vrtule,,,,,,,,,,,,,,,,,,,,,,Tu-Sa 18:00-22:00,,,,,,,,,,,,,,,,,,,,,,,,,,,,,,,,,,,,,,,,,,,,,,,,,,,,,,,,,,,,,,,,,,,,,,,,,,,,,,wine,,,,,,,,,,,,,,,,,,,,,,,,,,,,,,,,,,,,,,,,,,,,,https://vrtule.majestat.cz/,,,,,,,,,,,,,,,
node/5142511625,node/5142511625,,,,,,,22,,13000,Cimburkova,,,,,,bar,,,,,,,,,,,,,,,,,,,,,,,,,,,,,2025-03-19,,,,,,,,,,,,,,,,,,,,,,,,,,,,,,,,,,,,,,,,,,,,,,,,,,,,,,,,,,,,,,,,,,,,,,,,,,,,,,,,,,,,,,,,,,,,,Tiky taky,,,,,,,,,,,,,,,,,,,,,,Su-Th 19:00-03:00; Fr-Sa 19:00-05:00,,,,no,,,,,,,,,,,,,,,,,,,,,,,,,,,,,,,,,,,,,,,,,,,,,,,,,,,,,,,,,,,,,,,,,,,,,,,,,,,,,,,,,,,,,,,,,,,,,,,,,,,,,,,,,,,,,,,,,,,,,,,https://praguetikibar.com/,,,,,no,,,,,,,,,,
node/5145005021,node/5145005021,,,,,,,,,,,,,,,,bar,,,,,,,,,,,,,,,,,,,,,,,,,,2023-11-14,,,,,,,,,,,,,,,,,,,,,,,,,,,,,,,,,,,,,,,,,,,,,,,,,,,,,,,,,,,,,,,,,,,,,,,,,,,,,,,,,,,,,,,,,,,,,,,,Café Plecnik,,,,,,,,,,,,,,,,,,,,,,Mo-Sa 09:00-22:00; Su 10:00-22:00,,,,,,,,,,,,,,,,,,,,,,,,,,,,,,,,,,,,,,,,,,,,,,,,,,,,,,,,,,,,,,,,,,,,,,,,,,,,,,,,,,,,,,,,,,,,,,,,,,,,,,,,,,,,,,,,,,,,,,,,,,,,,,,,no,,,,,,,,,,
node/5147996421,node/5147996421,,,,,,,205/22,,11000,Smetanovo nábřeží,,,,,,pub,,,,,,,,,,,,,,,,,,,,,,,,,,,,,,,,,,,,,,,,,,,,,,,,,,,,,,,,,,,,,,,,,,,,,,,,,,,,,,,,,,,,,,,,,,,,wlan,,,,,,,,,,,,,,,,,,,,,,,,,,,,,,Prague Beer Museum,,,Prague Beer Museum,,,,,,,,,,,,,,,,,,,Mo-Su 10:00-03:00,,,,,,,,,,,,,,,,,,,,,,,,,,,,,,,,,,,,,,,,,,,,,,,,,,,,,,,,,,,,,,,,,,,,,,,,,,,,,,,,,,,,,,,,,,,,,,,,,,,,,,,,,,,,,,,,,,,,,,,,,,,https://praguebeermuseum.cz/en/,,,,,,,,,,,,,,,
node/5161974905,node/5161974905,,,,,,,,,,,,,,,,bar,,,,,,,,,,,,,,,,,,,,,,,,,,,,,,,,,,,,,,,,,,,,,,,indian,,,,,,,,,,,,,,,,,,,,,,,,,,,,,,,,,,,,,,,,,,,,,,,,,,,,,,,,,,,,,,,,,,,,,,,,,,,Royal Lumbiny,,,,,,,,,,,,,,,,,,,,,,,,,,,,,,,,,,,,,,,,,,,,,,,,,,,,,,,,,,,,,,,,,,,,,,,,,,,,,,,,,,,,,,,,,,,,,,,,,,,,,,,,,,,,,,,,,,,,,,,,,,,,,,,,,,,,,,,,,,,,,,,,,,,,,,,,,,,,,,,,
node/5171999718,node/5171999718,,,,,,,,,,,,,,,,bar,,,,,,,,,,,,,,,,,,,,,,,,,,,,,,,,,,,,,,,,,,,,,,,,,,,,,,,,,,,,,,,,,,,,,,,,,,,,,,,,,,,,,,,,,,,,,,,,,,,,,,,,,,,,,,,,,,,,,,,,,,Play House,,,,,,,,,,,,,,,,,,,,,,24/7,,,,,,,,,,,,,,,,,,,,,,,,,,,,,,,,,,,,,,,,,,,,,,,,,,,,,,,,,,,,,,,,,,,,,,,,,,,,,,,,,,,,,,,,,,,,,,,,,,,,,,,,,,,,,,,,,,,,,,,,,,,,,,,,,,,,,,,,,,
node/5171999729,node/5171999729,,,,,,,,,,,,,,,,,,,,,,,,,,,,,,,,,,,,,,,,,,,,,,,,,,,,,,,,,,,,,,,,,,,,,,,,,,,,,,,,,,,,,,,,,,,,,,,,,,,,,,,,,,,,,,,,,,,,,,,,,,,,,,,,,,,,,,,,,,Vinotéka,,,,,,,,,,,,,,,,,,,,,,,,,,,,,,,,,,,,,,,,,,,,,,,,,,,,,,,,,,,,,,,,,,,,,,,,,,,,,,,,,,,,,,,,,,,,,,,,,,,,alcohol,,,,,,,,,,,,,,,,,,,,,,,,,,,,,,,,,,,,,,,,,,,,,,,,,,,,,,,,,,,,
node/5176055307,node/5176055307,,,,,,,,,,,,,,,,bar,,,,,,,,,,,,,,,,,,,,,,,,,,,,,,,,,,,,,,,,,,,,,,,,,,,,,,,,,,,,,,,,,,,,,,,,,,,,,,,,,,,,,,,,,,,,,,,,,,,,,,,,,,,,,,,,,,,,,,,,,,Deep Down,,,,,,,,,,,,,,,,,,,,,,,,,,,,,,,,,,,,,,,,,,,,,,,,,,,,,,,,,,,,,,,,,,,,,,,,,,,,,,,,,,,,,,,,,,,,,,,,,,,,,,,,,,,,,,,,,,,,,,,,,,,,,,,,,,,,,,,,,,,,,,,,,,,,,,,,,,,,,,,,
node/5176055310,node/5176055310,,Praha 3,,,,,,,13000,Seifertova,,,,,,bar,,,,,,,,,,,,,,,,,,,,,,,,,,2026-04-04,,,,,,,,,,,,,,,,,,,,,,,,,,,,,,,,,,,,,,,,,,,,,,,,,,,,,,,,,,,,,,,,yes,,,,,,,,,,,,,,,,,,,,,,,,,,,,,,,,Tiki Taky Cocktail Bar,,,,,,,,,,,,,,,,,,,,,,,,,,,,,no,,,,,,,,,,,,,,,,,,,,,,,,,,,,,,,,,,,,,,,,,,,,,,,,,,,,,,,,,,,,,,,,,,,,,,,,,,,,,,,,,,,,,,,,,,,,,,,,,,,,,,,,,,,,,,,,,,,,,,,,,,,,,,,,,,,
node/5177941613,node/5177941613,,,,,,,,,,,,,,,,pub,,,,,,,,,,,,,,,,,,,,,,,,,,2023-11-20,,,,,,,,,,,,,,,,,,,,,,,,,,,,,,,,,,,,,,,,,,,,,,,,,,,,,,,,,,,,,,,,,,,,,,,,,,,,,,,,,,,,,,,,,,,,,,,,Pivní lokál Ostrý,,,,,,,,,,,,,,,,,,,,,,Mo-Fr 16:00-24:00,,,,,,,,,,,,,,,,,,,,,,,,,,,,,,,,,,,,,,,,,,,,,,,,+420 606 213 052,,,,,,,,,,,,,,,,,,,,,,,,,,,,,,,,,,,,,,,,,,,,,,,,,,,,,,,,,,,,,,,,,,,,,,,,,,,,,,,,limited,,,,,,,,,,
node/5177941620,node/5177941620,,,,,,,,,,,,,,,,bar,,,,,,,,,,,,,,,,,,,,,,,,,,,,,,,,,,,,,,,,,,,,,,,,,,,,,,,,,,,,,,,,,,,,,,,,,,,,,,,,,,,,,,,,,,,,,,,,,,,,,,,,,,,,,,,,,,,,,,,,,,,,,,,,,,,,,,,,,,,,,,,,,,,,,,,,,,,,,,,,,,,,,,,,,,,,,,,,,,,,,,,,,,,,,,,,,,,,,,,,,,,,,,,,,,,,,,,,,,,,,,,,,,,,,,,,,,,,,,,,,,,,,,,,,,,,,,,,,,,,,,,,,,,,,,,,,,,,,,,,,,
node/5181640829,node/5181640829,,,,,,,,,,,,,,,,pub,,,,,,,,,,,,,,,,,,,,,,,,,,,,,,,,,,,,,,,,,,,,,,,,,,,,,,,,,,,,,,,,,,,,,,,,,,,,,,,,,,,,,,,,,,,,wlan,,,,,,,,,,,,,,,,,,,,,,,,,,,,,,Комоřanská pivnice,,,,,,,,,,,,,,,,,,,,,,,,,,,,,,,,,,,,,,,,,,,,,,,,,,,,,,,,,,,,,,,,,,,,,,,,,,,,,,,,,,,,,,,,,,,,,,,,,,,,,,,,,,,,,,,,,,,,,,,,,,,,,,,,,,,,,,,,,,,,,,,,,,,,,,,,,,,,,,,,
node/5185664160,node/5185664160,,,,,,,,,,,,,,,,pub,,,,,,,,,,,,,,,,,,,,,,,,,,,,,,,,,,,,https://www.facebook.com/pivotekapivnirozmanitost,,,,,,,,,,,,,,,,,,,,,,,,,,,,,yes,,,,,,,,,,,obchod@pivni-rozmanitost.cz,,,,,,,,,,,,,,,,,,,,,,,,,,,,,,,,,,,,,,,,,,,,+420 608 601 601,,Pivní rozmanitost,,,,,,,,,,,,,,,,,,,,,,Mo-Th 15:00-22:00; Fr 14:00-23:00; Sa 15:00-23:00,,,,,,,,,,,,,,,,,,,,,,,,,,,,,,,,,,,,,,,,,,,,,,,,,,,,,,,,,,,,,,,,,,,,,,,,,,,,,,alcohol,,,,,,,,,,,,,,,,,,,,,,,,,,,,,,,,,,,,,,,,,,,,,http://pivni-rozmanitost.cz,,,,,limited,,,,,,,,,,
node/5188088446,node/5188088446,,,,,,,,,,,,,,,,bar,,,,,,,,,,,,,,,,,,,,,,,,,,,,,,,,,,,,,,,,,,,,,,,,,,,,,,,,,,,,,,,,,,,,,,,,,,,,,,,,,,,,,,,,,,,,,,,,,,,,,,,,,,,,,,,,,,,,,,,,,,Bar U Čtyřky,,,,,,,,,,,,,,,,,,,,,,Mo-Fr 16:00-23:30; Su 18:00-22:00,,,,,,,,,,,,,,,,,,,,,,,,,,,,,,,,,,,,,,,,,,,,,,,,,,,,,,,,,,,,,,,,,,,,,,,,,,,,,,,,,,,,,,,,,,,,,,,,,,,,,,,,,,,,,,,,,,,,,,,,,,,,,,,,no,,,,,,,,,,
node/5199945370,node/5199945370,,,,,,,,,,,,,,,,bar,,,,,,,,,,,,,,,,,,,,,,,,,,,,,,,,,,,info@bottles-winebar.cz,,,,,,,,,,,,,,,,,,,,,,,,,,,,,,,,,,,,,,,,,,,,,,,,,,,,,,,,,,,,,,,,,,,,,,,,,,,,,,,,,,,,,,,Bottles WineBar,,,,,,,,,,,,,,,,,,,,,,Mo-Fr 13:00-23:00; Sa-Su 15:00-23:00,,,,,,,,,,,,,,,,,,,,,,,,,,,,,,,,,,,,,,,,,,,,,,,,+420 273 134 050,,,,,,,,,,,,,,,,,,,,,,,,,,,,,,,,,,,,,,,,,,,,,,,,,,,,,,,,,,,,,,,,,,,,,,,,,,,http://www.bottles-winebar.cz,,,,,,,,,,,,,,,
node/5213860818,node/5213860818,,Praha,,CZ,,,,Břevnov,16900,,,Praha 6,,,,pub,,,,,,,,,,,,,,,,,,,,,,,,,,,,,,,,,,,,,,,,,,,,,,,,,,,,,,,,,,,,,,,,,,,,,,,,,,,,,,,,,,,,,,,,,,,,,,,,,,,,,,,,,,,,,,,,,,,,,,,,,,Břevnovský výčep,,,,,,,,,,бар в моностыре,,,,,,,,,,,,"Mo-Fr 14:00-20:00; Sa,Su 10:00-20:00",,,,,Správa Břevnovského kláštera s.r.o.,,yes,,,,,,,,,,,,,,,yes,,yes,,,,,,,,,,,,,,,,,,,,,,,,+420 220 406 112,,,,,,,,,,,,,,,,,,,,,,,,,,,,,,,,,,,,,,outside,,,survey,,,,survey,2019-12-29,,,,,,,,,,,,,,,,,,,,,,,,,,,,,https://www.brevnov.cz/,,,,,,,,,,,,,,,
node/5244515894,node/5244515894,,,,,,,15,,,Zelená,,,,,,bar,,,,,,,,,,,,,,,,,,,,,,,,,,,,,,,,,,,,,,,,,,,,,,,,,,,,,,,,,,,,,,,,,,,,,,,,,,,,,,,,,,,,,,,,,,,,,,,,,,,,,,,,,,,,,,,,,,,,,,,,,,Dejvická divadelní kavárna,,,,,,,,,,,,,,,,,,,,,,Mo-Fr 11:30-23:00,,,,,,,yes,,,,,,,,,,,,,,,,,,,,,,,,,,,,,,,,,,,,,,,,,,,,,,,,,,,,,,,,,,,,,,,,,,,,,,,,,,,,,,,outside,,,,,,,,,,,,,,,,,,,,,,,,,,,,,,,,,,,,,,,,,,,,,,,,,,,,
node/5264604426,node/5264604426,,Praha,,,,,9,,12000,Náplavní,,,,,,bar,,,,,,,,,,,,,,,,,,,,,,,,,,,,,,,,,,,,,,,,,,,,,,,,,,,,,,,,,,,,,,,,,,,,,,,,,,,,,,,,,,,,,,,,,,,,,,,,,,,,,,,,,,,,,,,,,,,,,,,,,,Vinárna Náplavní,,,,,,,,,,,,,,,,,,,,,,Mo-Sa 12:30-23:00; Su 14:30-22:00,,,,,,,,,,,,,,,,,,,,,,,,,,,,,,,,,,,,,,,,,,,,,,,,+420 241 416 546,,,,,,,,,,,,,,,,,,,,,,,,,,,,,,,,,,,,,,,,,,,,,,,,,,,,,,,,,,,,,,,,,,,,,,,,,,,https://www.vinarna-naplavni.cz/,,,,,,,,,,,,,,,
node/5310713941,node/5310713941,,Praha 7,,,,,123/3,,170 00,Haškova,,,,,,pub,,,,,,,,,,,,,,,,,,,,,,,,,,,,,,,,,,,,,,,,,,,,,,,,,,,,,,,,,,,,,,,,,,,,,,,,,,,,,,,,,,,,,,,,,,,,,,,,,,,,,,,,,,,,,,,,,,,,,,,,,,U velblouda,,,,,,,,,,,,,,,,,,,,,,Mo-Sa 17:00-02:00 || Su 17:00-24:00,,,,,,,no,,,,,,,,,,,,,,,,,,,,,,,,,,,,,,,,,,,,,,,,,+420 608 527 475,,,,,,,,,,,,,,,,,,,,,,,,,,,,,,,,,,,,,,no,,,,,,,,,,,,,,,,,,,,,,,,,,,,,,,,,,,,,,,,,,,,,,,,,,,,
node/5318818158,node/5318818158,,,,,,,,,,,,,,,,pub,,,,,,industrial,,,,,,,,,,AB InBev,,,,,,,,,,,,,,,,,,,,,,,,,,,,,,,,,,,,,,,,,,,,,,,,,,,,,,,,,,,,,,,,,,,,,,,,,,,,wlan,,,,,,,,,,,,,,,,,,,,,,,,,,,,,,Stará Ořechovka,,,,,,,,,,,,,,,,,,,,,,,,,,,,,,,,,,,,,,,,,,,,,,,,,,,,,,,,,,,,,,,,,,,,,,+420 734 736 175,,,,,,,,,,,,,,,,,,,,,,,,,,,,,,,,,,,,,,,,,,,,,,,,,,,,,,,,,,,,,,,,,,,,,,,,,,,https://www.staraorechovka.cz/,,,,,,,,,,,,,,,
node/5348047703,node/5348047703,,,,,,,218/189,,18100,Čimická,,,,,,pub,,,,,,,,,,,,,,,,,,,,,,,,,,,,,,,,,,,,,,,,,,,,,,,local,,,,,,,,,,,,,,,,,,,,,,,,,,,,,,,,,,,,,,,,,,,,,,,,,,,,,,,,,,,,,,,,,,,,,,,,,,,Chmeloun,,,,,,,,,,,,,,,,,,,,,,Mo-Sa 16:00-22:00; Su 16:00-21:00,,,,,,,yes,,,,,,,,,,,,,,,,,,,,,,,,,,,,,,,,,,,,,,,,,604231533,,,,,,,,,,,,,,,,,,,,,,,,,,,,,,,,,,,,,,outside,,,,,,,,,,,,,,,,,,,,,,,,,,,,,,,,,,,,,https://m.facebook.com/pivnibarchmeloun/&ved=2ahUKEwjF7vi2yYSOAxVSVvEDHd7JPMQQjjh6BAhrEAE&usg=AOvVaw3XsET3IRYq9UgkV4YlYfRj,,,,https://m.facebook.com/pivnibarchmeloun/&ved=2ahUKEwjF7vi2yYSOAxVSVvEDHd7JPMQQjjh6BAhrEAE&usg=AOvVaw3XsET3IRYq9UgkV4YlYfRj,,,,,,,,,,,
node/5402587425,node/5402587425,,Praha,,,,,2,,10600,Zvonková,,,,,,pub,,,,,,,,,,,,,,,,yes,,,,,,,,,,,,,,,,,,,,,,,,,,,,,,,,,,,,,,,,,,,,,,,,,,,,,,,,,,,,,,,,,,,,,,,,,,,,,,,,,,,,,,,,,,,,,,,,,,,,,,,,,,Pivni Bar Zvonkova,,,,,,,,,,,,,,,,,,,,,,Mo-Su 10:00-22:00,,,,,,,yes,,,,,,,,,,,,,,,,,,,,,,,,,,,,,,,,,,,,,,,,,,,,,,,,,,,,,,,,,,,,,,,,,,,,,,,,,,,,,,,no,,,,,,,,,,,,,,,,,,,,,,,,,,,,,,,,,,,,,http://www.pivnibarzvonkova.cz/,,,,,,,,,,,,,,,
node/5403533121,node/5403533121,,,,,,,,,,,,,,,,bar,,,,,,,,,,,,,,,,,,,,,,,,,,,,,2024-11-05,,,,,,,,,,,,,,,,,,,,,,,,,,,,,,,,,,,,,,,,,,,,,,,info@whiskeria.cz,,,,,,,,,,,,,,,,,,,,,,,,,,,,,,,,,,,,,,,,,,,,,,Jindřišská věž,,,Whiskey bar,,,,,,,,,,,,,,,,,,,Mo-Sa 15:00-00:00,,,,no,,,,,,,,,,,,,,,,,,,,,,,,,,,,,,,,,,,,,,,,,,,,+420 734 417 207,,,,,,,,,,,,,,,,,,,,,,,,,,,,,,,,,,,,,,,,,,,,,,,,,,,,,,,,,,,,,,,,,,,,,,,,,,,https://whiskeria.cz/,,,,,,,,,,,,,,,
node/5463915812,node/5463915812,,Praha 6,,,,,724/6,,16900,Na Malovance,,,,,,,,,,,,,,,,,,,,,,,,,,,,,,,,,,,,,,,,,,,,,,,,,,,,,,,,,,,,,,,,,,,,,,,,,,,,,,,,,,,,,,,,,,,,,,,,,,,,,,,,,,,,,,,,,,,,,,,,,,,,,,,,Glentyn(e),,,,,,,,,,,,,,,,,,,,,,,,,,,www.glentyne.cz,,,,,,,,,,,,,,,,,,,,,,,,,,,,,,,,,,,,,,,,,,,,,,,,,,,,,,,,,,,,,,,,,,,,,,,,,alcohol,,,,,,,,,,,,,,,,,,,,,,,,,,,,,,,,,,,,,,,,,,,,,,,,,,,,,,,,,,,,
node/5474313615,node/5474313615,,,,,,,,,,,,,,,,pub,,,,,,,,,,,,,,,,,,,,,,,,,,,,,,,,,,,,,,,,,,,,,,,,,,,,,,,,,,,,yes,yes,,,,,,,,,,,,,,,,,,,,,,,,,,,,,,,,,,,,,,,,,,,,,,,,,,,,,,,,,,,,,Once upon a beer,,,,,,,,,,,,,,,,,,,,,,,,,,,,,,,,,,,,,,,,,,,,,,,,,,,,,,,,,,,,,,,,,,,,,,,,,,,,,,,,,,,,,,,,,,,,,,,,,,,,,,,,,,,,,,,,,,,,,,,,,,,,,,,,,,,,,,,,,,,,,,,,,https://www.facebook.com/ouabeer/,,,,,,,,,,,,,,,
node/5474931921,node/5474931921,,,,,,,,,,,,,,,,bar,,,,,,,,,,,,,,,,,,,,,,,,,,,,,,,,,,,,,,,,,,,,,,,,,,,,,,,,,,,,,,,,,,,,,,,,,,,,,,,,,,,,,,,,,,yes,,,,,,,,,,,,,,,,,,,,,,,,,,,,,,,,Pivovar Zlatá růže,,,,,,,,,,три розы,,,,,,,,,,,,Mo-Su 11:00-02:00,,,,,,,no,,,,,,,,,,,,,,,,,,,,,,,,,,,,,,,,,,,,,,,,,,,,,,,,,,,,,,,,,,,,,,,,,,,,,,,,,,,,,,,,,,,,,,,,,,,,,,,,,,,,,,,,,,,,,,,,,,,,,,,,,no,,,,,,,,,,
node/5508982943,node/5508982943,,,,,,,,,,,,,,,,pub,,,,,,,,,,,,,,,,,,,,,,,,,,,,,,,,,,,,,,,,,,,,,,,,,,,,,,,,,,,,,,,,,,,,,,,,,,,,,,,,,,,,,,,,,,,,,,,,,,,,,,,,,,,,,,,,,,,,,,,,,,Good bar,,,,,,,,,,,,,,,,,,,,,,Su-Fr 18:00-01:30; Sa off,,,,,,,,,,,,,,,,,,,,,,,,,,,,,,,,,,,,,,,,,,,,,,,,,,,,,,,,,,,,,,,,,,,,,,,,,,,,,,,,,,,,,,,,,,,,,,,,,,,,,,,,,,,,,,,,,,,,,,,,,,,,,,,,limited,,,,,,,,,,
node/5508982944,node/5508982944,,,,,,,,,,,,,,,,pub,,,,,,,,,,,,,,,,,,,,,,,,,,,,,,,,,,,,,,,,,,,,,,,,,,,,,,,,,,,,,,,,,,,,,,,,,,,,,,,,,,,,,,,,,,,,,,,,,,,,,,,,,,,,,,,,,,,,,,,,,,Desítka,,,,,,,,,,,,,,,,,,,,,,"Mo-Su,PH 19:00-02:00",,,,,,,,,,,,,,,,,,yes,,,yes,,,,,,,,,,,,,yes,,yes,,,,,,,,,yes,yes,,,,,,,,,,,,,,,,,,,,,,,,,,,,,,,,,,,,,,,,,,,,,,,,,,,,,,,,,,,,,,,,,,,,,,,,,,,,,,,,,,,,,,,,,,,,
node/5508982945,node/5508982945,,,,,,,,,,,,,,,,pub,,,,,,,,,,,,,,,,,,,,,,,,,,,,,2026-07-08,,,,,,,,,,,,,,,,,,,,,,,,,,,,,,,,,,,,,,,,,,,,,,,,,,,,,,,,,,,,,,,,,,,,,,,,,,,,,,,,,,,,,,,,,,,,,Recharging bar,,,,,,,,,,,,,,,,,,,,,,"Mo-Th 18:00-01:00, Fr,Sa 18:00-03:00, Su 18:00-24:00",,,,,,,,,,,,,,,,,,yes,,,yes,,,,,,,,,,,,,yes,,yes,,,,,,,,,yes,yes,,,,,,,,,,,,,,,,,,,,,,,,,,,,,,,,,,,,,,,,,,,,,,,,,,,,,,,,,,,,,,,,,,,,,,,,,,,,,,,,,,limited,,,,,,,,,,
node/5510287971,node/5510287971,,,,,,,,,,,,,,,,pub,,,,,,,,,,,,,,,,,,,,,,,,,,,,,,,,,,,,,,,,,,,,,,,,,,,,,,,,,,,,,,,,,,,,,,,,,,,,,,,,,,,,,,,,,,,,,,,,,,,,,,,,,,,,,,,,,,,,,,,,,,Gunners Pub,,,,,,,,,,,,,,,,,,,,,,,,,,,,,,,,,,,,,,,,,,,,,,,,,,,,,,,,,,,,,,,,,,,,,,,,,,,,,,,,,,,,,,,,,,,,,,,,,,,,,,,,,,,,,,,,,,,,,,,,,,,,,,,,,,,,,,,,,,,,,,,,,,,,,,no,,,,,,,,,,
node/5520649421,node/5520649421,,,,,,,1737/3,,110 00,Opatovická,,,,,,bar,,,,,,,,,,,,,,,,,,,,,,,,,,,,,,,,,,,,,,,,,,,,,,,,,,,,,,,,,,,,,,,,,,,,,,,,,,,,,,,,,,,,,,,,,,,,,,,,,,,,,,,,,,,,,,,,,,,,,,,,,,Indigo Ale Bar,,,,,,,,,,,,,,,,,,,,,,Mo-Su 16:00-01:00,,,,,,,,,,,,,,,,,,,,,,,,,,,,,,,,,,,,,,,,,,,,,,,,+420 604 569 033,,,,,,,,,,,,,,,,,,,,,,,,,,,,,,,,,,,,,,,,,,,,,,,,,,,,,,,,,,,,,,,,,,,,,,,,,,,,,,,,,,,,,,,,,,
node/5539788281,node/5539788281,,,,,,,,,,,,,,,,pub,,,,,,,,,,,,,,,,,,,,,,,,,,2022-10-29,,,,,,,,,,,,,,,,,,,,,,,,,,,,,,,,,,,,,,,,,,,,,,,,,,,,,,,,,,,,,,,,,,wlan,no,,,,,,,,,,,,,,,,,,,,,,,,,,,,,Restaurace Bambini,,,,,,,,,,,,,,,,,,,,,,11:30-24:00,,,,,,,,,,,,,,,,,,,,,,,,,,,,,,,,,,,,,,,,,,,,,,,,,,,,,,,,,,,,,,,,,,,,,,,,,,,,,,,,,,,,,,,,,,,,,,,,,,,,,,,,,,,,,,,,,,,,,,,,,,,,,,,,no,,,,,,,,,,
node/5567031215,node/5567031215,,,,,,,,,,,,,,,,pub,,,,,,,,,,,,,,,,,,,,,,,,,,,,,,,,,,,,,,,,,,,,,,,,,,,,,,,,,,,,,,,,,,,,,,,,,,,,,,,,,,,,,,,,,,,,,,,,,,,,,,,,,,,,,,,,,,,,,,,,,,,,,,,,,,,,,,,,,,,,,,,,,,,,,,,,,,,,,,,,,,,,,,,,,,,,,,,,,,,,,,,,,,,,,,,,,,,,,,,,,,,,,,,,,,,,,,,,,,,,,,,,,,,,,,,,,survey,,,,,,,,,,,,,,,,,,,,,,,,,,,,,,,,,,,,,,,,,,,,,,,,,
node/5579065364,node/5579065364,,Praha,,,,,4,,11000,V Celnici,,,,,Nebe,bar,,,,,,,,,,,,,,,,,,,,,,,,,,,,,,,,,,,,,,,,,,,,,,,,,,,,,,,,,,,,,,,,,,,,,,,,,,,,,,,,,,,,,,,,,,,,,,,,,,,,,,,,,,,,,,,,,,,,,,,,,,Nebe Cocktail & Music Bar Celnice,,,,,,,,,,,,,,,Nebe Cocktail & Music Bar Celnice,,,,,,,"Tu-Sa 17:00-22:00, Mo 18:00-01:00",,,,,,,,,,,,,,,,,,,,,,yes,,yes,,,,,,,,,,,,,,,,,,,,,,,,+420 776 406 400,,,,,,,,,,,,,,,,,,,,,,,,,,,,,,,,,,,,,,,,,,,,,,,,,,,,,,,,,,,,,,,,,,,,,,,,,,,http://www.nebepraha.cz/cz/celnice,,,,,,,,,,,,,,,
node/5589170424,node/5589170424,,,,,,,14,,,V Tůních,,,,,,bar,,,,,,,,,,,,,,,,,,,,,,,,,,,,,,,,,,,,,,,,,,,,,,,,,,,,,,,,,,,,,,,,,,,,,,,,,,,,info@faustbar.cz,,,,,,,,,,,,,,,,wlan,,,,,,,,,,,,,,,,,,,,,,,,,,,,,,Faust,,,,,,,,,,,,,,,,,,,,,,"Mo-Fr 16:00-01:00; Sa, Su 16:00-03:00",,,,,,,,,,,,,,,,,,,,,,,,,,,,,,,,,,,,,,,,,,,,,,,,+420 773 222 732,,,,,,,,,,,,,,,,,,,,,,,,,,,,,,,,,,,,,,,,,,,,,,,,,,,,,,,,,,,,,,,,,,,,,,,,,,,https://faustbar.cz/,,,,,,,,,,,,,,,
node/5591733517,node/5591733517,,,,,,,,,,,,,,,,pub,,,,,,,,,,,,,,,,,,,,,,,,,,,,,,,,,,,,,,,,,,,,,,,,,,,,,,,,,,,,,,,,,,,,,,,,,,,,,,,,,,,,,,,,,,,,,,,,,,,,,,,,,,,,,,,,,,,,,,,,,,Na Svorností,,,,,,,,,,,,,,,,,,,,,,,,,,,,,,,,,,,,,,,,,,,,,,,,,,,,,,,,,,,,,,,,,,,,,,,,,,,,,,,,,,,,,,,,,,,,,,,,,,,,,,,,,,,,,,,,,,,,,,,,,,,,,,,,,,,,,,,,,,,,,,,,,,,,,,,,,,,,,,,,
node/5594830512,node/5594830512,,,,,,,7,,,Novákových,,,,,,bar,,,,,,,,,,,,,,,,,,,,,,,,,,,,,,,,,,,,,,,,,,,,,,,,,,,,,,,,,,,,,,,,,,,,,,,,,,,,,,,,,,,,,,,,,,,,,,,,,,,,,,,,,,,,,,,,,,,,,,,,,,Verona,,,,,,,,,,,,,,,,,,,,,,,,,,,,,,,,,,,,,,,,,,,,,,,,,,,,,,,,,,,,,,,,,,,,,,,,,,,,,,,,,,,,,,,,,,,,,,,,,,,,,,,,,,,,,,,,,,,,,,,,,,,,,,,,,,,,,,,,,,,,,,,,,,,,,,,,,,,,,,,,
node/5612300923,node/5612300923,,,,,,,,,,,,,,,,biergarten,,,,,,,,,,,,,,,,,,,,,,,,,,,,,,,,,,,,,,,,,,,,,,,,,,,,,,,,,,,,,,,,,,,,,,,,,,,,,,,,,,,,,,,,,,,,,,,,,,,,,,,,,,,0,,,,,,,,,,,,,,,Beer Station,,,,,,,,,,,,,,,,,,,,,,,,,,,,,,,,,,,,,,,,,,,,,,,,,,,,,,,,,,,,,,,,,,,,,,,,,,,,,,,,,,,,,,,,,,,,,,,,,,,,,,,,,,,,,,,,,,,,,,,,,,,,,,,,,,,,,,,,,,,,,,,,,,,,,,,,,,,,,,,,
node/5612300990,node/5612300990,,,,,,,,,,,,,,,,bar,,,,,,,,,,,,,,,,,,,,,,,,,,,,,,,,,,,,,,,,,,,,,,,,,,,,,,,,,,,,,,,,,,,,,,,,,,,,,,,,,,,,,,,,,,,,,,,,,,,,,,,,,,,1,,,,,,,,,,,,,,,Kajot Sportbar,,,,,,,,,,,,,,,,,,,,,,,,,,,,,,,,,,,,,,,,,,,,,,,,,,,,,,,,,,,,,,,,,,,,,,,,,,,,,,,,,,,,,,,,,,,,,,,,,,,,,,,,,,,,,,,,,,,,,,,,,,,,,,,,,,,,,,,,,,,,,,,,,,,,,,,,,,,,,,,,
node/5615751230,node/5615751230,,,,,,,10,,,Pařížská,,,,,,bar,,,,,,,,,,,,,,,,,,,,,,,,,,,,,,,,,,,,,,,,,,,,,,,,,,,,,,,,,,,,,,,,,,,,,,,,,,,,,,,,,,,,,,,,,,,,,,,,,,,,,,,,,,,,,,,,,,,,,,,,,,Buggsy's Bar,Buggsy's Bar,,Buggsy's Bar,,,,,,,,,,,,,,,,,,,,,,,,,,,,,,,,,,,,,,,,,,,,,,,,,,,,,,,,,,,,,,,,,,,,,,,,,,,,,,,,,,,,,,,,,,,,,,,,,,,,,,,,,,,,,,,,,,,,,,,,,,,,,,,,,,,,,,,,,,,,,,,,,,,,,,,,,,,,,
node/5636218621,node/5636218621,,,,,,,,,,,,,,,,bar,,,,,,,,,,,,,,,,,,,,,,,,,,,,,,,,,,,,,,,,,,,,,,,,,,,,,,,,,,,,,,,,,,,,,,,,,,,,,,,,,,,,,,,,,,,,,,,,,,,,,,,,,,,,,,,,,,,,,,,,,,Vinotéka pod Vítkovem,,,,,,,,,,,,,,,,,,,,,,,,,,,,,,,,,,,,,,,,,,,,,,,,,,,,,,,,,,,,,,,,,,,,,,,,,,,,,,,,,,,,,,,,,,,,,,,,,,,,,,,,,,,,,,,,,,,,,,,,,,,,,,,,,,,,,,,,,,,,,,,,,,,,,,,,,,,,,,,,
node/5649349113,node/5649349113,,,,,,,,,,,,,,,,bar,,,,,,,,,,,,,,,,,,,,,,,,,,,,,,,,,,,,,,,,,,,,,,,,,,,,,,,,,,,,,,,,,,,,,,,,,,,,,,,,,,,,,,,,,,,,,,,,,,,,,,,,,,,,,,,,,,,,,,,,,,U Sudu,,,,,,,,,,,,,,,,,,,,,,"Mo-Th 09:00-04:00, Fr 09:00-05:00, Sa 10:00-05:00, Su 11:00-04:00",,,,,,,,,,,,,,,,,,,,,,,,,,,,,,,,,,,,,,,,,,,,,,,,,,,,,,,,,,,,,,,,,,,,,,,,,,,,,,,,,,,,,,,,,,,,,,,,,,,,,,,,,,,,,,,,,,,,,,,,,,,,,,,,yes,,,,,,,,,,
node/5692990062,node/5692990062,,,,,,,,,,,,,,,,pub,,,,,,,,,,,,,,,,,,,,,,,,,,,,,,,,,,,,,,,,,,,,,,,,,,,,,,,,,,,,,,,,,,,,,,,,,,,,,,,,,,,,,,,,,,,,,,,,,,,,,,,,,,,,,,,,,,,,,,,,,,Výčep Fialka,,,,,,,,,,,,,,,,,,,,,,,,,,,,,,,,,,,,,,,,,,,,,,,,,,,,,,,,,,,,,,,,,,,,,,,,,,,,,,,,,,,,,,,,,,,,,,,,,,,,,,,,,,,,,,,,,,,,,,,,,,,,,,,,,,,,,,,,,,,,,,,,,,,,,,,,,,,,,,,,
node/5702007631,node/5702007631,,,,,,,,,,,,,,,,pub,,,,,,,,,,,,,,,,,,,,,,,,,,,,,,,,,,,,,,,,,,,,,,,,,,,,,,,,,,,,,,,,,,,,,,,,,,,,,,,,,,,,,,,,,,,,,,,,,,,,,,,,,,,,,,,,,,,,,,,,,,U Beránků,,,,,,,,,,,,,,,,,,,,,,"Su-Th 15:00-21:00; Fr,Sa 15:00-22:00",,,,,,,,,,,,,,,,,,,,,,,,,,,,,,,,,,,,,,,,,,,,,,,,,,,,,,,,,,,,,,,,,,,,,,,,,,,,,,,,,,,,,,,,,,,,,,,,,,,,,,,,,,,,,,,,,,,,,,,,,,,,,,,,,,,,,,,,,,
node/5727997821,node/5727997821,,,,,,,,,,,,,,,,bar,,,,,,,,,,,,,,,,,,,,,,,,,,,,,,,,,,,,,,,,,,,,,,,,,,,,,,,,,,,,,,,,,,,,,,,,,,,,,,,,,,,,,,,,,,,,wlan,,,,,,,,,,,,,,,,,,,,,,,,,,,,,,Pula Shisha & Lounge Bar,,,,,,,,,,кальян-бар «Pula»,,,,,,,,,,,,"Mo-Su 16:00-24:00, Sa,Su 00:00-01:00",,,,,,,,,,,,,,,,,,,,,,,,,,,,,,,,,,,,,,,,,,,,,,,,,,,,,,,,,,,,,,,,,,,,,,,,,,,,,,,,,,,,,,,,,,,,,,,,,,,,,,,,,,,,,,,,,,,,,,,,,,,,,,,,,,,,,,,,,,
node/5760151413,node/5760151413,,,,,,,,,,,,,,,,bar,,,,,,,,,,,,,,,,,,,,,,,,,,,,,,,,,,,,,,,,,,,,,,,,,,,,,,,,,,,,,,,,,,,,,,,,,,,,,,,,,,,,,,,,,,,,,,,,,,,,,,,,,,,,,,,,,,,,,,,,,,,,,,,,,,,,,,,,,,,,,,,,,,,,,,,,,,,,,,,,,,,,,,,,,,,,,,,,,,,,,,,,,,,,,,,,,,,,,,,,,,,,,,,,,,,,,,,,,,,,,,,,,,,,,,,,,,,,,,,,,,,,,,,,,,,,,,,,,,,,,,,,,,,,,,,,,,,,,,,,,,
node/5763271286,node/5763271286,,,1111,,,,1111/29,,18200,Třeboradická,29,,,,,,,,,,,,,,,,,,,,,,,,,,,,,,,,,,,,,,,,,,,,,,,,,,,,,,,,,,,,,,,,,,,,,,,,,,,,yes,,,,,,,,,,,,,,,,,,,yes,,,,,,,,,,,,,,,,,,,,,,,,,,,,,,,,Víno Fermata,,,,,,,,,,,,,,,,,,,,,,Mo-Fr 16:00-21:00,,,,,,,no,,,,,,,,,,,,,yes,,yes,,,,,,,,,,,,,,,,,yes,,,,,,,,,,,,,,,,,,,,,,,,,,,,,,,,,,,,,,,alcohol,,,,,,,,,,,,,,,,,,,,,,,,,,,,,,,,,,,,,,,,,,,,,,,,,,,,,,,,,,,,
node/5791792486,node/5791792486,,,,,,,,,,,,,,,,pub,,,,,,,,,,,,,,,,,,,,,,,,,,,,,,,,,,,,,,,,,,,,,,,,,,,,,,,,,,,,,,,,,,,,,,,,,,,,,,,,,,,,,,,,,,,,,,,,,,,,,,,,,,,,,,,,,,,,,yes,,,,,Kolčavka,,,,,,,,,,,,,,,,,,,,,,"Mo-Sa 16:30-01:00, Su 15:00-23:00",,,,,,,,,,,,,,,,,,,,,,yes,,yes,,,,,,,,,,,,,,,,,,,,,,,,,,,,,,,,,,,,,,,,,,,,,,,,,,,,,,,,,,,,,,,,,,,,,,,,,,,,,,,,,,,,,,,,,,,,,,,,,,,,,,,,,,,,,,,,,,
node/5851871527,node/5851871527,,Praha 2,,,,,1204/1,,12000,Anny Letenské,,,,,,bar,,,,,,,,,,,,,,,,,,,,,,,,,,,,,,,,,,,,,,,,,,http://yocafe.cz,,,,,,,,,,,,,,,,,,,,,,,,,,,,,,,,,,info@yocafe.cz,,,,,,,,,,,,,,,,wlan,no,,,,,,,,,,,,,,-1,,,,,,,,,,,,,,,YoCafe,,,,,,,,,,,,,,,,,,,,,,Mo-Fr 16:00-22:00,,,,,Yocafe,,yes,,,,,,,,,,,yes,,,yes,yes,,yes,,,,,,,,,,yes,,,,,,,,,,,yes,,,+420 776 006 929,,,,,,,,,,,,,,,,,,,,,,,,,,,,,,,,,,,,,,,,,,,,,,,,,,,,,,,,,,,yes,,,,,,,,no,,,,,,,,,,,,,no,,,,,,,,,,
node/5899813185,node/5899813185,,Praha,,,,,80,,12000,Rašínovo nábřeží,,,,,,bar,,,,,,,,,,,,,,,,,,,,,,,,,,2025-11-28,,,,,,,,,,,,,,,,,,,,,,,,,,,,,,,,,,,,,,,,,,,,,,,,,,,,,,,,,,,,,,,,,,,,,,,,,,,,,,,,,,,,,,,,,,,,,,,,Glass bar,,,,,,,,,,,,,,entrance from the gallery,,,,,,,,Mo-Su 09:00-19:00,,,,,,,,,,,,,,,,,,,,,,,,,,,,,,,,,,,,,,,,,,,,,,,,,,,,,,,,,,,,,,,,,,,,,,,,,,,,,,,,,,,,,,,,,,,,,,,,,,,,,,,,,,,,,,,,,,,,,,,,,,,,,,,,,,,,,,,,,,
node/5911846885,node/5911846885,,,,,,,,,,,,,,,,bar,,,,,,,,,,,,,,,,,,,,,,,,,,,,,,,,,,,,https://www.facebook.com/PivovarSedivak,,,,,,,,,brewery,,,,,,,,,,,,,,,,,,,,,,,,,,,,,,,,,,,,,,,,,,,,,yes,,,,,,,,,,,,,,,,,,,,,,,,,,,,,,+420 737 289 645,,Šedivák,,,,,,,,,,,,,,,,,,,,,,Mo-Su 11:00-23:00,,,,,,,yes,,,,,,,,,,,,,,,yes,,yes,,,,,,,,,,,,,,,,,,,,,,,,,,,,,,,,,,,,,,,,,,,,,,,,,,,,,,,,,,,,,,,,,,,,,,,,,,,,,,,,,,,,,,,,,,,,,,,,,,,http://pivovarsedivak.cz,,,,,,,,,,,,,,,
node/5941067133,node/5941067133,,,,,,,,,,,,,,,,bar,,,,,,,,,,,,,,,,,,,,,,,,,,,,,,,,,,,,,,,,,,,,,,,,,,,,,,,,,,,,,,,,,,,,,,,,,,,,,,,,,,,,,,,,,,,,,,,,,,,,,,,,,,,,,,,,,,,,,,,,,,Poke bowls & Sushi bar,,,,,,,,,,,,,,,,,,,,,,,,,,,,,,,,,,,,,,,,,,,,,,,,,,,,,,,,,,,,,,,,,,,,,,,,,,,,,,,,,,,,,,,,,,,,,,,,,,,,,,,,,,,,,,,,,,,,,,,,,,,,,,,,,,,,,,,,,,,,,,,,,,,,,,,,,,,,,,,,
node/5969421582,node/5969421582,,,,,,,,,,,,,,,,bar,,,,,,,,,,,,,,,,Svijany,,,,,,,,,,,,,2026-04-13,,,,,,,,,,,,,,,,,,,,,,,,,,,,,,,,,,,,,,,,,,,,,,,,,,,,,,,,,,,,,yes,,,,,,,,,,,,,,,,,,,,,,,,,,,,,,,,Bar On Bar,,,,,,,,,,,,,,,,,,,,,,Mo-Fr 09:00-17:00,,,,,,,no,,,,,,,,,,,,,,,no,,no,,,,,,,,,,,,,,,,,,,,,,,,,,,,,,,,,,,,,,,,,,,,,,,,,,,,,,,,,,,,,,no,,,,,,,,,,,,,,,,,,,,,,,,,,,,,,,,,,,,,,,,,,yes,,,,,,,,,,
node/5996532329,node/5996532329,,Praha 2,,,,,45,,12000,Římská,,,,,,restaurant,,,,,,,,,,,,,,,,,,,,,,,,,,,,,,,,,,,,,,,,,,,,,,,regional;coffee_shop;barbecue;cake;fine_dining,,,,,,,,,,,,,,,,,,,,,,,,,,,,,restaurace@rimska.cz,,,,,,,,,,,,,,,,,,,,,,,,,,,,,,,,,,,,,,,,,,,,,,Pivovar a Restaurace Římská,,,,,,,,,,,,,,,,,,,,,,Mo-Su 11:00-23:00,,,,,,,,,,,,,,,,,,,,,,,,,,,,,,,,,,,,,,,,,,,,,,,,+420 603 264 390,,,,,,,,,,,,,,,,,,,,,,,,,,,,,,,,,,,,,,,,,,,,,,,,,,,,,,,,,,,,,,,,,,,,,,,,,,,https://rimska.cz/,,,,,,,,,,,,,,,
node/5998301256,node/5998301256,,,,,,,165,,13000,Hartigova,,,,,,bar,,,,,,,,,,,,,,,,,,,,,,,,,,,,,,,,,,,,,,,,,,,,,,,italian_pizza;burger;grill,,,,,,,,,,,,,,,,,,,,,,,,,,,,,chiroza@seznam.cz,,,,,,,,,,,,,,,,wlan,,,,,,,,,,,,,,,,,,,,,,,,,,,,,,Rebels,,,,,,,,,,,,,,,,Koněvova,,,,,,Mo-Sa 16:00-02:00,,,,,,,,,,,,,,,,,,,,,,,,,,,,,,,,,,,,,,,,,,,,,,,,+420722957472,,,,,,,,,,,,,,,,,,,,,,,,,,,,,,,,,,,,,,,,,,,,,,,,,,,,,,,,,,,,,,,,,,,,,,,,,,,http://www.facebook.com/rebels165,,,,,,,,,,,,,,,
node/6045919586,node/6045919586,,,,,,,,,,,,,,,,pub,,,,,,,,,,,,,,,,,,,,,,,,,,,2025-04-30,,,,,,,,,,,,,,,,,,,,,,,,,,,,,,,,,,,,,,,,,,,,,,,,,info@pivokarlin.cz,,,,,,,,,,,,,,,,,,,,,,,,,,,,,,,,,,,,,,,,,yes,,,,,Pivo Karlín,,,,,,,,,,,,,,,,,,,,,,Mo-Sa 11:00-24:00; Su 11:00-23:00,,,,,,,,,,,,,,,,,,,,,,,,,,,,,,,,,,,,,,,,,,yes,,,,,,+420602211525,,,,,,,,,,,,,,,,,,,,,,,,,,,,,,,,,,,,,,,,,,,,,,,,,,,,,,,,,,,,,,,,,,,,,,,,,,,https://www.pivokarlin.cz/,,,,,yes,,,,,,,,,,
node/6063751885,node/6063751885,,,,,,,737,,19300,Rožnovská,,,,,,biergarten,,,,,,,,,,,,,,,,,,,,,,,,,,,,,,,,,,,,,,,,,,,,,,,,,,,,,,,,,,,,,,,,,,,,,,,,,,,,,,,,,,,,,,,,,,,,wlan,,,,,,,,,,,,,,,,,,,,,,,,,,,,,,U Voháků,,,,,,,,,,,,,,,,,,,,,,Mo-Su 11:00-23:00,,,,,,,,,,,,,,,,,,,,,,,,,,,,,,,,,,,,,,,,,,,,,,,,+420 728607652,,,,,,,,,,,,,,,,,,,,,,,,,,,,,,,,,,,,,,,,,,,,,,,,,,,,,,,,,,,,,,,,,,,,,,,,,,,http://restauraceuvohaku.cz,,,,,,,,,,,,,,,
node/6068290776,node/6068290776,,,,,,,894/44,,,Nádražní,,,,,,pub,,,,,,,,,,,,,,,,,,,,,,,,,,,,,,,,,,,,,,,,,,,,,,,,,,,,,,,,,,,,,,,,,,,,,,,,,,,,,,,,,,,,,,,,,,,,,,,,,,,,,,,,,,,,,,,,,,,,,,,,,,U Smolíků,,,,,,,,,,,,,,,,,,,,,,"Mo-Fr 11:00-22:00; Sa,Su 15:00-22:00",,,,,,,,,,,,,,,,,,,,,,,,,,,,,,,,,,,,,,,,,,,,,,,,,,,,,,,,,,,,,,,,,,,,,,,,,,,,,,,,,,,,,,,,,,,,,,,,,,,,,,,,,,,,,,,,,,,,,,,,,,,,,,,,,,,,,,,,,,
node/6069171386,node/6069171386,,,,,,,,,,,,,,,,bar,,,,,,,,,,,,,,,,,,,,,,,,,,,,,,,,,,,,,,,,,,,,,,,,,,,,,,,,,,,,,,,,,,,,,,,,,,,,,,,,,,,,,,,,,,,,,,,,,,,,,,,,,,,,,,,,,,,,,,,,,,Kyklop,,,,,,,,,,,,,,,,,,,,,,,,,,,,,,,,,,,,,,,,,,,,,,,,,,,,,,,,,,,,,,,,,,,,,,,,,,,,,,,,,,,,,,,,,,,,,,,,,,,,,,,,,,,,,,,,,,,,,,,,,,,,,,,,,,,,,,,,,,,,,,,,,,,,,,,,,,,,,,,,
node/6126277746,node/6126277746,,,,,,,,,,,,,,,,bar,,,,,,,,,,,,,,,,,,,,,,,,,,,,,2025-05-29,,,,,,,,,,,,,,,,,,,,,,,,,,,,,,,,,,,,,,,,,,,,,,,,,,,,,,,,,,,,,,,,,,,,,,,,,,,,,,,,,,,,,,,,,,,,,Prosekárna,,,,,,,,,,,,,,,,,,,,,,Mo-Sa 12:00-22:00; Su 12:00-20:00,,,,,,,,,,,,,,,,,,,,,,,,,,,,,,,,,,,,,,,,,,,,,,,,,,,,,,,,,,,,,,,,,,,,,,,,,,,,,,,,,,,,,,,,,,,,,,,,,,,,,,,,,,,,,,,,,,,,,,,,,,,https://www.prosekarna.cz/,,,,,,,,,,,,,,,
node/6132446861,node/6132446861,,Praha,,,,,19,,,Řipská,,,,,,bar,,,,,,,,,,,,,,,,Staropramen,,,,,,,,,,2023-10-17,,,,,,,,,,,,,,,,,,,,,,,,,,,,,,,,,,,,,,,,,,,,,,,,,,,https://www.facebook.com/puertoricobar.puertorico/,,,,,,,,,,,,,yes,,,,,,,,,,,,,,,,,,,,,,,,,,,,,,,,Puerto Rico,,,,,,,,,,,,,,,,,,,,,,"Mo-Fr 00:00-02:00,16:00-24:00; Sa,Su 00:00-02:00,18:00-24:00",,,,,,,yes,,,,,,,,,,,,,,,,,,,,,,,,,,,,,,,,,,,,,,,,,+420 222 512 993,,,,,,,,,,,,,,,,,,,,,,,,,,,,,,,,,,,,,,outside,,,survey,,,,,,,,,,,,,,,,,,,,,,,,,,,,,,,,,,https://www.puertobar.cz/,,,,,no,,,,,,,,,,
node/6178361465,node/6178361465,,,,,,,,,,,,,,,,,,,,,,,,,,,,,,,,,,,,,,,,,,2026-04-24,,,,,,,,,,,,,,,,,,,brewery,,,,,,,,,,,,,,,,,yes,,,,,,,,,,,,,,zuzana@klasterni-pivovar.cz,https://www.facebook.com/Pivovar-Strahov-SvNorbert-255900158543/,,,,,,,,,,,,,,,wlan,no,,,,,,,,,,,,,,,,,,,,,,,,yes,,,,,Klášterní pivovar Strahov,,,Strahov Monastic Brewery,,,,,,,,,,,,,,,,,,,Mo-Su 10:00-22:00,,,,,,,,,,,,,,,,,,yes,,,,,,,,,,,,,,,,yes,,,,,,,,,,,yes,,,+420 233 353 155,,,,,,,,,,,,,,,,,,,,,,,,,,,,,,,,,,,,,,,,,survey,,,,,,,,,,,,,,,,,,,,,,,,,,,,,,,,,,https://www.klasterni-pivovar.cz/,,,,,,,,,,,,,,,
node/6178361466,node/6178361466,,,,,,,,,,,,,no,,,pub,,,,,,,,,,,,,,,,,,,,,,,,,,,,,,,,,,,,,,,,,,,,,,,,,,,,,,,,,,,,,,,,,,,,,,,,,,,,,https://www.facebook.com/woodoopub.cz/,,,,,,,,,,,,,yes,,wlan,no,,,,,,,,,,,,,,,,,,,,,,,,,,,,,Music pub woodoo,,,,,,,,,,,,,,,,,,,,,,"Mo-Su 00:00-02:00,16:00-24:00; Fr,Sa 00:00-04:00,16:00-24:00",,,,,,,no,,,,,,,,,,,,,,,no,,no,,,,,,,,,,,,,,,,,,,,,,,,+420 733 413 479;+420 777 266 735,,,,,,,,,,,,,,,,,,,,,,,,,,,,,,,,,,,,,,outside,,,common knowledge,,,,,,,,,,,,,,,,,,,,,,,,,,,,,,,,,,http://www.bamboopub.cz/o-woodoo,,,,,no,,,,,,,,,,
node/6204992532,node/6204992532,,,,,,,,,,,,,,,,bar,,,,,,,,,,,,,,,,,,,,,,,,,,2026-05-11,,,,,,,,,,,,,,,,,,,,,,,,,,,,,,,,,,,,,,,,,,,,,,,,,,,,,,,,,,,,,,,,,,,,,,,,,,,,,,,,,,,,,,,,,,,,,,,,ALIBI,,,,,,,,,,,,,,,ALIBI. cocktail and music bar,,,,,,,"We 18:00-02:00, Th-Sa 18:00-04:00",,,,,,,,,,,,,,,,,,,,,,,,,,,,,,,,,,,,,,,,,,,,,,,,,,,,,,,,,,,,,,,,,,,,,,,,,,,,,,,,,,,,,,,,,,,,,,,,,,,,,,,,,,,,,,,,,,,,,,,,,,,https://www.alibi-bar.cz/,,,,,,,,,,,,,,,
node/6204997142,node/6204997142,,,,,,,,,,,,,,,,,,,,,,,,,,,,,,,,,,,,,,,,,,,,,,,,,,,,,,,,,,,,,,,,,,,,,,,,,,,,,,,,,,,,,,,,,,,,,,,,,,,,,,,,,,,,,,,,,,,,,,,,,,,,,,,,,,,,,,,,,,Global Wines & Spirits,,,,,,,,,,,,,,,,,,,,,,"Mo-Fr 10:00-20:00, Sa 09:00-13:00",,,,,,,,,,,,,,,,,,,,,,,,,,,,,,,,,,,,,,,,,,,,,,,,,,,,,,,,,,,,,,,,,,,,,,,,,,,,,,alcohol,,,,,,,,,,,,,,,,,,,,,,,,,,,,,,,,,,,,,,,,,,,,,https://www.global-wines.cz/,,,,,,,,,,,,,,,
node/6208659325,node/6208659325,,Praha 9,,,,,1308/1,,19000,Českomoravská,,,,,,bar,,,,,,,,,,,,,,,,,,,,,,,,,,,,,,,,,,,,,,,,,,,,,,,,,,,,,,,,,,,,,,,,,,,,,,,,,,,,,,,,,,,,,,,,,,,,,,,,,,,,,,,,,,,,,,,,,,,,,,,,,,BalabenkaBar,,,,,,,,,,,,,,,,,,,,,,,,,,,,,,,,,,,,,,,,,,,,,,,,,,,,,,,,,,,,,,,,,,,,,,,,,,,,,,,,,,,,,,,,,,,,,,,,,,,,,,,,,,,,,,,,,,,,,,,,,,,,,,,,,,,,,,,,,,,,,,,,,,,,,,,,,,,,,,,,
node/6251237585,node/6251237585,,Praha,,,,,81/55,,18600,Sokolovská,,,,,,bar,,,,,,,,,,,,,,,,,,,,,,,,,,,,,,,,,,,,,,,,,,,,,,,,,,,,,,,,,,,,,,,,,,,,,,,,,,,,,,,,,,,,,,,,,,,,,,,,,,,,,,,,,,,,,,,U dvou kohoutů,,,,,,yes,,,,,Dva Kohouti,,,,,,,,,,,,,,,,,,,,,,"Mo-Fr 15:00-01:00, Sa 12:00-01:00, Su 12:00-22:00, PH 12:00-22:00",,,,,"AMBI CZ, s.r.o.",,yes,,,,,,,,,,,yes,,,,yes,,yes,,,,,,,,,,yes,,,,,,,,,,,yes,yes,yes,,,,,,,,,,,,,,,,,,,,,,,,,,,no,yes,,,beverages,,,,,,,,outside,,,,,,,,,,,,,,,,,,,,,,,,,,,,,,,,,,,,,https://www.dvakohouti.cz/,,,,,no,,,,,,,,,,
node/6251438786,node/6251438786,,,337,,,,337/30,,15000,Lidická,,,yes,,,restaurant,,,,,,,,,,,,,,,,,,,,,,,,,,,,,2026-02-03,,,,,,,,,,,,,,,,,,,,,,,,,,,,,,,,,,,,,,,,,,,,,,,,,,,,,,,,,,,,,yes,,wlan,,,,,,,,,,,,,,,,,,,,,,,,,yes,,,,,Andělský Pivovar,,,,,,,,,,,,,,,,,,,,,,Mo-Sa 11:00-24:00; Su 11:00-23:30,,,,,,,yes,,,,,,,,,,,,,,,yes,,yes,,,,,,,,,,,,,,,,,,,,,,,,,,,,,,,,,,,,,,,,,,,,,,,,,,,,,,beverages,,,,,,,,outside,,,,,,,,,,,,,,,,,,,,,,,,,,,,,,,,,,,,,https://www.andelskypivovar.cz/,,,,,,,,,,,,,,,
node/6306151357,node/6306151357,,,,,,,,,,,,,,,,bar,,,,,,,,,,,,,,,,,,,,,,,,,,,,,,,,,,,,,,,,,,,,,,,,,,,,,,,,,,,,,,,,,,,,,,,,,,,,,,,,,,,,,,,,,,,,,,,,,,,,,,,,,,,,,,,,,,,,,,,,,,Red Bar,,,,,,,,,,,,,,,,,,,,,,,,,,,NH Hotel Group,,no,,,,,,,,,,,,,,,,,,,,,,,,,,,,,,,,,,,,,,,,,,,,,,,,,,,,,,,,,,,,,,,,,,,,,,,,,,,,,,,,,,,,,,,,,,,,,,,,,,,,,,,,,,,,,,,,,,,,,,,,,,,,,,,,,,,
node/6316789129,node/6316789129,,,,,,,,,,,,,,,,pub,,,,,,,,,,,,,,,,Gambrinus,,,,,,,,,,,,,,,,,,,,,,,,,,,,,,,,,,,,,,,,,,,,,,,,,,,,,,,,,,,,,,,,,,,,,,,,,,yes,,,,,,,,,,,,,,,,,,,,,,,,,,,,,,,,Sklepní pivnice Smíchoff,,,,,,,,,,,,,,,,,,,,,,24/7,,,,,,,no,,,,,,,,,,,,,,,,,,,,,,,,,,,,,,,,,,,,,,,,,,,,,,,,,,,,,,,,,,,,,,,,,,,,,,,,,,,,,,,,,,,,,,,,,,,,,,,,,,,,,,,,,,,,,,,,,,,,,,,,,no,,,,,,,,,,
node/6357245380,node/6357245380,,Praha 9 - Klánovice,,,,,89,,19014,Habrovská,,,,,,pub,,,,,,,,,,,,,,,,Konrád,,,,,,,,,,,,,,,,,,,,,,,,+420602257882,,,,,,,,,,,,,,,,,,,,,,,,,,,,,,,,,,,,,,,,,,yes,,,,,,,,,,,,,,,,,,,,,,,,,,,,,,,,,,,,,,,,Hospoda U lesa,,,,,,,,,,,,,,,,,,,,,,"Mo-Fr 16:00-21:00; Sa,Su 13:00-23:00",,,,,Ivan Hrubý,,,,,,,,,,,,,,,,,,,,,,,,,,,,,,,,,,,,,,,,,,,,,,,,,,,,,,15000028,,,,,,,,,,,,,,,,,,,,,,,,,,,,,,,,,,,,,,,,,,,,,,,,,,,,,,,,,,,,,,,,,,,,,,,,,,,,,,,
node/6410423085,node/6410423085,,,,,,,,,,,,,,,,bar,,,,,,,,,,,,,,,,,,,,,,,,,,,,,,,,,,,,,,,,,,,,,,,,,,,,,,,,,,,,,,,,,,,,,,,,,,,,,,,,,,,,,,,,,,,,,,,,,,,,,,,,,,,,,,,,,,,,,,,,,,U Budovce,,,,,,,,,,,,,,,,,,,,,,,,,,,,,,,,,,,,,,,,,,,,,,,,,,,,,,,,,,,,,,,,,,,,,,,,,,,,,,,,,,,,,,,,,,,,,,,,,,,,,,,,,,,,,,,,,,,,,,,,,,,,,,,,,,,,,,,,,,,,,,,,,,,,,,,,,,,,,,,,
node/6413322686,node/6413322686,,,,,,,,,,Kurta Konráda,,,,,,bar,,,,,,,,,,,,,,,,,,,,,,,,,,,,,,,,,,,,,,,,,,,,,,,,,,,,,,,,,,,,,,,,,,,,,,,,,,,,,,,,,,,,,,,,,,,,,,,,,,,,,,,,,,,,,,,,,,,,,,,,,,Magic Rock Bar Illusion,,,,,,,,,,,,,,,,,,,,,,Mo 17:00-01:00; Tu-Sa 18:00-03:00,,,,,,,,,,,,,,,,,,,,,,,,,,,,,,,,,,,,,,,,,,,,,,,,,,,,,,,,,,,,,,,,,,,,,,,,,,,,,,,,,,,,,,,,,,,,,,,,,,,,,,,,,,,,,,,,,,,,,,,,,,,,,,,,,,,,,,,,,,
node/6415582985,node/6415582985,,,,,,,,,,,,,,,,bar,,,,,,,,,,,,,,,,,,,,,,,,,,,,,,,,,,,,,,,,,,,,,,,,,,,,,,,,,,,,,,,,,,,,,,,,,,,,,,,,,,,,,,,,,,,,,,,,,,,,,,,,,,,,,,,,,,,,,,,,,,,,,Ale Bar,,,,,,,,,,,,,,,,,,,,,,,,,,,,,,,,,,,,,,,,,,,,,,,,,,,,,,,,,,,,,,,,,,,,,,,,,,,,,,,,,,,,,,,,,,,,,,,,,,,,,,,,,,,,,,,,,,,,,,,,,,,,,,,,,,,,,,,,,,,,,,,,,,,,,,,,,,,,,
node/6433144785,node/6433144785,,,,,,,,,,,,,,,,bar,,,,,,,,,,,,,,,,,,,,,,,,,,,,,,,,,,,,,,,,,,,,,,,,,,,,,,,,,,,,,,,,,,,,,,,,,,,,,,,,,,,,,,,,,,,,,,,,,,,,,,,,,,,,,,,,,,,,,,,,,,the Spot,,,,,,,,,,,,,,,,,,,,,,"Mo-Fr 08:00-19:00; Sa,Su 08:30-19:00",,,,,,,,,,,,,,,,,,,,,,,,,,,,,,,,,,,,,,,,,,,,,,,,,,,,,,,,,,,,,,,,,,,,,,,,,,,,,,,,,,,,,,,,,,,,,,,,,,,,,,,,,,,,,,,,,,,,,,,,,,,,,,,,,,,,,,,,,,
node/6440700394,node/6440700394,,,,,,,,,,,,,,,,pub,,,,,,,,,,,,,,,,,,,,,,,,,,,,,,,,,,,,,,,,,,,,,,,,,,,,,,,,,,,,,,,,,,,,,,,,,,,,,,,,,,,,,,,,,,,,,,,,,,,,,,,,,,,,,,,,,,,,,,,,,,Londoners,,,,,,,,,,,,,,,,,,,,,,,,,,,,,,,,,,,,,,,,,,,,,,,,,,,,,,,,,,,,,,,,,,,,,,,,,,,,,,,,,,,,,,,,,,,,,,,,,,,,,,,,,,,,,,,,,,,,,,,,,,,,,,,,,,,,,,,,,,,,,,,,,,,,,,,,,,,,,,,,
node/6466509813,node/6466509813,,,,,,,,,,,,,,,,,,,,,,,,,,,,,,,,,,,,,,,,,,,,,,,,,,,,,,,,,,,,,,,,,,,,,,,,,,,,,,,,,,,,,,,,,,,,,,,,,,,,,,,,,,,,,,,,,,,,,,,,,,,,,,,,,,,,,,,,,,Stáčené vino,,,,,,,,,,,,,,,,,,,,,,Mo-Fr 13:00-19:00,,,,,,,,,,,,,,,,,,,,,,,,,,,,,,,,,,,,,,,,,,,,,,,,,,,,,,,,,,,,,,,,,,,,,,,,,,,,,,alcohol,,,,,,,,,,,,,,,,,,,,,,,,,,,,,,,,,,,,,,,,,,,,,stacenevino.cz,,,,,,,,,,,,,,,
node/6501232363,node/6501232363,,,,,,,,,,,,,,,,pub,,,,,,,,,,,,,,,,,,,,,,,,,,,,,,,,,,,,,,,,,,,,,,,,,,,,,,,,,,,,,,,,,,,,,,,,,,,,,,,,,,,,,,,,,,,,,,,,,,,,,,,,,,,,,,,,,,,,,,,,,,Billiard klub Harlequin,,,,,,,,,,,,,,,,,,,,,,,,,,,,,,,,,,,,,,,,,,,,,,,,,,,,,,,,,,,,,,,,,,,,,,,,,,,,,,,,,,,,,,,,,,,,,,,,,,,,,,,,,,,,,,,,,,,,,,billiards,,,,,,,,,,,,,,,,,,,,,,,,,,,https://www.harlequinpraha.cz/,,,,,,,,,,,,,,,
node/6504459486,node/6504459486,,,,,,,,,,,,,,,,bar,,,,,,,,,,,,,,,,,,,,,,,,,,,,,,,,,,,,,,,,,,,,,,,,,,,,,,,,,,,,,,,,,,,,,,,,,,,,,,,,,,,,,,,,,,,,,,,,,,,,,,,,,,,,,,,,,,,,,,,,,,,,,Kenny’s island,,,,,,,,,,,,,,,,,,,,,,,,,,,,,,,,,,,,,,,,,,,,,,,,,,,,,,,,,,,,,,,,,,,,,,,,,,,,,,,,,,,,,,,,,,,,,,,,,,,,,,,,,,,,,,,,,,,,,,,,,,,,,,,,,,,,,,,,,,,,,,,,,,,,,,,,,,,,,
node/6507865751,node/6507865751,,,,,,,,,,,,,,,,bar,,,,,,,,,,,,,,,,,,,,,,,,,,,,,2025-09-09,,,,,,,,,,,,,,,,,,,,,,,,,,,,,,,,,,,,,,,,,,,,,,,,,,,,,,,,,,,,,,,,,,,,,,,,,,,,,,,,,,,,,,,,,,,,,Bondy bar,,,,,,,,,,,,,,,,,,,,,,"We-Mo 20:00-03:00, Tu 17:00-03:00",,,,,,,,,,,,,,,,,,,,,,,,,,,,,,,,,,,,,,,,,,,,,,,,,,,,,,,,,,,,,,,,,,,,,,,,,,,,,,,,,,,,,,,,,,,,,,,,,,,,,,,,,,,,,,,,,,,,,,,,,,,,,,,,,,,,,,,,,,
node/6509564190,node/6509564190,,,9,,,,9/18,,10000,Průběžná,18,,,,,pub,,,,,,,,,,,,,,,,,,,,,,,,,,,,,,,,,,,,,,,,,,,,,,,,,,,,,,,,,,,,,,,,,,,,,,,,,,,,,,,,,,,,,,,,,,,,,,,,,,,,,,,,,,,,,,,,,,,,,,,,,,Publikum,,,,,,,,,,,,,,,,,,,,,,Mo-Su 15:00-03:00,,,,,,,,,,,,,,,,,,,,,,,,,,,,,,,,,,,,,,,,,,,,,,,,+420 602 365 932,,,,,,,,,,,,,,,,,,,,,,,,,,,,,,,,,,,,,,,,,,cuzk:ruian,,,,,,,,,,,,,,,,,,,,,,,,,,,,,,,,,https://publikum.business.site,,,,,,,,,,,,,,,
node/6509564192,node/6509564192,,,1240,,,,1240/17,,10000,Gutova,17,,,,,pub,,,,,,,,,,,,,,,,Branik,,,,,,,,,,,,,,,,,,,,,,,,,,,,,,,,,,,,,,,,,,,,,,,,,,,,,,,,,,,,,,,,,,,,,,,,,,,,,,,,,,,,,,,,,,,,,,,,,,,,,,,,,,Puma bar,,,,,,,,,,,,,,,,,,,,,,,,,,,,,,,,,,,,,,,,,,,,,,,,,,,,,,,,,,,,,,,,,,,,,,,,,,,,,,,,,,,,,,,,,,,,,,,,,,,,,,,,,,,,,,,,cuzk:ruian,,,,,,,,,,,,,,,,,,,,,,,,,,,,,,,,,,,,,,,,,,,,,,,,
node/6509564193,node/6509564193,,Praha 10,1025,,,,1025/29,,100 00,V Olšinách,29,,,,,bar,,,,,,,,,,,,,,,,yes;various,,,,,,,,,,2026-05-10,2026-05-10,,,,,,,,,Beerknir,,beerknir,,,,,,,,,,yes,,,,,,,,,,,,,,,,,yes,,,,,,,,,,,jakub@beerknir.cz,,,,,,,,,,,,,,,,,,,,,,,,,,,,,,,,,,,,,,,,,,,,,,Beer Knír,,,,,,,,,,,,,,,,,,,,,,Mo-Sa 16:00-23:00; Su 16:00-22:00,,,,,,,,,,,,,,,,,,,,,,,,,,,,,yes,,,no,,,,,,,,no,,,,,,,,+420 725 163 015,,,,,,,,,,,,,,,,,,,,,,,,,,,,,,alcohol,,,,,,,,,,,,cuzk:ruian,,,,,,,,2017,,,,,,,,,,,,,,,,,,,,,,,,,https://beerknir.cz/,,,,,,,,,,,,,,,
node/6509564195,node/6509564195,,,795,,,,795/13,,10000,V olšinách,13,,,,,pub,,,,,,,,,,,,,,,,Březňák,,,,,,,,,,,,,,,,,,,,,,,,,,,,,,,,,,,,,,,,,,,,,,,,,,,,,,,,,,,,,,,,,,,,,,,,,,,,,,,,,,,,,,,,,,,,,,,,,,,,,,,,,,V Olšinách,,,,,,,,,,,,,,,,,,,,,,Mo-Su 13:00-01:00,,,,,,,,,,,,,,,,,,,,,,,,,,,,,,,,,,,,,,,,,,,,,,,,,,,,,,,,,,,,,,,,,,,,,,,,,,,,,,,,,,,,,,,,,,cuzk:ruian,,,,,,,,,,,,,,,,,,,,,,,,,,,,,,,,,,,,,,,,,,,,,,,,
node/6509564196,node/6509564196,,,,,,,,,,,,,,,,bar,,,,,,,,,,,,,,,,,,,,,,,,,,,,,,,,,,,,,,,,,,,,,,,,,,,,,,,,,,,,,,,,,,,,,,,,,,,,,,,,,,,,,,,,,,,,,,,,,,,,,,,,,,,,,,,,,,,,,,,,,,Letní bar,,,,,,,,,,,,,,,,,,,,,,,,,,,,,,,,,,,,,,,,,,,,,,,,,,,,,,,,,,,,,,,,,,,,,,,,,,,,,,,,,,,,,,,,,,,,,,,,,,,,,,,,,,,,,,,,,,,,,,,,,,,,,,,,,,,,,,,,,,,,,,,,,,,,,,,,,,,,,,,,
node/6516177085,node/6516177085,,,,,,,1122,,19700,Mladoboleslavská,,,,,,restaurant,,,,,,,,,,,,,,,,,,,,,,,,,,,,,,,,,,,,,,,,,,,,,brewery,,,,,,,,,,,,,,,,,,,,,,,,,,,,,,,provoz@kbelskypivovar.cz,,,,,,,,,,,,,,yes,,wlan,,,,,,,,,,,,,,,,,,,,,,,,,yes,,,,,Kbelsky Pivovar,,,,,,,,,,,,,,,,,,,,,,Mo-Su 11:00-23:00,,,,,,,yes,,,,,,,,,,,,,,,yes,,yes,,,,,,,,,,,,,,,,,,,,,,,,+420773099455,,,,,,,,,,,,,,,,,,,,,,,,,,,,,,,,,,,,,,outside,,,,,,,,,,,,,,,,,,,,,,,,,,,,,,,,,,,,,https://kbelskypivovar.cz/,,,,,,,,,,,,,,,
node/6527765313,node/6527765313,,,,,,,,,,,,,,,,pub,,,,,,,,,,,,,,,,,,,,,,,,,,2025-03-29,,,,,,,,,,,,,,,,,,,,,,,,,,,,,,,,,,,,,,,,,,,,,,,,,,,,,,,,,,,,,,,,yes,,,,,,,,,,,,,,,,,,,,,,,,,,,yes,,,,,Pivovar Bašta,,,,,,,,,,,,,,,,,,,,,,Mo-Su 11:00-24:00,,,,,,,,,,,,,,,,,,,,,,,,,,,,,,,,,,,,,,,,,,,,,,,,,,,,,,,,,,,,,,,,,,,,,,,,,,,no,,,,,,,,,,,,,,,,,,,,,,,,,,,,,yes,,,yes,,,,,,,,,,,,,,,,https://www.ubansethu.cz/pivovar/,,,,,limited,,,,,,,,,,
node/6554636898,node/6554636898,,,,,,,,,,,,,,,,pub,,,,,,,,,,,,,,,,,,,,,,,,,,,,,,,,,,,,,,,,,,,,,,,,,,,,,,,,,,,,,,,,,,,,,,,,,,,,,https://www.facebook.com/sedypes/,,,,,,,,,,,,,,,,,,,,,,,,,,,,,,,,,,,,,,,,,,,,,Šedý Pes,,,,,,,,,,,,,,,,,,,,,,"Mo-Su 00:00-02:00,17:00-24:00",,,,,,,no,,,,,,,,,,,,,,,,,,,,,,,,,,,,,,,,,,,,,,,,,+420 777 080 111,,,,,,,,,,,,,,,,,,,,,,,,,,,,,,,,,,,,,,,,,survey,,,,,,,,,,,,,,,,,,,,,,,,,,,,,,,,,,https://www.sedypes.cz/,,,,,no,,,,,,,,,,
node/6573344586,node/6573344586,,,,,,,,,,,,,,,,bar,,,,,,,,,,,,,,,,,,,,,,,,,,,,,,,,,,,,,,,,,,,,,,,,,,,,,,,,,,,,,,,,,,,,,,,,,,,,,,,,,,,,,,,,,,,,,,,,,,,,,,,,,,,,,,,,,,,,,,,,,,,,,,,,,,,,склеп,,,,,,,,,,,,,,,,,,,,,,,,,,,,,,,,,,,,,,,,,,,,,,,,,,,,,,,,,,,,,,,,,,,,,,,,,,,,,,,,,,,,,,,,,,,,,,,,,,,,,,,,,,,,,,,,,,,,,,,,,,,,,,,,,,,,,,,,,,,,,,,,,,,,,,
node/6575476436,node/6575476436,,,,,,,,,,,,,,,,bar,,,,,,,,,,,,,,,,,,,,,,,,,,2024-09-25,,,,,,,,,,,,,,,,,,,,,,,,,,,,,,,,,,,,,,,,,,,,,,,,,,,,,,,,,,,,,,,,,,,,,,,,,,,,,,,,,,,,,,,,,,,,,,,,Bomoni,,,,,,,,,,,,,,,,,,,,,,"Su-Th 10:00-23:00; Fr,Sa 10:00-24:00",,,,,,,,,,,,,,,,,,,,,,,,,,,,,,,,,,,,,,,,,,,,,,,,,,,,,,,,,,,,,,,,,,,,,,,,,,,,,,,,,,,,,,,,,,,,,,,,,,,,,,,,,,,,,,,,,,,,,,,,,,,,,,,,yes,,,,,,,,,,
node/6592264385,node/6592264385,,,,,,,,,,,,,,,,bar,,,,,,,,,,,,,,,,,,,,,,,,,,,,,,,,,,,,,,,,,,,,,,,,,,,,,,,,,,,,,,,,,,,,,,,,,,,,,,,,,,,,,,,,,,,,,,,,,,,,,,,,,,,,,,,,,,,,,,,,,,,,,Pub,,,,,,,,,,,,,,,,,,,,,,,,,,,,,,,,,,,,,,,,,,,,,,,,,,,,,,,,,,,,,,,,,,,,,,,,,,,,,,,,,,,,,,,,,,,,,,,,,,,,,,,,,,,,,,,,,,,,,,,,,,,,,,,,,,,,,,,,,,,,,,,,,,,,,,,,,,,,,
node/6593339885,node/6593339885,,,,,,,,,,,,,,,,bar,,,,,,,,,,,,,,,,,,,,,,,,,,,,,,,,,,,,,,,,,,,,,,,,,,,,,,,,,,,,,,,,,,,,,,,,,,,,,,,,,,,,,,,,,,,,,,,,,,,,,,,,,,,,,,,,,,,,,,,,,,,,,White Horse,,,,,,,,,,,,,,,,,,,,,,,,,,,,,,,,,,,,,,,,,,,,,,,,,,,,,,,,,,,,,,,,,,,,,,,,,,,,,,,,,,,,,,,,,,,,,,,,,,,,,,,,,,,,,,,,,,,,,,,,,,,,,,,,,,,,,,,,,,,,,,,,,,,,,,,,,,,,,
node/6622281477,node/6622281477,,Praha,,,,,8,,18000,Nad Kolčavkou,,,,,,,,,,,,,,,,,,,,,,,,,,,,,,,,,2024-05-20,,,,,,,,,,,,,,,,,,brewery,,,,,,,,,,,,,,,,,,,,,,,,,,,,,,,,,,,,,,,,,,,,,,,,,,,,,,,,,,,,,,,,,,,,,,,,,,,,,Pivovar Kilián,,,,,,,,,,,,,,,,,,,,,,Mo-Su 11:00-23:00,,,,,,,,,,,,,,,,,,,,,,,,,,,,,,,,,,,,,,,,,,yes,,,,,,+420 739 623 633,,,beer,,,,,,,,,,,,,,,,,,,,,,,,,,,,,,,,,,,,,,,,,,,,,,,,,,,,,,,,,,,,,,,,,,,,,,,,https://www.pivovarkilian.cz/,,,,,no,,,,,,,,,,
node/6704044586,node/6704044586,,Praha 1,,,,,34,,11000,Soukenická,,,,,,pub,,,,,,,,,,,,,,,,,,,,,,,,,,,2024-06-26,,,,,,,,,,,,,,,,,,,,,no,,,,,,,,,,,,,,,,,,,,,,,,,,,,info@guldendraak.cz,,,,,,,,,,,,,,,,,,,,,,,,,,,,,,,,,,,,,,,,,,,,,,Gulden Draak Bierhuis,,,Golden Dragon,,,,,,,,,,,,,,,,,,,Su-Mo 16:00-0:00; Tu-Sa 16:00-02:00,,,,,,,,,,,,,,,,,,,,,,,,,,,,,,https://www.qerko.com,no,,,,,,,,,,,,,,,,,+420 724 105 800,,,,,,,,,,,,,,,,,,,,,,,,,,,,,,,,,,,,,,,,,,,,,,,,,,,,,,,,,,,,,,,,,,,,,,,,,,,https://www.guldendraak.cz/,,,,,,,,,,,,,,,
node/6708477187,node/6708477187,,,,,,,,,,,,,,,,biergarten,,,,,,,,,,,,,,,,yes,,,,,,,,,,,,,,,,,,,,,,,,,,,,,,,,,,,,,,,,,,,,,,,,,,,,,,,,,,,,,,,,,,,,,,,,,,,,,,,,,,,,,,,,,,,,,,,,,,,,,no,,,,,TJ Solidarita,,,,,,,,,,,,,,,,,,,,,,,,,,,,,yes,,,,,,,,,,,,,,,,,,,,,,,,,,,,,,,,,,,,,,,,,,,,,,,,,,,,,,,,,,,,,,,,,,,,,,,,,,,,,,,,,,,,,,,,,,,,,,,,,,,,,,,,,,,,,,,,,,,,,,,,,,,,,,,,,,,
node/6708477204,node/6708477204,,,,,,,,,,,,,,,,pub,,,,,,,,,,,,,,,,,,,,,,,,,,,,,,,,,,,,,,,,,,,,,,,,,,,,,,,,,,,,,,,,,,,,,,,,,,,,,,,,,,,,,,,,,,,,,,,,,,,,,,,,,,,,,,,,,,,,,,,,,,Hospoda Na padesátém,,,,,,,,,,,,,,,,,,,,,,,,,,,,,yes,,,,,,,,,,,,,,,,,,,,,,,,,,,,,,,,,,,,,,,,,,,,,,,,,,,,,,,,,,,,,,,,,,,,,,,,,,,,,,,,,,,,,,,,,,,,,,,,,,,,,,,,,,,,,,,,,,,,,,,,,,,,,,,,,,,
node/6708477205,node/6708477205,,,,,,,,,10000,Pod Strání,,,,,,biergarten,,,,,,,,,,,,,,,,,,,,,,,,,,,,,,,,,,,,,,,,,,,,,,,,,,,,,,,,,,,,,,,,,,,,,,,,,,,,,,,,,,,,,,,,,,,,,,,,,,,,,,,,,,,,,,,,,,,,,,,,,,Restaurace Hřiště,,,,,,,,,,,,,,,,,,,,,,,,,,,,,,,,,,,,,,,,,,,,,,,,,,,,,,,,,,,,,,,,,,,,,,,,,,,,,,,,,,,,,,,,,,,,,,,,,,,,,,,,,,,,,,,,,,,,,,,,,,,,,,,,,,,,,,,,,,,,,,,,,,,,,,,,,,,,,,,,
node/6723181285,node/6723181285,,,,,,,,,,,,,,,,bar,,,,,,,,,,,,,,,,,,,,,,,,,,,,,,,,,,,,,,,,,,,,,,,,,,,,,,,,,,,,,,,,,,,,,,,,,,,,,,,,,,,,,,,,,,,,,,,,,,,,,,,,,,,,,,,,,,,,,,,,,,,,,Captain Morgan,,,,,,,,,,,,,,,,,,,,,,,,,,,,,,,,,,,,,,,,,,,,,,,,,,,,,,,,,,,,,,,,,,,,,,,,,,,,,,,,,,,,,,,,,,,,,,,,,,,,,,,,,,,,,,,,,,,,,,,,,,,,,,,,,,,,,,,,,,,,,,,,,,,,,,,,,,,,,
node/6741894785,node/6741894785,,,,,,,,,,,,,,,,bar,,,,,,,,,,,,,,,,,,,,,,,,,,,,,,,,,,,,,,,,,,,,,,,,,,,,,,,,,,,,,,,,,,,,,,,,,,,,,,,,,,,,,,,,,,,,,,,,,,,,,,,,,,,,,,,,,,,,,,,,,,Havran bar,,,,,,,,,,,,,,,,,,,,,,,,,,,,,,,,,,,,,,,,,,,,,,,,,,,,,,,,,,,,,,,,,,,,,,,,,,,,,,,,,,,,,,,,,,,,,,,,,,,,,,,,,,,,,,,,,,,,,,,,,,,,,,,,,,,,,,,,,,,,,,,,,,,,,,,,,,,,,,,,
node/6741992485,node/6741992485,,,,,,,,,,Štěpánská,,,,,,bar,,,,,,,,,,,,,,,,,,,,,,,,,,,,,,,,,,,,,,,,,,,,,,,,,,,,,,,,,,,,,,,,,,,,,,,,,,,,,,,,,,,,,,,,,,,,wlan,,,,,,,,,,,,,,,,,,,,,,,,,,,,,,,,,swim club meets kitchen,,,,,,,,,,,,,,,,,,,,,,,,,,,,,,,,,,,,,,,,,,,,,,,,,,,,,,,,,,,,,,,,,,,,,,,,,,,,,,,,,,,,,,,,,,,,,,,,,,,,,,,,,,,,,,,,,,,,,,,,,,,,,,,,,,,,,,,,,,,,,,,,,,,,,,,,,,,,,
node/6746280285,node/6746280285,,,,,,,,,,,,,,,,bar,,,,,,,,,,,,,,,,,,,,,,,,,,,,,,,,,,,,,,,,,,,,,,,,,,,,,,,,,,,,,,,,,,,,,,,,,,,,,,,,Check name!,,,,,,,,,,,,,,,,,,,,,,,,,,,,,,,,,,,,,,,,,,Sport Bar,,,,,,,,,,,,,,,,,,,,,,,,,,,,,,,,,,,,,,,,,,,,,,,,,,,,,,,,,,,,,,,,,,,,,,,,,,,,,,,,,,,,,,,,,,,,,,,,,,,,,,,,,,,,,,,,,,,,,,,,,,,,,,,,,,,,,,,,,,,,,,,,,,,,,,,,,,,,,,,,
node/6750570597,node/6750570597,,,,,,,,,,,,,,,,bar,,,,,,,,,,,,,,,,,,,,,,,,,,,,,,,,,,,,,,,,,,,,,,,,,,,,,,,,,,,,,,,,,,,,,,,,,,,,,,,,,,,,,,,,,,,,,,,,,,,,,,,,,,,,,,,,,,,,,,,,,,,,,Techno bar,,,,,,,,,,,,,,,,,,,Mo-Su 18:00-03:00,,,,,,,,,,,,,,,,,,,,,,,,,,,,,,,,,,,,,,,,,,,,,,,,,,,,,,,,,,,,,,,,,,,,,,,,,,,,,,,,,,,,,,,,,,,,,,,,,,,,,,,,,,,,,,,,,,,,,,,,,,,,,,,,,,,,,,,,,,
node/6757947785,node/6757947785,,Praha,,,,,61/116,,15000,Nádražní,,,,,,pub,,,,,,,,,,,,,,,,various,,,,,,,,,,,,,,,,,,,,https://www.facebook.com/beertime.pub,,,,,,,,,,,,,,,,,,,,,,,,,,yes,,,yes,,,,,,,,,,,info@beertime.pub,,,,,,,,,,,,,,,,no,,,,,,,,,,,,,,,,,,,,,,,,,,,,,,BEERTIME,,,Beertime,,,,,,,,,,,,,,,,,,,Mo-We 11:00-23:30; Su 12:00-22:00; Sa 12:00-23:30,,,,,,,yes,,,,,,,,,,yes,yes,,,,,,,,,,,,,,,,,,,,,,,,,,no,,,,+420 257 326 167,,,,,,,,,,,,,,,,,,,,,,,,,,,,,,alcohol,,,,,,,,outside,,,,,,,,,,,,,,,,,,,,,,,,,,,,,,,,,,,,,https://www.beertime.pub/,,,,,yes,,,,,,,,,,
node/6773092585,node/6773092585,,,,,,,,,,,,,,,,bar,,,,,,,,,,,,,,,,,,,,,,,,,,,,,,,,,,,,,,,,,,,,,,,,,,,,,,,,,,,,,,,,,,,,,,,,,,,,,,,,,,,,,,,,,,yes,,,,,,,,,,,,,,,,,,,,,,,,,,,,,,,,Shotgun,,,,,,,,,,,,,,,,,,,,,,Mo-Su 12:00-24:00,,,,,,,no,,,,,,,,,,,,,,,,,,,,,,,,,,,,,,,,,,,,,,,,,,,,,,,,,,,,,,,,,,,,,,,,,,,,,,,,,,,,,,,,,,,,,,,,,,,,,,,,,,,,,,,,,,,,,,,,,,,,,,,,,no,,,,,,,,,,
node/6793901153,node/6793901153,,Praha 5 - Zbraslav,,,,,6,,15600,Lipenecká,,,,,,pub,,,,,,,,,,,,,,,,yes;various,,,,,,,,,,,,,,,,,,,,,,,,,,,,,,,,,,,,,,,,,,,,,,,,,,,,,,,,,,,,,,,,,,,,,,,,,,,,,,,,,,,,,,,,,,,,,,,,,,,,,,,,,,U Bláhů,,,,,,,,,,,,,,,,,,,,,,Mo-Su 15:00-22:00,,,,,,,,,,,,,,,,,,,,,,,,,,,,,,,,,,,,,,,,,,,,,,,,,,,,,,,,,,,,,,,,,,,,,,,,,,,,,,,,,,,,,,,,,,,,,,,,,,,,,,,,,,,,,,,,,,,,,,,,,,,,,,,,,,,,,,,,,,
node/6814474087,node/6814474087,,,,,,,,,,,,,,,,pub,,,,,,,,,,,,,,,,,,,,,,,,,,,,,,,,,,,,,,,,,,,,,,,,,,,,,,,,,,,,,,,,,,,,,,,,,,,,,,,,,,,,,,,,,,yes,,,,,,,,,,,,,,,,,,,,,,,,,,,,,,,,Kantýna FC Háje,,,,,,,,,,,,,,,,,,,,,,,,,,,,,terrace,,,,,,,,,,,,,,,,,,,,,,,,,,,,,,,,,,,,,,,,,,,,,,,,,,,,,,,,,,,,,,,,,,,,,,,,,,,,,,,,,,,,,,,,,,,,,,,,,,,,,,,,,,,,,,,,,,,,,,,,,,,,,,,,,,,
node/6873628485,node/6873628485,,,,,,,,,,,,,,,,bar,,,,,,,,,,,,,,,,,,,,,,,,,,,,,,,,,,,,,,,,,,,,,,,,,,,,,,,,,,,,,,,,,,,,,,,,,,,,,,,,,,,,,,,,,,,,,,,,,,,,,,,,,,,,,,,,,,,,,,,,,,Maxim Bar,,,,,,,,,,,,,,,,,,,,,,,,,,,,,,,,,,,,,,,,,,,,,,,,,,,,,,,,,,,,,,,,,,,,,,,,,,,,,,,,,,,,,,,,,,,,,,,,,,,,,,,,,,,,,,,,,,,,,,,,,,,,,,,,,,,,,,,,,,,,,,,,,,,,,,,,,,,,,,,,
node/6873628585,node/6873628585,,,,,,,,,,,,,,,,bar,,,,,,,,,,,,,,,,,,,,,,,,,,,,,,,,,,,,,,,,,,,,,,,,,,,,,,,,,,,,,,,,,,,,,,,,,,,,,,,,,,,,,,,,,,,,,,,,,,,,,,,,,,,,,,,,,,,,,,,,,,Freemasons Pub,,,,,,,,,,,,,,,,,,,,,,,,,,,,,,,,,,,,,,,,,,,,,,,,,,,,,,,,,,,,,,,,,,,,,,,,,,,,,,,,,,,,,,,,,,,,,,,,,,,,,,,,,,,,,,,,,,,,,,,,,,,,,,,,,,,,,,,,,,,,,,,,,,,,,,,,,,,,,,,,
node/6873628586,node/6873628586,,,,,,,,,,,,,,,,bar,,,,,,,,,,,,,,,,,,,,,,,,,,,,,,,,,,,,,,,,,,,,,,,,,,,,,,,,,,,,,,,,,,,,,,,,,,,,,,,,,,,,,,,,,,,,,,,,,,,,,,,,,,,,,,,,,,,,,,,,,,Karlův Most,,,,,,,,,,,,,,,,,,,,,,,,,,,,,,,,,,,,,,,,,,,,,,,,,,,,,,,,,,,,,,,,,,,,,,,,,,,,,,,,,,,,,,,,,,,,,,,,,,,,,,,,,,,,,,,,,,,,,,,,,,,,,,,,,,,,,,,,,,,,,,,,,,,,,,limited,,,,,,,,,,
node/6876114285,node/6876114285,,,,,,,,,,,,,,,,bar,,,,,,,,,,,,,,,,,,,,,,,,,,,,,,,,,,,,,,,,,,,,,,,,,,,,,,,,,,,,,,,,,,,,,,,,,,,,,,,,,,,,,,,,,,,,,,,,,,,,,,,,,,,,,,,,,,,,,,,,,,Pivni Beer Bar,,,,,,,,,,,,,,,,,,,,,,Mo-Su 16:00-00:00; Mo-Fr 00:00-01:00,,,,,,,,,,,,,,,,,,,,,,,,,,,,,,,,,,,,,,,,,,,,,,,,,,,,,,,,,,,,,,,,,,,,,,,,,,,,,,,,,,,,,,,,,,,,,,,,,,,,,,,,,,,,,,,,,,,,,,,,,,,,,,,,,,,,,,,,,,
node/6924755785,node/6924755785,,,,,,,631/2,,19300,Libuňská,,,,,,restaurant,,,,,,,,,,,,,,,,,,,,,,,,,,2025-02-15,,,2025-02-15,,,,,,,,,,,,,,,,,,,,,,,,,,,,,,,,,,,,,,,,,,,,,,,restauracepocernak@gmail.com,,,,,,,,,,,,,,,,wlan,,,,,,,,,,,,,,,0,,,,,,,,,,,,,,,Pivovar Počerňák,,,Počerňák Brewery,,,,,,,,,,,,,,,,,,,Mo-Th 11:00-23:00; Fr-Sa 11:00-24:00; Su 11:00-22:00,,,,,,,,,,,,,,,,,,,,,,,,,,,,,,,,,,,,,,,,,,,yes,,,,,+420723409098,,,,,,,,,,,,,,,,,,,,,,,,,,,,,,,,,,,,,,,,,,,,,,,,,,,,,,,,,,,,,,,,,,,,,,,,,,,https://pivovarpocernak.cz/,,,,,,,,,,,,,,,
node/6925115285,node/6925115285,,,,,,,6,,11000,Havlíčkova,,,,,,bar,,,,,,,,,,,,,,,,,,,,,,,,,,,,,,,,,,,,,,,,,,,,,,,,,,,,,,,,,,,,,,,,,,,,,,,,,,,,,,,,,,,,,,,,,,,,,,,,,,,,,,,,,,,,,,,,,,,,,,,,,,Minirest,,,,,,,,,,,,,,,,,,,,,,Mo-Fr 15:00-24:00,,,,,,,,,,,,,,,,,,,,,,,,,,,,,,,,,,,,,,,,,,,,,,,,,,,,,,,,,,,,,,,,,,,,,,,,,,,,,,,,,,,,,,,,,,,,,,,,,,,,,,,,,,,,,,,,,,,,,,,,,,,,,,,,,,,,,,,,,,
node/6942536586,node/6942536586,,,,,,,17,,11800,Tržiště,,,,,,bar,,,,,,,,,,,,,,,,,,,,,,,,,,,,,,,,,,,,,,,,,,,,,,,,,,,,,,,,,,,,,,,,,,,,,,,,,,,,,,,,,,,,,,,,,,,,,,,,,,,,,,,,,,,,,,,,,,,,,,,,,,Národní banka vín,,,,,,,,,,,,,,,,,,,,,,Mo-Sa 14:00-22:00; Su 14:00-20:00,,,,,,,,,,,,,,,,,,,,,,,,,,,,,,,,,,,,,,,,,,,,,,,,+420606483087,,,,,,,,,,,,,,,,,,,,,,,,,,,,,,,,,,,,,,,,,,,,,,,,,,,,,,,,,,,,,,,,,,,,,,,,,,,,,,,,,,,,,,,,,,
node/7017141535,node/7017141535,,,,,,,,,,,,,,,,pub,,,,,,,,,,,,,,,,Březňák,,,,,,,,,,2025-03-18,,,,,,,,,,,,,,,,,,,,,,,,,,,,,,,,,,,,,,,,,,,,,,,,,,,,,,,,,,,,,,,,,,,,,,,,,,,,,,,,,,,,,,,,,,,,,,,,Vrtule,,,,,,,,,,,,,,,,,,,,,,Mo-Su 13:00-23:00,,,,,,,,,,,,,,,,,,,,,,,,,,,,,,,,,,,,,,,,,,,,,,,,,,,,,,,,,,,,,,,,,,,,,,,,,,,,,,,,,,,,,,,,,,,,,,,,,,,,,,,,,,,,,,,,,,,,,,,,,,,,,,,,,,,,,,,,,,
node/7042015085,node/7042015085,,,,,,,,,,,,,,,,pub,,,,,,,,,,,,,,,,,,,,,,,,,,,,,,,,,,,,,,,,,,,,,,,,,,,,,,,,,,,,,,,,,,,,,,,,,,,,,,,,,,,,,,,,,,,,wlan,,,,,,,,,,,,,,,,,,,,,,,,,,,,,,Restaurace Pivovar Řeporyje,,,,,,,,,,,,,,,,,,,,,,,,,,,,,,,,,,,,,,,,,,,,,,,,,,,,,,,,,,,,,,,,,,,,,,,,,,,,,,,,,,,,,,,,,,,,,,,,,,,,,,,,,,,,,,,,,,,,,,,,,,,,,,,,,,,,,,,,,,,,,,,,,,,,,,,,,,,,,,,,
node/7052894686,node/7052894686,,,,,,,168/19,,101 00,Donská,,,,,,bar,,,,,,,,,,,,,,,,,,,,,,,,,,2025-05-30,,,,,,,,,,,,,,,,,,,,,,,,,,,,,,,,,,,,,,,,,,,,,,,,,,cafebarpilotu@gmail.com,,,,,,,,,,,,,,,,,,,,,,,,,,,,,,,,,,,,,,,,,,,,,,Café Bar Pilotů,,,,,,,,,,,,,,,,,,,,,,Su-Th 18:00-01:00; Fr-Sa 18:00-02:00,,,,,,,,,,,,,,,,,,,,,,,,,,,,,,,,,,,,,,,,,,,,,,,,+420 739 765 694,,,,,,,,,,,,,,,,,,,,,,,,,,,,,,,,,,,,,,,,,http://www.cafebarpilotu.cz/,,,,,,,,,,,,,,,,,,,,,,,,,,,,,,,,,,,,,,,,,,,,,,,,,
node/7102061556,node/7102061556,,,,,,,,,,,,,,,,pub,,,,,,,,,,,,,,,,,,,,,,,,,,,,,,,,,,,,,,,,,,,,,,,,,,,,,,,,,,,,,,,,,,,,,,,,,,,,,,,,,,,,,,,,,,,,,,,,,,,,,,,,,,,,,,,,,,,,,,,,,,My People Bar,,,,,,,,,,,,,,,,,,,,,,,,,,,,,,,,,,,,,,,,,,,,,,,,,,,,,,,,,,,,,,,,,,,,,,,,,,,,,,,,,,,,,,,,,,,,,,,,,,,,,,,,,,,,,,,,,,,,,,,,,,,,,,,,,yes,,,,,,,,,,,,,,,,,,,,,,,,,,,,,,,
node/7102061558,node/7102061558,,,,,,,12,,11000,Michalská,,,,,,bar,,,,,,,,,,,,,,,,,,,,,,,,,,,,,,,,,,,,,,,,+420 608 280 069,,,,,,,,,,,,,,,,,,,,,,,,,,,,,,,,,,,,,,,,,,,,,,,,,,,,,,,,,,,,,,,,,,,,,,,,,,,,,,,,,,AnonymouS,,,,,,,,,,,,,,,,,,,,,,,,,,,,,,,,,,,,,,,,,,,,,,,,,,,,,,,,,,,,,,,,,,,,,,,,,,,,,,,,,,,,,,,,,,,,,,,,,,,,,,,,,,,,,,,,,,,,,,,,,,,,,,,,,,,,,,,,,,,,,,,,,,,,,,,,,,,,,,,,
node/7116196387,node/7116196387,,,,,,,,,,,,,,,,bar,,,,,,,,,,,,,,,,,,,,,,,,,,,,,,,,,,,,,,,,,,,,,,,,,,,,,,,,,,,,,,,,,,,,,,,,,,,,,,,,,,,,,,,,,,,,,,,,,,,,,,,,,,,,,,,,,,,,,,,,,,Bohemia Goose,,,,,,,,,,Хорошее пиво,,,,,,,,,,,,,,,,,,,,,,,,,,,,,,,,,,,,,,,,,,,,,,,,,,,,,,,,,,,,,,,,,,,,,,,,,,,,,,,,,,,,,,,,,,,,,,,,,,,,,,,,,,,,,,,,,,,,,,,,,,,,,,,,,,,,,,,,,,,,,,,,,,,,,,
node/7117550286,node/7117550286,,,,,,,241/4,,16000,Muchova,,,,,,,,,,,,,,,,,,,,,,,,,,,,,,,,,,,,,,,,,objednavky.basecamp@gmail.com,https://www.facebook.com/pivotekabasecamp,,https://www.instagram.com/pivotekabasecamp/,,+420 773 260 707,,https://pifko.info/,,,,,,,,,,,,,,,,,,,,,,,yes,,,,,,,,,,,,,,,,,,,,,,,,,,,,,,,,,,,,,,,,,,,,,,,,,,,,,,,,,Pivotéka Base Camp Store,,,,,,,,,,,,,,,,,,,,,,"Mo-Su 14:00-24:00; 2025 Sep 24-27,2025 Oct 13-20,2025 Nov 22-28, 2026 Jan 26-2026 Feb 14 off",,,,,Base Camp Store s.r.o.,,,,,,,,,,,,yes,yes,,,,,,,,,,,,,,,,,,,,,,,,,,,,,,,,,,,,,,,,,,,,,,,,,,,,,,,,,,,,alcohol,,,,,,,,,,,,,,,,,,,,,,,,,,,,,,,,,,,,,,,,,,,,,,,,,,no,,,,,,,,,,
node/7151700401,node/7151700401,,,,,,,,,,,,,,,,bar,,,,,,,,,,,,,,,,,,,,,,,,,,,,,,,,,,,,,,,,,,,,,,,,,,,,,,,,,,,,,,,,,,,,,,,,,,,,,,,,,,,,,,,,,,,,,,,,,,,,,,,,,,,,,,,,,,,,,,,,,,Yondu,,,,,,,,,,,,,,,,,,,,,,"Mo-Fr 16:00-24:00; Sa,Su 18:00-24:00",,,,,,,,,,,,,,,,,,,,,,no,,no,,,,,,,,,,,,,,,,,,,,,,,,,,,,,,,,,,,,,,,,,,,,,,,,,,,,,,,,,,,,,,,,,,,,,,,,,,,,,,,,,,,,,,,,,,,,,,,,,,,,,,,,,,,,,,,,,,
node/7151700900,node/7151700900,,,,,,,,,,,,,,,,pub,,,,,,,,,,,,,,,,,,,,,,,,,,,,,,,,,,,,,,,,,,,,,,,,,,,,,,,,,,,,,,,,,,,,,,,,,,,,,,,,,,,,,,,,,,,,,,,,,,,,,,,,,,,,,,,,,,,,,,,,,,Karlínská pivnice,,,,,,,,,,,,,,,,,,,,,,Mo-Su 15:00-01:00,,,,,,,,,,,,,,,,,,,,,,,,,,,,,,,,,,,,,,,,,,,,,,,,,,,,,,,,,,,,,,,,,,,,,,,,,,,,,,,,,,,,,,,,,,,,,,,,,,,,,,,,,,,,,,,,,,,,,,,,,,,,,,,,,,,,,,,,,,
node/7195715598,node/7195715598,,,,,,,,,,,,,,,,bar,,,,,,,,,,,,,,,,yes,,,,,,,,,,2026-06-04,,,,,,,,,,https://m.facebook.com/347393614711/,,,,,,,,,,,,,,,,,,,,,,,,,,,,,,,,,,,,,,,,usumecka@seznam.cz,,,,,,,,,,,,,,,,,,,,,,,,,,,,,,,,,,,,,,,,,,,,,,U Sumečka na půdě,,,,,,,,,,,,,,,,,,,,,,Mo-Fr 11:00-22:00; Sa 16:00-22:00; Su 11:00-22:00,,,,,,,,,,,,,,,,,,,,,,,,,,,,,,,,,,,,,,,,,,,,,,,,,,,,,,,,,,,,,,,,,,,,,,,,,,,,,,,,,,,,,,,,,,,,,,,,,,,,,,,,,,,,,,,,,,,,,,,,,,,,,,,,,,,,,,,,,,
node/7203075385,node/7203075385,,,,,,,,,,,,,,,,bar,,,,,,,,,,,,,,,,,,,,,,,,,,,,,,,,,,,,,,,,,,,,,,,,,,,,,,,,,,,,,,,,,,,,,,,,,,,,,,,,,,,,,,,,,,,,,,,,,,,,,,,,,,,,,,,,,,,,,,,,,,KoVadlina.U lázní,,,,,,,,,,,,,,,,,,,,,,Mo-Su 15:00-22:00,,,,,,,,,,,,,,,,,,,,,,,,,,,,,,,,,,,,,,,,,,,,,,,,,,,,,,,,,,,,,,,,,,,,,,,,,,,,,,,,,,,,,,,,,,,,,,,,,,,,,,,,,,,,,,,,,,,,,,,,,,,https://www.facebook.com/kovadlinaulazni/,,,,,,,,,,,,,,,
node/7260665585,node/7260665585,,,,,,,,,,,,,,,,bar,,,,,,,,,,,,,,,,,,,,,,,,,,,,,,,,,,,,,,,,,,,,,,,,,,,,,,,,,,,,,,,,,,,,,,,,,,,,,,,,,,,,,,,,,,,,,,,,,,,,,,,,,,,,,,,,,,,,,,,,,,,,,hangar,,,,,,,,,,,,,,,,,,,,,,,,,,,,,,,,,,,,,,,,,,,,,,,,,,,,,,,,,,,,,,,,,,,,,,,,,,,,,,,,,,,,,,,,,,,,,,,,,,,,,,,,,,,,,,,,,,,,,,,,,,,,,,,,,,,,,,,,,,,,,,,,,,,,,,,,,,,,,
node/7261369455,node/7261369455,,,,,,,177/11,,,Mahenova,,,,,,bar,,,,,,,,,,,,,,,,,,,,,,,,,,,,,,,,,,,,,,,,,,,,,,,,,,,,,,,,,,,,,,,,,,,,,,,,,,,,,,,,,,,,,,,,,,,,,,,,,,,,,,,,,,,,,,,,,,,,,,,,,,Paddy's bar,,,,,,,,,,,,,,,,,,,,,,,,,,,,,,,,,,,,,,,,,,,,,,,,,,,,,,,,,,,,,,,,,,,,,,,,,,,,,,,,,,,,,,,,,,,,,,,,,,,,,,,,,,,,,,,,,,,,,,,,,,,,,,,,,,,,,,,,,,,,,,,,,,,,,,,,,,,,,,,,
node/7266721697,node/7266721697,,,,,,,774/43,,,Bryksova,,,,,,bar,,,,,,,,,,,,,,,,,,,,,,,,,,,,,,,,,,,,,,,,,,,,,,,,,,,,,,,,,,,,,,,,,,,,,,,,,,,,,,,,,,,,,,,,,,,,,,,,,,,,,,,,,,,,,,,,,,,,,,,,,,Sýkorka,,,,,,,,,,,,,,,,,,,,,,,,,,,,,,,,,,,,,,,,,,,,,,,,,,,,,,,,,,,,,,,,,,,,,,,,,,,,,,,,,,,,,,,,,,,,,,,,,,,,,,,,,,,,,,,,,,,,,,,,,,,,,,,,,,,,,,,,,,,,,,,,,,,,,,,,,,,,,,,,
node/7298535386,node/7298535386,,,,,,,,,,,,,,,,bar,,,,,,,,,,,,,,,,,,,,,,,,,,,,,,,,,,,,,,,,,,,,,,,,,,,,,,,,,,,,,,,,,,,,,,,,,,,,,,,,,,,,,,,,,,,,,,,,,,,,,,,,,,,,,,,,,,,,,,,,,,,,,Absintherie,,,,,,,,,,,,,,,,,,,,,,,,,,,,,,,,,,,,,,,,,,,,,,,,,,,,,,,,,,,,,,,,,,,,,,,,,,,,,,,,,,,,,,,,,,,,,,,,,,,,,,,,,,,,,,,,,,,,,,,,,,,,,,,,,,,,,,,,,,,,,,,,,,,,,,,,,,,,,
node/7298535685,node/7298535685,,,,,,,,,,,,,,,,bar,,,,,,,,,,,,,,,,,,,,,,,,,,,,,,,,,,,,,,,,,,,,,,,,,,,,,,,,,,,,,,,,,,,,,,,,,,,,,,,,,,,,,,,,,,,,,,,,,,,,,,,,,,,,,,,,,,,,,,,,,,Wine Bar,,,Secret Garden Prague,,,,,,,,,,,,,,,,,,,,,,,,,,,,,,,,,,,,,,,,,,,,,,,,,,,,,,,,,,,,,,,,,,,,,,,,,,,,,,,,,,,,,,,,,,,,,,,,,,,,,,,,,,,,,,,,,,,,,,,,,,,,,,,,,,,,,,,,,,,,,,,,,,,,,,,,,,,,,
node/7323104785,node/7323104785,,,,,,,,,,,,,,,,bar,,,,,,,,,,,,,,,,,,,,,,,,,,,,,,,,,,,,,,,,,,,,,,,,,,,,,,,,,,,,,,,,,,,,,,,,,,,,,,,,,,,,,,,,,,no,,,,,,,,,,,,,,,,,,,,,,,,,,,,,,,,Interactive beer point,,,,,,,,,,,,,,,,,,,,,,,,,,,,,yes,,,,,,,,,,,,,,,,,,,,,,,,,,,,,,,,,,,,,,,,,,,,,,,,,,,,,,,,,,,,,,,,,,,,,,,,,,,,,,,,,,,,,,,,,,,,,,,,,,,,,,,,,,,,,,,,,,,,,,,,,limited,,,,,,,,,,
node/7373311501,node/7373311501,,,,,,,,,,,,,,,,,,,,,,,,yes,,,yes,,,,,,,,,,,yes,,,,,,,,2026-06-07,,,,,,,,,,,,,,,,,,,,,,,,,,,,,,,,,,,,,,,,,,,,,,,,,,,,,,,,,bus_stop,,,,,,,,,,,,,,,,,,,,,,yes,,,B,,,,,,,,,,Kbelský pivovar,,,,,,,,,,,,,,,,,,,,,,,,,,,,,,,,,,,,,,,,,,,,,,,,,,,,,,,,,,,,,,,,,,,,,,,,,,,,,platform,,,U4000Z2,,,,,,,,,,,,,,,,,,,yes,,,,,,,,,,,,,,,,,,,,,,,,,,yes,,,,,,,,,,,,,,,,,,,,,,,,,,,,,,,,,,,
node/7412701685,node/7412701685,,Praha,,,,,16,,110 00,Jungmannovo nám.,,,,,,biergarten,,,,,,,,,,,,,,,,,,,,,,,,,,,,,,,,,,,,,,,,,,,,,,,,,,,,,,,,,,,,,,,,,,,,,,,,,,,,,,,,,,,,,,,,,,,,,,,,,,,,,,,,,,,,,,,,,,,,,,,,,,U Pinkasů,,,,,,,,,,,,,,,,,,,,,,,,,,,,,,,,,,,,,,,,,,,,,,,,,,,,,,,,,,,,,,,,,,,,,,,,,,,,,,,,,,,,,,,,,,,,,,,,,,,,,,,,,,,,,,,,,,,,,,,,,,,,,,,,,,,,,,,,,,,,,,,,,http://www.upinkasu.cz/,,,,,,,,,,,,,,,
node/7549443685,node/7549443685,,,,,,,,,,,,,,,,bar,,,,,,,,,,,,,,,,,,,,,,,,,,,,,,,,,,,,,,,,,,,,,,,,,,,,,,,,,,,,,,,,,,,,,,,,,,,,,,,,,,,,,,,,,,,,,,,,,,,,,,,,,,,,,,,,,,,,,,,,,,Galerka pivní bar,,,,,,,,,,,,,,,,,,,,,,Mo-Fr 17:00-23:00,,,,,,,,,,,,,,,,,,,,,,,,,,,,,,,,,,,,,,,,,,,,,,,,,,,,,,,,,,,,,,,,,,,,,,,,,,,,,,,,,,,,,,,,,,,,,,,,,,,,,,,,,,,,,,,,,,,,,,,,,,,,,,,,,,,,,,,,,,
node/7627445986,node/7627445986,,,,,,,42/7,,120 00,Anglická,,,,,,bar,,,,,,,,,,,,,,,,,,,,,,,,,,,,,2026-05-13,,,,,,,,,,,,,,,,,,,,,,,,,,,,,,,,,,,,,,,,,,,,,,,,,,,,,,,,,,,,,,,,,,,,,,,,,,,,,,,,,,,,,,,,,,,,,Lavish Lounge,,,,,,,,,,,,,,,,,,,,,,We-Sa 19:00-02:00,,,,,,,,,,,,,,,,,,,,,,,,,,,,,,,,,,,,,,,,,,,,,,,,,,,,,,,,,,,,,,,,,,,,,,,,,,,,,,,,,,,,,,,,,,,,,,,,,,,,,,,,,,,,,,,,,,,,,,,,,,,https://lavish-lounge.cz/,,,,,,,,,,,,,,,
node/7658187546,node/7658187546,,Praha 5,90,,,,90/47,,150 00,Nádražní,47,,,,Kwak,bar,,,,,,,,,,,,,,,,,,,,,,,,,,,2024-01-19,,,,,,,,,,,,,,,,,,,,belgian,,,,,,,,,,,,,,,,,,,,,,,,,,,,,info@pauwelkwak.cz,,,,,,,,,,,,,,,,,,,,,,,,,,,,,,,,,,,,,,,,,,,,,,Pauwel Kwak Bierhuis,,,,,,,,,,,,,,,,,,,,,,Mo 16:00-24:00; Tu-Sa 15:00-01:00; Su 16:00-24:00,,,,,,,,,,,,,,,,,,,,,,yes,,yes,3rd party app Qerko required for bitcoin payment,,,,,,,,,,,,,,,no,,,,,,,,+420 722918815,,,,,,,,,,,,,,,,,,,,,,,,,,,,,,,,,,,,,,,,,,,,,,,,,,,,,,,,,,,,,,,,,,,,,,,,,,,https://www.pauwelkwak.cz/,,,,,no,,,,,,,,,,
node/7680187381,node/7680187381,,Praha,,,,,305,,15200,Do Klukovic,,,no,,,pub,,,,,,,,,,,,,,,,yes;Pivovar_Prokopák,,,,,,,,,,2025-05-24,,,,,,,,,,,,,,,,,,,,,regional,,,,,,,,,,,,,,,,,,,,,,,,,,,,,,,,,,,,,,,,,,,yes,,,,,,,,,,,,,,,,,,,,,,,,,,,yes,,,,,Pivovar Prokopák,,,,,,,,,,,,,,,,,,,,,,Mo-Su 11:00-21:30,,,,,,,yes,,,,,,,,,,,,,,,no,,no,,,,,,,,,,,,,,,,,,,,,,,,,,,,,,,,,,,,,,,,,,,,,,,,,,,,,,,,,,,,,,outside,,,survey,,,,,,,,,,,,,,,,,,yes,,,,,,,,,,,,,,,,,,,,,limited,,,,,,,,,,
node/7738959022,node/7738959022,,,,,,,813/31,,,Kamenická,,,,,,pub,,,,,,,,,,,,,,,,,,,,,,,,,,,,,,,,,,,,,,,,,,,,,,,,,,,,,,,,,,,,,,,,,,,,,,,,,,,,,,,,,,,,,,,,,,,,,,,,,,,,,,,,,,,,,,,,,,,,,,,,,,Na sekyrce,,,,,,,,,,,,,,,,,,,,,,Mo-Su 15:00-23:00,,,,,,,,,,,,,,,,,,,,,,,,,,,,,,,,,,,,,,,,,,,,,,,,,,,,,,,,,,,,,,,,,,,,,,,,,,,,,,,,,,,,,,,,,,,,,,,,,,,,,,,,,,,,,,,,,,,,,,,,,,,,,,,,,,,,,,,,,,
node/7809598187,node/7809598187,,Praha 1,,,,,133,,110 00,Mikulandská,,,,,,bar,,,,,,,,,,,,yes,,,,,,,,,,,,,,,,,,,,,,,,,,separe_mikulandska,,,,,,,,,wine,,,,,,,,,,,,,,,,,,,,,,,,yes,,,,,,,,,,,,,,,,,,,,,wlan,,,,,,,,,,,,,,,,,,,,,,,,,,,,,,separé,,,,,,,,,,,,,,,,,Bar Na Šikmé Ploše,,,,,Mo-Fr 17:00-00:00; Sa 17:00-00:00,,,,,,,,,,,,,,,,,,,,,,,,,,,,,,,,,,,,,,,,,,,,,,,,+420 722 339 488,,,,,,,,,,,,,,,,,,,,,,,,,,,,,,,,,,,,,,no,,,,,,,,,,,,,,,,,,,,,,,,,,,,,,,,,,,,,https://separe-mikulandska.cz,,,,,,,,,Q139498776,,,,,,
node/7833239785,node/7833239785,,,,,,,,,,,,,,,,bar,,,,,,,,,,,,,,,,,,,,,,,,,,,,,,,,,,,,,,,,,,,,,,,,,,,,,,,,,,,,,,,,,,,,,,,,,,,,,,,,,,,,,,,,,,,,,,,,,,,,,,,,,,,,,,,,,,,,,,,,,,,,,,,,,,,,,,,,,,,,,,,,Mo-Su 11:00-20:00,,,,,,,,,,,,,,,,,,,,,,,,,,,,,,,,,,,,,,,,,,,,,,,,,,,,,,,,,,,,,,,,,,,,,,,,,,,,,,,,,,,,,,,,,,,,,,,,,,,,,,,,,,,,,,,,,,,,,,,,,,,,,,,,,,,,,,,,,,
node/7835629785,node/7835629785,,,,,,,,,,,,,,,,bar,,,,,,,,,,,,,,,,,,,,,,,,,,,,,,,,,,,,,,,,,,,,,,,,,,,,,,,,,,,,,,,,,,,,,,,,,,,,,,,,,,,,,,,,,,,,,,,,,,,,,,,,,,,,,,,,,,,,,,,,,,Screenshot,,,,,,,,,,,,,,,,,,,,,,,,,,,,,,,,,,,,,,,,,,,,,,,,,,,,,,,,,,,,,,,,,,,,,,,,,,,,,,,,,,,,,,,,,,,,,,,,,,,,,,,,,,,,,,,,,,,,,,,,,,,,,,,,,,,,,,,,,,,,,,,,,,,,,,,,,,,,,,,,
node/7876665285,node/7876665285,,,,,,,8,,120 00,Masarykovo nábřeží,,,,,,bar,,,,,,,,,,,,,,,,,,,,,,,,,,2025-06-01,,,,,,,,,,,,,,,,,,,,,,,,,,,,,,,,,,,,,,,,,,,,,,,,,,,,,,,,,,,,,,,,,,,,,,,,,,,,,,,,,,,,,,,,,,,,,,,,Wine Not,,,,,,,,,,,,,,,,,,,,,,Mo-Su 15:00-01:00,,,,,,,,,,,,,,,,,,,,,,,,,,,,,,,,,,,,,,,,,,,,,,,,,,,,,,,,,,,,,,,,,,,,,,,,,,,,,,,,,,,,,,,,,,,,,,,,,,,,,,,,,,,,,,,,,,,,,,,,,,,,,,,,,,,,,,,,,,
node/7981930421,node/7981930421,,Praha,,,,,5,,150 00,Újezd,,,,,,bar,,,,,,,,,,,,,,,,,,,,,,,,,,,,,,,,,,,,,,,,,,,,,,,,,,,,,,,,,,,,,,,,,,,,,,,,,,,,,,,,,,,,,,,,,,,,,,,,,,,,,,,,,,,,,,,,,,,,,,,,,,Nightmare Horror Bar,,,,,,,,,,,,,,,,,,,,,,,,,,,,,,,,,,,,,,,,,,,,,,,,,,,,,,,,,,,,,,,,,,,,,,,,,,,,,,,,,,,,,,,,,,,,,,,,,,,,,,,,,,,,,,,,,,,,,,,,,,,,,,,,,,,,,,,,,,,,,,,,,,,,,,,,,,,,,,,,
node/8001057545,node/8001057545,,,,,,,,,,,,,,,,pub,,,,,,,,,,,,,,,,,,,,,,,,,,,,,,,,,,,,,,,,,,,,,,,,,,,,,,,,,,,,,,,,,,,,,,,,,,,,,,,,,,,,,,,,,,yes,,,,,,,,,,,,,,,,,,,,,,,,,,,,,,,,U Kačera,,,,,,,,,,,,,,,,,,,,,,,,,,,,,no,,,,,,,,,,,,,,,,,,,,,,,,,,,,,,,,,,,,,,,,,,,,,,,,,,,,,,,,,,,,,,,,,,,,,,,,,,,,,,,,,,,,,,,,,,,,,,,,,,,,,,,,,,,,,,,,,,,,,,,,,,,,,,,,,,,
node/8010318244,node/8010318244,,Praha 5,,,,,329/2,,15800,Walterovo náměstí,,,,,,restaurant,,,,,,,,,,,,,,,,,,,,,,,150,,,,2024-06-02,,,,,,,,,,,,,,,,,,,,regional,,,,,,,,,,,,,,,,,,,,,,,,,,,,,sales@turnovskapivnice.cz,,,,,,,,,,,,,,,,,,,,,,,,,,,,,,,,,,,,,,,,,,,,,,Turnovská pivnice Waltrovka,,,,,,,,,,,,,,,,,,,,,,Mo-Fr 11:00-23:00; Sa 12:00-23:00; Su 12:00-22:00; PH 12:00-22:00,,,,,,,yes,,,,,,,,,,,,,,,,,,,,,,,,,,,,,,,,,,,,,,,,,+420 273 130 776,,,,,,,,,,,,,,,,,,,,,,,,,,,,,,,,,,,,,,,,,,,,,,,,,,,,,,,,,,,,,,,,,,,,,,,,,,,https://turnovskapivnice.cz/nase-podniky/waltrovka#denni-menu,,,,https://turnovskapivnice.cz/nase-podniky/waltrovka#denni-menu,,,,,,,,,,,
node/8044105212,node/8044105212,,,,,,,,,,,,,,,,bar,,,,,,,,,,,,,,,,yes,,,,,,,,,,,,,,,,,,,,,,,,,,,,,,,,,,,,,,,,,,,,,,,,,,,,,,,,,,,,,,,,,,,,,,,,,,,,,,,,,,,,,,,,,,,,,,,,,,,,,,,,,,Balabuška,,,,,,,,,,,,,,,,,,,,,,,,,,,,,,,,,,,,,,,,,,,,,,,,,,,,,,,,,,,,,,,,,,,,,,,,,,,,,,,,,,,,,,,,,,,,,,,,,,,,,,,,,,,,,,,,,,,,,,,,,,,,,,,,,,,,,,,,,,,,,,,,,,,,,,,,,,,,,,,,
node/8048970750,node/8048970750,,,,,,,,,,,,,,,,bar,,,,,,,,,,,,,,,,,,,,,,,,,,,,,,,,,,,,,,,,,,,,,,,,,,,,,,,,,,,,,,,,,,,,,,,,,,,,,,,,,,,,,,,,,,,,,,,,,,,,,,,,,,,,,,,,,,,,,,,,,,Sport Bar U Broučka,,,,,,,,,,,,,,,,,,,,,,,,,,,,,,,,,,,,,,,,,,,,,,,,,,,,,,,,,,,,,,,,,,,,,,+420606486806,,,,,,,,,,,,,,,,,,,,,,,,,,,,,,,,,,,,,,,,,,,,,,,,,,,,,,,,,,,,,,,,,,,,,,,,,,,https://www.bar-ubroucka.cz/,,,,,,,,,,,,,,,
node/8051798674,node/8051798674,,,,,,,,,,,,,,,,bar,,,,,,,,,,,,,,,,,,,,,,,,,,,,,,,,,,,,,,,,,,,,,,,,,,,,,,,,,,,,,,,,,,,,,,,,,,,,,,,,,,,,,,,,,,,,,,,,,,,,,,,,,,,,,,,,,,,,,,,,,,Club U Vitamína,,,,,,,,,,,,,,,,,,,,,,,,,,,,,,,,,,,,,,,,,,,,,,,,,,,,,,,,,,,,,,,,,,,,,,,,,,,,,,,,,,,,,,,,,,,,,,,,,,,,,,,,,,,,,,,,,,,,,,,,,,,,,,,,,,,,,,,,,,,,,,,,,,,,,,,,,,,,,,,,
node/8093765177,node/8093765177,,Praha,,,,,2450/1,,10000,Mrštíkova,,,,,,pub,,,,,,,,,,,,,,,,yes;various,,,,,,,,,,2024-03-04,,,,,,,,,,https://www.facebook.com/people/mal%C3%BD-pivo/61550737590859/,,,,,,,,,,,,,,,,,,,,,,,,,,,,,yes,,,,,,,,,,,malypivo2450@gmail.com,,,,,,,,,,,,,,,,,,,,,,,,,,,,,,,0,,,,,,,,,,,,,+420 603 547 624,,malý pivo,,,,,,,,,,,,,,,,,,,,,,16:00-23:00,,,,,,,,,,,,,,,,,,,,,,,,,,,,,,,,,,,,,,,,,,,,,,,,,,,,,,,,,,,,,,,,,,,,,,,,,,,,,,alcohol,,,,,,,,no,,,survey,,,,,,,,,,,,,,,,,,,,,,,,,,,,,,,,,,https://malypivo.cz/,,,,,,,,,,,,,,,
node/8117100290,node/8117100290,,,,,,,,,,,,,,,,pub,,,,,,,,,,,,,,,,,,,,,,,,,,,,,,,,,,,,,,,,,,,,,,,,,,,,,,,,,,,,,,,,,,,,,,,,,,,,,,,,,,,,,,,,,,,,,,,,,,,,,,,,,,,,,,,,,,,,,,,,,,Bamboo,,,,,,,,,,,,,,,,,,,,,,,,,,,,,,,,,,,,,,,,,,,,,,,,,,,,,,,,,,,,,,,,,,,,,,,,,,,,,,,,,,,,,,,,,,,,,,,,,,,,,,,,,,,,,,,,,,,,,,,,,,,,,,,,,,,,,,,,,,,,,,,,,,,,,,,,,,,,,,,,
node/8157899798,node/8157899798,,,,,,,,,,,,,,,,,,,,,,,,yes,,,yes,,,,,,,,,,,yes,,,,,,,,,,,,,,,,,,,,,,,,,,,,,,,,,,,,,,,,,,,,,,,,,,,,,,,,,,,,,,,,,bus_stop,,,,,,,,,,,,,,,,,,,,,,yes,,,C,,,,,,,,,,Kbelský pivovar,,,,,,,,,,,,,,,,,,,,,,,,,,,,,,,,,,,,,,,,,,,,,,,,,,,,,,,,,,,,,,,,,,,,,,,,,,,,,platform,,,U4000Z3P,,,,,,,,,,,,,,,,,,,no,,,,,,,,,,,,,,,,,,,,,,,,,,yes,,,,,,,,,,,,,,,,,,,,,,,,,,,,,,,,,,,
node/8355558330,node/8355558330,,,,,,,,,,,,,,,,pub,,,,,,,,,,,,,,,,,,,,,,,,,,,,,,,,,,,,,,,,,,,,,,,,,,,,,,,,,,,,,,,,,,,,,,,,,,,,,,,,,,,,,,,,,,,,,,,,,,,,,,,,,,,,,,,,,,,,,,,,,,Hospoda 213,,,,,,,,,,,,,,,,,,,,,,,,,,,,,,,,,,,,,,,,,,,,,,,,,,,,,,,,,,,,,,,,,,,,,,,,,,,,,,,,,,,,,,,,,,,,,,,,,,,,,,,,,,,,,,,,,,,,,,,,,,,,,,,,,,,,,,,,,,,,,,,,,,,,,,,,,,,,,,,,
node/8435282597,node/8435282597,,,,,,,,,,,,,,,,,,,,,,,,,,,,,nature,,,,,,,,,,,,,,,,,,,,,,,,,,,,,,,,,,,,,,,,,,,,,,,,,,,,,,,,,,,,,,,,,,,,,,,,,,,,,,board,,,,,,,,,,,,,,,,,,,,,,,,,,,,,,,Pivovarský rybník,,,,,,,,,,,,,,,,,,,,,,,,,,,,,,,,,,,,,,,,,,,,,,,,,,,,,,,,,,,,,,,,,,,,,,,,,,,,,,,,,,,,,,,,,,,,,,,,,,,,,,,,,,,,,,,,,,,,,,,,,,,,,,,,,,,,,,,,,,information,,,,,,,,,,,,,,,,,,,,,,
node/8441299137,node/8441299137,,Praha 9,,,,,923,,19000,Kolbenova,,,,,,pub,,,,,,,,,,,,,,,,budvar;maisel's._weisse,,,,,,,,,,,,,,,,,,,,,,,,,,,,,,,burger;hot_dog,,,,,,,,,,,,,,,,,,,,,,,,,,,,,robek.pavel@seznam.cz,,,,,,,,,,,,,,,,,,,,,,,,,,,,,,,,,,,,,,,,,,,,,,Permanent Pragovka,,,,,,,,,,,,,,,,,,,,,,,"Mo-Fr 17:00-22:00,Sa-Su 15:00-22:00",,,,,,yes,,,,,,,,,,,yes,,yes,,,,yes,,,,,,,,,,,,,,,,,,,,,,,,+420602366306,,,,,,,,,,,,,,,,,,,,,,,,,,,,,,,,,,,,,,yes,,,,,,,,,,,,,,,,,,,,,,,,,,,,,,,,,,,,,https://www.pbfest.cz/permanent,,,,,,,,,,,,,,,
node/8518947875,node/8518947875,,,,,,,,,,,,,,,,biergarten,,,,,,,,,,,,,,,,,,,,,,,,,,,,,,,,,,,,,,,,,,,,,,,,,,,,,,,,,,,,,,,,,,,,,,,,,,,,,,,,,,,,,,,,,,,,,,,,,,,,,,,,,,,,,,,,,,,,,,,,,,,,,,,,,,,,,,,,,,,,,,,,,,,,,,,yes,,,,,,,,,,,,,,,,,,,,,,,,,,,,,,,,,,,,,,,,,,,,,,,,,,,,,,,,,,,,,,,,,,,,,,,,,,,,,,,,,,,,,,,,,,,,,,,,,,,,,,,,,,,,,,,,,,,,,,,,,,,,,,,,,,,
node/8528463062,node/8528463062,,,,,,,438/7,,19000,Kolbenova,,,,,,,,,,,,,,,,,,,,,,,,,,,,,,,,,,,,,,,,,,,,,,,,,,,brewery,,,,,,,,,,,,,,,,,,,,,,,,,,,,,,,info@sibeeria.cz,,,,,,,,,,,,,,,,,,,,,,,,,,,,,,,,,,,,,,,,,,,,,,Siberia,Sibeeria,,Sibeeria,,,,,,,,,,,,,,,,,,,Mo-Fr 10:00-17:00,,,,,,,,,,,,,,,,,,,,,,,,,,,,,,,,,,,,,,,,,,,,,,,,+420 773 338 177,,,,,,,,,,,,,,,,,,,,,,,,,,,,,,,,,,,,,,,,,,,,,,,,,,,,,,,,,,,,,,,,,,,,,,,,,,,https://sibeeria.cz,,,,,,,,,,,,,,,
node/8592995272,node/8592995272,,,,,,,538/11,,,Štěpánská,,,,,,pub,,,,,,,,,,,,,,,,,,,,,,,,,,2024-01-03,,,,,,,,,,,,,,,,,,,,,,,,,,"Sports, Barbecue, Beer, Cocktails",,,,,,,,,,,,,,,,,,,,,,,,,,,,,,,,,,,,,,,,,,,,,,,,,,,,,,,,,,,,,,,,,,,,,,Gossip Bar,,,,,,,,,,,,,,,,,,,,,,"PH,Mo-Su 15:00-23:00",,,,,,,,,,,,,,,,,,,,,,,,,,,,,,,,,,,,,,,,,,,,,,,,+420773685510,,,,,,,,,,,,,,,,,,,,,,,,,,,,,,,,,,,,,,,,,,,,,,,,,,,,,,,,,,,,,,,,,,,,,,,,,,,https://www.gossipbar.cz/,,,,,,,,,,,,,,,
node/8705904617,node/8705904617,,,,,,,,,,,,,,,,bar,,,,,,,,,,,,,,,,,,,,,,,,,,,,,,,,,,,,,,,,,,,,,,,regional;sausage,,,,,,,,,,,,,,,,,,,,,,,,,,,,,,,,,,,,,,,,,,,,,,,,,,,,,,,,,,,,,,,,,,,,,,,,,,,Dílna,,,,,,,,,,,,,,,,,,,,,,Mo-Su 14:00-22:00,,,,,,,,,,,,,,,,,,,,,,,,,,,,,,,,,,,,,,,,,,,,,,,,,,,,,,,,,,,,,,,,,,,,,,,,,,,,,,,,,,,,,,,,,,,,,,,,,,,,,,,,,,,,,,,,,,,,,,,,,,,,,,,,,,,,,,,,,,
node/8708648316,node/8708648316,,Praha,,,,,1464/188,,18000,Sokolovská,,,,,,,,,,,,,,,,,,,,,,,,,,,,,,,,,,,2023-12-09,,,,,,,,,,,,,,,,,,,,,,,,,,,,,,,,,,,,,,,,,,,,,,,,,,,,,,,,,,,,,,,,,,,,,,,,,,,,,,,,,,,,,,,,,,,,,Beershop.cz,,,,,,,,,,,,,,,,,,,,,,"Mo-Fr 10:00-19:00, Sa 10:00-16:00",,,,,,,,,,,,,,,,,,,,,,yes,,yes,,,,,,,,,,,,,,,,,,,,,,,,+420 607 056 512,,,,,,,,,,,,,,,,,,,,,,,,,,,,,,alcohol,,,,,,,,,,,,,,,,,,,,,,,,,,,,,,,,,,,,,,,,,,,,,https://www.beershop.cz/,,,,,,,,,,,,,,,
node/8767433186,node/8767433186,,,,,,,,,,,,,,,,pub,,,,,,,,,,,,,,,,,,,,,,,,,,,,,,,,,,,,,,,,,,,,,,,,,,,,,,,,,,,,,,,,,,,,,,,,,,,,,,,,,,,,,,,,,,,,,,,,,,,,,,,,,,,,,,,,,,,,,,,,,,Zetko pub,,,,,,,,,,,,,,,,,,,,,,,,,,,,,,,,,,,,,,,,,,,,,,,,,,,,,,,,,,,,,,,,,,,,,,,,,,,,,,,,,,,,,,,,,,,,,,,,,,,,,,,,,,,,,,,,,,,,,,,,,,,,,,,,,,,,,,,,,,,,,,,,,,,,,,,,,,,,,,,,
node/8828045864,node/8828045864,,,,,,,,,,,,,,,,pub,,,,,,,,,,,,,,,,various,,,,,,,,,,,,,,,,,,,,,,,,,,,,,,,,,,,,,,,,,,,,,,,,,,,,,,,,,,,,,,,,,,,,,,,,,,,,,,,,,,,,,,,,,,,,,,,,,,,,,,,,,,,,,,,,,,,,,,,,,,,,,,,,,,,,,,,yes,,,,,,,,,,,,,,,,,,,,,,,,,,,,,,,,,,,,,,,,,,,,,,,,,,,,,,,,,,,,,,,,,,,,,,,,,,,,,,,,,,,,,,,,,,,,,,,,,,,,,,,,,,,,,,,,,,,,,,,,,,,,,,,,,,,
node/8873226485,node/8873226485,,,,,,,,,,,,,,,,,,,,,,,,,,,,,history,,,,,,,,,,,,,,,,,,,,,,,,,,,,,,,,,,,,,,,NS Dolní Počernice,,,,,,,,,,,,,,,,,,,,,,,,,,,,,,,,,,,,,,,board,,,,,,,,,,,,,,,,,,,,,,,,,,,,,,,Bývalý pivovar - kulturní památka,,,,,,,,,,,,,,,,,,12,,,,,,,,,,,,,,,,,,,,,,,,,,,,,,,,,,,,,,,,,,,,,,,,,,,,,,,,,,,,,13,,,,,,,,,,,,,,,,,,,,,,,,,,,,,,,,,,,,,,,,,,,,,,,,,,,,,,,,,,,information,,,,,,,,,,,,,,,,,,,,,,
node/8873226491,node/8873226491,,,,,,,,,,,,,,,,,,,,,,,,,,,,,,,,,,,,,,,,,,,,,,,,,,,,,,,,,,,,,,,,,,,,NS Dolní Počernice,,,,,,,,,,,,,,,,,,,,,,,,,,,,,,,,,,,,,,,board,,,,,,,,,,,,,,,,,,,,,,,,,,,,,,,Kulturní centrum pivovar,,,,,,,,,,,,,,,,,,17,,,,,,,,,,,,,,,,,,,,,,,,,,,,,,,,,,,,,,,,,,,,,,,,,,,,,,,,,,,,,15,,,,,,,,,,,,,,,,,,,,,,,,,,,,,,,,,,,,,,,,,,,,,,,,,,,,,,,,,,,information,,,,,,,,,,,,,,,,,,,,,,
node/8893041924,node/8893041924,,,,,,,,,,,,,,,Kobka Šestka,bar,,,,,,,,,,,,,,,,Rychtář,,,,,,,,,,,,,,,,,,,,,,,,,,,,,,,,,,,,,,,,,,,,,,,,,,,,,,,,,,,,,,,,,,,,,,,,,,,,,,,,,,,,,,,,,,,,,,,,,,,,,,,,,,Kobka 6,,,,,,,,,,,,,,,,,,,,,,,,,,,,,yes,,,,,,,,,,,,,yes,yes,,,,,,,,,,,,,yes,,,,,yes,,,,,,yes,yes,,,,,,,,,,,,,,,,,,,,,,,,,,,,,,,,,,,,,,,,outside,,,,,,,,,,,,,,,,,,,,,,,,,,,,,,,,,,,,,,,,,,,,,,,,,,,,
node/8893041925,node/8893041925,,,,,,,,,,,,,,,,bar,,,,,,,,,,,,,,,,Únětice,,,,,,,,,,,,,,,,,,,,,,,,,,,,,,,,,,,,,,,,,,,,,,,,,,,,,,,,,,,,,,,,,,,,,,,,,,,,,,,,,,,,,,,,,,,,,,,,,,,,,,,,,,BIKE7,,,,,,,,,,,,,,,,,,,,,,,,,,,,,yes,,,,,,,,,,,,,,,,,,,,,,,,,,,,,,,,,,,,,,,,,,,,,,,,,,,,,,,,,,,,,,,,,,,,,,,,,,,,,,,,,,,,,,,,,,,,,,,,,,,,,,,,,,,,,,,,,,,,,,,,,,,,,,,,,,,
node/8904727694,node/8904727694,,,,,,,,,,,,,,,,bar,,,,,,,,,,,,,,,,,,,,,,,,,,,,,,,,,,,,2decivinohrady,,2deci_vinohrady,,,,,,,,,,,,,,,,,,,,,,,,,,,,,,,,,,,,,,2decivinohrady@bonmedia.cz,,,,,,,,,,,,,,,,,,,,,,,,,,,,,,,,,,,,,,,,,,,,,,2 deci,,,,,,,,,,,,,,,,,,,,,,Mo-Su 16:00-23:00,,,,,,,,,,,,,,,,,,,,,,,,,,,,,,,,,,,,,,,,,,,,,,,,+420 602 664 302,,,,,,,,,,,,,,,,,,,,,,,,,,,,,,wine,,,,,,,,,,,,,,,,,,,,,,,,,,,,,,,,,,,,,,,,,,,,,https://2decivinohrady.cz/,,,,,,,,,,,,,,,
node/8918354053,node/8918354053,,,,,,,,,,,,,,,,biergarten,,,,,,,,,,,,,,,,,,,,,,,,,,,,,,,,,,,,,,,,,,,,,,,,,,,,,,,,,,,,,,,,,,,,,,,,,,,,,,,,,,,,,,,,,,,,,,,,,,,,,,,,,,,,,,,,,,,,,,,,,,Kristian Marco riverside cafe,,,,,,,,,,,,,,,,,,,,,,,,,,,,,,,,,,,,,,,,,,,,,,,,,,,,,,,,,,,,,,,,,,,,,,,,,,,,,,,,,,,,,,,,,,,,,,,,,,,,,,,,,,,,,,,,,,,,,,,,,,,,,,,,,,,,,,,,,,,,,,,,,,,,,,,,,,,,,,,,
node/8958069887,node/8958069887,,Praha,,,,,1033/18,,15200,Voskovcova,,,,,,bar,,,,,,,,,,,,,,,,yes,,,,,,,,,,,,,,,,,,,,,,,,,,,,,,,,,,,,,,,,,,,,,,,,,,,,,,,,,,,,,,,,,,,,,,,,,,,,,,,,,,,,,,,,,,,,,,,,,,,,,,,,,,Club bar Korlin,,,,,,,,,,,,,,Entrance from Trnkova námesti,,,,,,,,,,,,,,,,,,,,,,,,,,,,,,,,,,,,,,,,,,,,,,,,,,,,,,,,,,,,,,,,,,,,,,,,,,,,,,,,,,,,,,,,,,,,,,,,,,,,,,,,,,,,,,,,,,,,,,,,,,,,,,,,,,,https://clubbarkorlin.cz,,,,,,,,,,,,,,,
node/8999622617,node/8999622617,,,,,,,,,,,,,,,,pub,,,,,,,,,,,,,,,,,,,,,,,,,,,,,,,,,,,,,,,,,,,,,,,,,,,,,,,,,,,,,,,,,,,,,,,,,,,,,,,,,,,,,,,,,,,,,,,,,,,,,,,,,,,,,,,,,,,,,,,,,,,,,,,,,,,,,,,,,,,,,,,,,,,,,,,,,,,,,,,,,,,,,,,,,,,,,,,,,,,,,,,,,,,,,,,,,,,,,,,,,,,,,,,,,,,,,,,,,,,,,,,,,,,,,,,,,,,,,,,,,,,,,,,,,,,,,,,,,,,,,,,,,,,,,,,,,,,,,,,,,,
node/8999622717,node/8999622717,,,,,,,,,,,,,,,,bar,,,,,,,,,,,,,,,,,,,,,,,,,,,,,,,,,,,,,,,,,,,,,,,,,,,,,,,,,,,,,,,,,,,,,,,,,,,,,,,,,,,,,,,,,,,,,,,,,,,,,,,,,,,,,,,,,,,,,,,,,,,,,,,,,,,,,,,,,,,,,,,,,,,,,,,,,,,,,,,,,,,,,,,,,,,,,,,,,,,,,,,,,,,,,,,,,,,,,,,,,,,,,,,,,,,,,,,,,,,,,,,,,,,,,,,,,,,,,,,,,,,,,,,,,,,,,,,,,,,,,,,,,,,,,,,,,,,,,,,,,,
node/9008695949,node/9008695949,,Praha 9,,,,,12,,19000,Freyova,,,no,,,restaurant,,,,yes,,,,,,,,,,,,yes,,,,,,,,,,,,,,,,,,,,,,,,,,,,,,,regional;chicken;international,,,,yes,,,,,,,,,,,,,,,,,,,,,,,,,,,,,,,,,,,,,,,,,,,,,,,,,,,,,,,,,,,,,,,,,,,,,,,Hospoda V parku,,,,,,,,,,,,,,,,,,,,,,,Mo-Fr 10:30-22:00,,,,,,yes,,,,,,,,,,,,,,,,,,,,,,,,,,,,,,,,,,,,,,,,,+420777308348,,,,,,,,,,,,,,,,,,,,,,,,,,,,,,,,,,,,,,,,,,,,,,,,,,,,,,,,yes,,,,,,,,,,,,,,,,,,,https://praha9vparku.cz,,,,,yes,,,,,,,,,,
node/9014334129,node/9014334129,,,,,,,,,,,,,,,,bar,,,,,,,,,,,,,,,,,,,,,,,,,,,,,,,,,,,,,,,,,,,,,,,,,,,,,,,,,,,,,,,,,,,,,,,,,,,,,,,,,,,,,,,,,,,,,,,,,,,,,,,,,,,,,,,,,,,,,,,,,,Kayak,,,,,,,,,,,,,,,,,,,,,,,,,,,,,,,,,,,,,,,,,,,,,,,,,,,,,,,,,,,,,,,,,,,,,,,,,,,,,,,,,,,,,,,,,,,,,,,,,,,,,,,,,,,,,,,,,,,,,,,,,,,,,,,,,,,,,,,,,,,,,,,,,,,,,,,,,,,,,,,,
node/9043835804,node/9043835804,,,,,,,,,,,,,,,,bar,,,,,,,,,,,,,,,,,,,,,,,,,,,,,,,,,,,,,,,,,,,,,,,,,,,,,,,,,,,,,,,,,,,,,,,,,,,,,,,,,,,,,,,,,,,,,,,,,,,,,,,,,,,,,,,,,,,,,,,,,,Green Devil's Absinth bar,,,,,,,,,,,,,,,,,,,,,,Mo-Sa 12:00-01:00,,,,,,,,,,,,,,,,,,,,,,,,,,,,,,,,,,,,,,,,,,,,,,,,,,,,,,,,,,,,,,,,,,,,,,,,,,,,,,,,,,,,,,,,,,,,,,,,,,,,,2022-10-13,,,,,,,,,,,,,,,,,,,,,,,,,,,no,,,,,,,,,,
node/9062490616,node/9062490616,,,,,,,2136/126,,,Vinohradská,,,,,,bar,,,,,,,,,,,,,,,,,,,,,,,,,,2024-02-20,,,,,,,,,,,,,,,,,,,,,,,,,,,,,,,,,,,,,,,,,,,,,,,,,,,,,,,,,,,,,,,,,,,,,,,,,,,,,,,,,,,,,,,,,,,,,,,,Kopa Cafe Bar,,,,,,,,,,,,,,,,,,,,,,Mo-Fr 07:30-23:00; Sa 10:00-23:00; Su 10:00-22:00,,,,,,,,,,,,,,,,,,,,,,,,,,,,,,,,,,,,,,,,,,,,,,,,,,,,,,,,,,,,,,,,,,,,,,,,,,,,,,,,,,,,,,,,,,,,,,,,,,,,,,,,,,,,,,,,,,,,,,,,,,,,,,,,,,,,,,,,,,
node/9077204138,node/9077204138,,,,,,,,,,,,,,,,bar,,,,,,,,,,,,,,,,,,,,,,,,,,,,,,,,,,,,,,,,,,,,,,,,,,,,,,,,,,,,,,,,,,,,,,,,,,,,,,,,,,,,,,,,,,,,,,,,,,,,,,,,,,,,,,,,,,,,,,,,,,Art&Food Zoona,,,,,,,,,,,,,,,,,,,,,,,,,,,,,,,,,,,,,,,,,,,,,,,,,,,,,,,,,,,,,,,,,,,,,,,,,,,,,,,,,,,,,,,,,,,,,,,,,,,,,,,,,,,,,,,,,,,,,,,,,,,,,,,,,,,,,,,,,,,,,,,,,https://www.afzoona.cz/,,,,,,,,,,,,,,,
node/9095343859,node/9095343859,,,,,,,,,,,,,,,Devítka kobka;Kobka č. 9,bar,,,,,,,,,,,,,,,,yes;various,,,,,,,,,,,,,,,,,,,,,,,,,,,,,,,,,,,,,,,,,,,,,,,,,,,,,,,,,,,,,,,,,,,,,,,,,,,,,,,,,,,,,,,,,,,,,,,,,,,,,,,,,,9ítka,,,,,,,,,,,,,,,,,,,,,,14:00-22:00,,,,,,,yes,,,,,,,,,,,yes,,yes,,yes,,yes,,,,,,,,,,,,,,,,,,,,,,,,+420 774 324 357,,,,,,,,,,,,,,,,,,,,,,,,,,,,,,,,,,,,,,outside,,,,,,,,,,,,,,,,,,,,,,,,,,,,,,,,,,,,,,,,,,,,,,,,,,,,
node/9095343860,node/9095343860,,,,,,,,,,,,,,,Osmička kobka;Kobka č. 8,bar,,,,,,,,,,,,,,,,yes;various,,,,,,,,,,,,,,,,,,,,,,,,,,,,,,,,,,,,,,,,,,,,,,,,,,,,,,,,,,,,,,,,,,,,,,,,,,,,,,,,,,,,,,,,,,,,,,,,,,,,,,,,,,Ko8ka,,,,,,,,,,,,,,,,,,,,,,,,,,,,,yes,,,,,,,,,,,yes,,yes,,yes,,yes,,,,,,,,,,,,,,,,,,,,,,,,,,,,,,,,,,,,,,,,,,,,,,,,,,,,,,,,,,,,,,,,,,,,,,,,,,,,,,,,,,,,,,,,,,,,,,,,,,,,,,,,,,,,,,,,,,
node/9096950118,node/9096950118,,,,,,,,,,,,,,,,bar,,,,,,,,,,,,,,,,,,,,,,,,,,,,,,,,,,,,,,,,,,,,,,,,,,,,,,,,,,,,,,,,,,,,,,,,,,,,,,,,,,,,,,,,,,,,,,,,,,,,,,,,,,,,,,,,,,,,,,,,,,Vila Štvanice,,,,,,,,,,,,,,,,,,,,,,,,,,,,,,,,,,,,,,,,,,,,,,,,,,,,,,,,,,,,,,,,,,,,,,,,,,,,,,,,,,,,,,,,,,,,,,,,,,,,,,,,,,,,,,,,,,,,,,,,,,,,,,,,,,,,,,,,,,,,,,,,,,,,,,,,,,,,,,,,
node/9105102936,node/9105102936,,Praha 2,,,,,1781/64,,12000,Rašínovo nábřeží,,,,,,pub,,,,,,,,,,,,,,,,yes,,,,,,,,,,,,,,,,,,,,,,,,,,,,,,,,,,,,,,,,,,,,,,,,,,,,,,,,,,,,,,,,,,,,,,,,,,,,,,,,,,,,,,,,,,,,,,,,,,,,,,,,,,Pivní Přístav,,,,,,,,,,,,,,,,,,,,,,,,,,,,,,,,,,,,,,,,,,,,,,,,,,,,,,,,,,,,,,,,,,,,,,,,,,,,,,,,,,,,,,,,,,,,,,,,,,,,,,,,,,,,outside,,,,,,,,,,,,,,,,,,,,,,,,,,,,,,,,,,,,,https://www.pivnipristav.cz/,,,,,,,,,,,,,,,
node/9168967619,node/9168967619,,Praha,,,,,666/7,,11000,Navrátilova,,,,,,bar,,,,,,,,,,,,,,,,kozel;pilsener_urquell,,,,,,,,,,,,,,,,,,,,,,,,,,,,,,,,,,,,,,,,,,,,,,,,,,,,,,,,,,,,,,,,,,,,,,,,,,,,,,,,,,,,,,,,,,,-1,,,,,,,,,,,,,,,Bar 69,,,,,,,,,,,,,,,,,,,,,,,,,,,,,no,,,,,,,,,,,,,,,,,,,,,,,,,,,,,,,,,,,,,,,,,+420 736 780 795,,,,,,,,,,,,,,,,,,,,,,,,,,,,,,,,,,,,,,no,,,,,,,,,,,,,,,,,,,,,,,,,,,,,,,,,,,,,,,,,,,,,,,,,,,,
node/9174284761,node/9174284761,,Praha 8,,,,,890/125,,180 00,Sokolovská,,,,,,pub,,,,,,,,,,,,,,,,,,,,,,,,,,,,,,,,,,,,,,,,,,,,,,,,,,,,,,,,,,,,,,,,,,,,,,,,,,,,,,,,,,,,,,,,,,,,,,,,,,,,,,,,,,,,,,,,,,,,,,,,,,Bohemia boards &brews,,,,,,,,,,,,,,,,,,,,,,Mo-Fr 09:30-22:00; Sa 12:00-23:00; Su 16:00-22:00,,,,,,,,,,,,,,,,,,,,,,yes,,yes,,,,,,,,,,,,,,,,,,,,,,,,,,,,,,,,,,,,,,,,,,,,,,,,,,,,,,,,,,,,,,,,,,,,,,,,,,,,,,,,,,,,,,,,,,,,,,,,,,,,,,,,,,,,,,,,,,
node/9202253753,node/9202253753,,,,,,,,,,,,,,,,pub,,,,,,,,,,,,,,,,,,,,,,,,,,,,,,,,,,,,,,,,,,,,,,,,,,,,,,,,,,,,,,,,,,,,,,,,,,,,,,,,,,,,,,,,,,,,,,,,,,,,,,,,,,,,,,,,,,,,,,,,,,Nemám čas,,,,,,,,,,,,,,,,,,,,,,Mo-Su 11:00-23:00,,,,,,,,,,,,,,,,,,,,,,,,,,,,,,,,,,,,,,,,,,,,,,,,+420 723 036 784,,,,,,,,,,,,,,,,,,,,,,,,,,,,,,,,,,,,,,,,,,,,,,,,,,,,,,,,,,,,,,,,,,,,,,,,,,,https://www.facebook.com/tz456,,,,,,,,,,,,,,,
node/9241868817,node/9241868817,,,,,,,,,,,,,,,,bar,,,,,,,,,,,,,,,,,,,,,,,,,,,,,,,,,,,,,,,,,,,,,,,,,,,,Restaurant and bar,,,,,,,,,,,,,,,,,,,,,,,,,,,,,,,,,,,,,,yes,,,,,,,,,,,,,,,,,,,,yes,,,,,,,,,,,,The Irish Times Bar,,,,,,,,,,,,,,,,,,,,,,,,,,,,,yes,,,,,,,,,,,,,,,,,,,,,,,,,,,,,,,,,,,,,,,,,+420 778 017 088,,,,,,,,,,,,,,,,yes,,,,,,,,,,,,,,,Irish Bar,,,,,,,,,,,,,,,,,,,,,,,,,,irish,,,,,,,,,,,,,,,,,,https://irishtimesbar.cz,,,,,limited,,,,,,,,,,
node/9244635317,node/9244635317,,,,,,,,,,,,,,,,bar,,,,,,,,,,,,,,,,,,,,,,,,,,,,,,,,,,,,,,,,,,,,,,,,,,,,,,,,,,,,,,,,,,,,,,,,,,,,,,,,,,,,,,,,,,,,,,,,,,,,,,,,,,,,,,,,,,,,,,,,,,,,,,,,Double Trouble,,,,,,,,,,,,,,,,,,,,,,,,,,,,,,,,,,,,,,,,,,,,,,,,,,,,,,,,,,,,,,,,,,,,,,,,,,,,,,,,,,,,,,,,,,,,,,,,,,,,,,,,,,,,,,,,,,,,,,,,,,,,,,,,,,,,,,,,,,,,,,,,,,,,,,,,,,
node/9316250199,node/9316250199,,,,,,,,,,,,,,,,,,,,,,,,,,,,,,,,,,,,,,,,,,,,,,,,,,,,,,,,,,,,,,,,,,,,,,,,,,,,,,,,,,,,,,,,,,,,,,,,,,,,,,,,,,,,,,,,,,,,,,,,,,,,,,,,,,,,,,,,,,Výčepní pivo,,,,,,,,,,,,,,,,,,,,,,,,,,,,,,,,,,,,,,,,,,,,,,,,,,,,,,,,,,,,,,,,,,,,,,,,,,,,,,,,,,,,,,,,,,,,,,,,,,,,alcohol,,,,,,,,,,,,,,,,,,,,,,,,,,,,,,,,,,,,,,,,,,,,,,,,,,,,,,,,,,,,
node/9327643422,node/9327643422,,,,,,,,,,,,,,,,pub,,,,,,,,,,,,,,,,,,,,,,,,,,,,,,,,,,,,,,,,,,,,,,,,,,,,,,,,,,,,,,,,,,,,,,,,,,,,,,,,,,,,,,,,,,yes,,,,,,,,,,,,,,,,,,,,,,,,,,,,,,,,Hospůdka u Pařezu,,,,,,,,,,,,,,,,,,,,,,,,,,,,,yes,,,,,,,,,,,,,,,,,,,,,,,,,,,,,,,,,,,,,,,,,,,,,,,,,,,,,,,,,,,,,,,,,,,,,,,,,,,,,,,,,,,,,,,,,,,,,,,,,,,,,,,,,,,,,,,,,,,,,,,,,,,,,,,,,,,
node/9445331953,node/9445331953,,,,,,,,,,,,,,,,bar,,,,,,,,,,,,,,,,,,,,,,,,,,,,,2024-03-16,,,,,,,,,,,,,,,,,,,,,,,,,,,,,,,,,,,,,,,,,,,,,,,,,,,,,,,,,,,,,yes,,,,,,,,,,,,,,,,,,,,,,,,,,,,,,,,Asti,,,,,,,,,,,,,,,,,,,,,,,,,,no,,,no,,,,,,,,,,,,,,,,,,,,,,,,,,,,,,,,,,,,,,,,,,,,,,,,,,,,,,,,,,,,,,,,,,,,,,,,,,,,,,,,,,,,,,,,,,,,,,,,,,,,,,,,,,,,,,,,,,,,,,,,,,,,,,,,,,,
node/9493811517,node/9493811517,,,,,,,,,,,,,,,,bar,,,,,,,,,,,,,,,,,,,,,,,,,,,,,,,,,,,,,,,,,,,,,,,,,,,,,,,,,,,,,,,,,,,,,,,,,,,,,,,,,,,,,,,,,,,,,,,,,,,,,,,,,,,,,,,,,,,,,,,,,,Beyond the bar,,,,,,,,,,,,,,,,,,,,,,,,,,,,,,,,,,,,,,,,,,,,,,,,,,,,,,,,,,,,,,,,,,,,,,,,,,,,,,,,,,,,,,,,,,,,,,,,,,,,,,,,,,,,,,,,,,,,,,,,,,,,,,,,,,,,,,,,,,,,,,,,,,,,,,,,,,,,,,,,
node/9506643350,node/9506643350,,Praha,1031,CZ,,,1031/4,,11000,V Celnici,,,,,,pub,,,,,,,,,,,,,,,,,,,,,,,,,,,,,2023-05-11,,,,,,,,,,,,,,,,,,,,,,,,,,,,,,,,,,,,,,,,,,,,,,,,,,,,,,,,,,,,,,,,,,,,,,,,,,,,,,,,,,,,,,,,,,,,,Pult,,,,,,,,,,,,,,,,,,,,,,Mo-Su 15:00-01:00,,,,,,,,,,,,,,,,,,,,,,,,,,,,,,,,,,,,,,,,,,,,,,,,,,,,,,,,,,,,,,,,,,,,,,,,,,,,,,,,,,,,,,,,,,,,,,,,,,,,,,,,,,,,,,,,,,,,,,,,,,,https://www.pult.ambi.cz,,,,,,,,,,,,,,,
node/9537197574,node/9537197574,,Praha,,,,,1068/69,,13000,Bořivojova,,,,,,bar,,,,,,,,,,,,,,,,,,,,,,,,,,,,,,,,,,,,https://www.facebook.com/chocobamba/,,,,,,,,,,,,,,,,,,,,,,,,,,,,,,,,,,,,,,,,,,,,,,,,,,,,,,,,,,,,,,,,,,,,,,,,,,,,,,,,,,,,,,Chocobamba,,,,,,,,,,,,,,,,,,,,,,"Mo,Tu,Fr 13:00-22:00, We,Th 13:00-02:00, Sa,Su 14:00-22:00",,,,,,,,,,,,,,,,,,,,,,,,,,,,,,,,,,,,,,,,,,,,,,,,,,,,,,,,,,,,,,,,,,,,,,,,,,,,,,,,,,,,,,,,,,,,,,,,,,,,,,,,,,,,,,,,,,,,,,,,,,,,,,,,,,,,,,,,,,
node/9554849117,node/9554849117,,,,,,,,,,,,,,,,bar,,,,,,,,,,,,,,,,,,,,,,,,,,,,,,,,,,,,,,,,,,,,,,,,,,,,,,,,,,,,,,,,,,,,,,,,,,,,,,,,,,,,,,,,,,,,,,,,,,,,,,,,,,,,,,,,,,,,,,,,,,Hangar,,,,,,,,,,,,,,,,,,,,,,,,,,,,,,,,,,,,,,,,,,,,,,,,,,,,,,,,,,,,,,,,,,,,,,,,,,,,,,,,,,,,,,,,,,,,,,,,,,,,,,,,,,,,,,,,,,,,,,,,,,,,,,,,,,,,,,,,,,,,,,,,,https://hangarpraha.cz/,,,,,,,,,,,,,,,
node/9588140468,node/9588140468,,,,,,,,,,,,,,,,,,,,,,,,,,,,,,,,,,,,,,,,,,,,,,,,,,,,,,,,,,,,,,,,,,,,,,,,,,,,,,,,,yes,,,,,,yes,,,,,info@drinkandwine.cz,,,,,,,,,,,,,,,,,,,,,,,,,,,,,,,,,,,,,,,,,,,,+420 720 044 197,,Drink & Wine,,,,,,,,,,,,,,,,,,,,,,Mo-Fr 09:00-21:00; Sa 11:00-21:00; Su 11:00-20:00,,,,,,,,,,,,,,,,,,,,,,,,,,,,,,,,,,,,,,,,,,,,,,,,,Zásilkovna,yes,,,,,,,,,,,,,,,,,,,,,,,,,,,,alcohol,,,,,,,,,,,,,,,,,,,,,,,,,,,,,,,,,,,,,,,,,,,,,https://www.drinkandwine.cz/,,,,,,,,,,,,,,,
node/9592713962,node/9592713962,,,,,,,,,,,,,,,,,,,,,,,,,,,,,,,,,,,,,,,,,,,,,,,,,,,,,,,,,,,,,,,,,,,,,,,,,,,,,,,,,,,,,,,,,,,,,,,,,,,,,,,,,,,,,,,,,,,,,,,,,,,,,,,,,,,,,,,,,,Primawine shop,,,,,,,,,,,,,,,,,,,,,,,,,,,,,,,,,,,,,,,,,,,,,,,,,,,,,,,,,,,,,,,,,,,,,,,,,,,,,,,,,,,,,,,,,,,,,,,,,,,,alcohol,,,,,,,,,,,,,,,,,,,,,,,,,,,,,,,,,,,,,,,,,,,,,,,,,,,,,,,,,,,,
node/9605940998,node/9605940998,,,,,,,,,,,,,,,,bar,,,,,,,,,,,,,,,,,,,,,,,,,,2024-08-08,,,,,,,,,,,,,,,,,,,,,,,,,,,,,,,,,,,,,,,,,,,,,,,,,,,,,,,,,,,,,,,,,,,,,,,,,,,,,,,,,,,,,,,,,,,,,,,,London Underground,,,,,,,,,,,,,,,,,,,,,,,,,,,,,,,,,,,,,,,,,,,,,,,,,,,,,,,,,,,,,,,,,,,,,,,,,,,,,,,,,,,,,,,,,,,,,,,,,,,,,,,,,,,,,,,,,,,,,,,,,,,,,,,,,,,,,,,,,,,,,,,,,,,,,,,,,,,,,,,,
node/9605988438,node/9605988438,,,,,,,,,,,,,,,,bar,,,,,,,,,,,,,,,,,,,,,,,,,,,,,2025-12-06,,,,,,,,,,,,,,,,,,,,,,,,,,,,,,,,,,,,,,,,,,,,,,,,,,,,,,,,,,,,,,,,,,,,,,,,,,,,,,,,,,,,,,,,,,,,,Blatnička,,,,,,,,,,,,,,,,,,,,,,Mo-Sa 11:00-23:00; Su 11:00-22:00,,,,,,,,,,,,,,,,,,,,,,,,,,,,,,,,,,,,,,,,,,,,,,,,,,,,,,,,,,,,,,,,,,,,,,,,,,,,,,,,,,,,,,,,,,,,,,,,,,,,,,,,,,,,,,,,,,,,,,,,,,,,,,,,,,,,,,,,,,
node/9621135082,node/9621135082,,,,,,,,,,,,,,,,bar,,,,,,,,,,,,,,,,,,,,,,,,,,,,,,,,,,,,,,,,,,,,,,,,,,,,,,,,,,,,,,,,,,,,,,,,,,,,,,,,,,,,,,,,,,,,,,,,,,,,,,,,,,,,,,,,,,,,,,,,,,U Rarášků,,,,,,,,,,,,,,,,,,,,,,"Mo-Sa 15:00-02:00, Su 15:00-00:00",,,,,,,,,,,,,,,,,,,,,,,,,,,,,,,,,,,,,,,,,,,,,,,,,,,,,,,,,,,,,,,,,,,,,,,,,,,,,,,,,,,,,,,,,,,,,,,,,,,,,,,,,,,,,,,,,,,,,,,,,,,,,,,,,,,,,,,,,,
node/9621153064,node/9621153064,,,,,,,,,,,,,,,,bar,,,,,,,,,,,,,,,,,,,,,,,,,,,,,,,,,,,,,,,,,,,,,,,,,,,,,,,,,,,,,,,,,,,,,,,,,,,,,,,,,,,,,,,,,,,,,,,,,,,,,,,,,,,,,,,,,,,,,,,,,,Balbi,,,,,,,,,,,,,,,,,,,,,,Tu-Sa 16:00-02:00,,,,,,,,,,,,,,,,,,,,,,,,,,,,,,,,,,,,,,,,,,,,,,,,,,,,,,,,,,,,,,,,,,,,,,,,,,,,,,,,,,,,,,,,,,,,,,,,,,,,,,,,,,,,,,,,,,,,,,,,,,,,,,,,,,,,,,,,,,
node/9621176023,node/9621176023,,,,,,,,,,,,,,,,pub,,,,,,,,,,,,,,,,,,,,,,,,,,,,,,,,,,,,,,,,,,,,,,,,,,,,,,,,,,,,,,,,,,,,,,,,,,,,,,,,,,,,,,,,,,yes,,,,,,,,,,,,,,,,,,,,,,,,,,,,,,,,Fat Cat,,,,,,,,,,,,,,,,,,,,,,"Mo-Su 07:00-10:00, 11:00-23:00",,,,,,,no,,,,,,,,,,,,,,,,,,,,,,,,,,,,,,,,,,,,,,,,,+420 735 751 751,,,,,,,,,,,,,,,,,,,,,,,,,,,,,,,,,,,,,,,,,,,,,,,,,,,,,,,,,,,,,,,,,,,,,,,,,,,https://www.fat-cat.cz,,,,,,,,,,,,,,,
node/9666520893,node/9666520893,,Praha,,,,,240,,10100,Francouzská,,,,,,bar,,,,,,,,,,,,,,,,yes,,,,,,,,,,2025-05-31,,,,,,,,,,,,,,,,,,,,,,,,,,,,,,,,,,,,,,,,,,,,,,,,,,,,,,,,,,,,,,https://s2.qwant.com/thumbr/700x0/f/4/a33edbb1e9e2311dc3f340dd5f38689a254a910eb4f0f5498dae5be129e4ac/DSCF6813-1920x730_c.jpg?u=https%3A%2F%2Fwww.czech-inn.com%2Fwp-content%2Fuploads%2F2019%2F08%2FDSCF6813-1920x730_c.jpg&q=0&b=1&p=0&a=0,,,,,,,,,,,,,,,,,,,,,,,,,,,,,,,18,,,Czech inn Bar,,,,,,,,,,,,,,,,,,,,,,Mo-Su 19:00 - 00:00,,,,,,,,,,,,,,,,,,yes,,,,,,,,,,,,,,,,,,,,,,,,,,,,,,,,,,,,,,,,,,,,,,,,,,,,,,,,,,,,,,,,,,,,,,,,,,,,,,,,,,,,,,,,,,,,,,,,,,,,,,,,,https://www.czech-inn.com/,,,,,,,,,,,,,,,
node/9694928996,node/9694928996,,,,,,,1989/8,,12000,Na Bojišti,,,,,,bar,,,,,,,,,,,,,,,,,,,,,,,,,,,,,,,,,,,,,,,,,,,,,,,,,,,,,,,,,,,,,,,,,,,,,,,,,,,,info@kaviarprague.com,,,,,,,,,,,,,,,,,,,,,,,,,,,,,,,,,,,,,,,,,,,,,,Kaviár,,,,,,,,,,,,,,,,,,,,,,"Mo-Th, Su 08:00-01:00, Fr, Sa 08:00-02:00",,,,,,,,,,,,,,,,,,,,,,,,,,,,,,,,,,,,,,,,,,,,,,,,+420 608 714 582,,,,,,,,,,,,,,,,,,,,,,,,,,,,,,,,,,,,,,,,,,,,,,,,,,,,,,,,,,,,,,,,,,,,,,,,,,,https://kaviarprague.com/,,,,https://kaviarprague.com/,,,,,,,,,,,
node/9714371907,node/9714371907,,,,,,,,,,,,,,,,bar,,,,,,,,,,,,,,,,,,,,,,,,,,2026-04-26,,,,,,,,,,,,,,,,,,,,,,,,,,,,,,,,,,,,,,,,,,,,,,,,,,,,,,,,,,,,,,,,,,,,,,,,,,,,,,,,,,,,,,,,,,,,,,,,Duplex,,,,,,,,,,,,,,,,,,,,,,"Mo-Su 22:00-05:00 open ""Club"" || Mo-Su 17:00-02:00 open ""Lounge""",,,,,,,,,,,,,,,,,,,,,,,,,,,,,,,,,,,,,,,,,,,,,,,,+420 732 221 111,,,,,,,,,,,,,,,,,,,,,,,,,,,,,,,,,,,,,,,,,,,,,,,,,,,,,,,,,,,,,,,,,,,,,,,,,,,,,,,,,,,,,,,,,,
node/9714385579,node/9714385579,,,,,,,,,,,,,,,,bar,,,,,,,,,,,,,,,,,,,,,,,,,,,,,,,,,,,,,,,,,,,,,,,,,,,,,,,,,,,,,,,,,,,,,,,,,,,,,,,,,,,,,,,,,,,,,,,,,,,,,,,,,,,,,,,,,,,,,,,,,,Duplex Pup Up Bar,,,,,,,,,,,,,,,,,,,,,,"Mo-Th, Su 11:30-02:00, Fr, Sa 11:30-04:00",,,,,,,,,,,,,,,,,,,,,,,,,,,,,,,,,,,,,,,,,,,,,,,,,,,,,,,,,,,,,,,,,,,,,,,,,,,,,,,,,,,,,,,,,,,,,,,,,,,,,,,,,,,,,,,,,,,,,,,,,,,,,,,,,,,,,,,,,,
node/9718870317,node/9718870317,,,,,,,,,,,,,,,,bar,,,,,,,,,,,,,,,,,,,,,,,,,,,,,,,,,,,,,,,,,,,,,,,,,,,,,,,,,,,,,,,,,,,,,,,,,,,,,,,,,,,,,,,,,,,,,,,,,,,,,,,,,,,,,,,,,,,,,,,,,,Faraon,,,faraon bar,,,,,,,,,,,,,,,,,,,,,,,,,,,,,,,,,,,,,,,,,,,,,,,,,,,,,,,,,,,,,,,,,,,,,,,,,,,,,,,,,,,,,,,,,,,,,,,,,,,,,,,,,,,,,,,,,,,,,,,,,,,,,,,,,,,,,,,,,,,,,,,,,,,,,,,,,,,,,
node/9726162679,node/9726162679,,Praha,,,,,11,,11000,Jungmannova,,,,,,bar,,,,,,,,,,,,,,,,,,,,,,,,,,,,,,,,,,,,,,,,,,,,,,,,,,,,,,,,,,,,,,,,,,,,,,,,,,,,,,,,,,,,,,,,,,,,,,,,,,,,,,,,,,,,,,,,,,,,,,,,,,Bulletproof Bar,,,Ideas are Bulletproof,,,,,,,,,,,,,,,,,,,Mo-Su 17:00-01:00,,,,,,,,,,,,,,,,,,,,,,,,,,,,,,,,,,,,,,,,,,,,,,,,+420 608 280 220,,,,,,,,,,,,,,,,,,,,,,,,,,,,,,,,,,,,,,,,,,,,,,,,,,,,,,,,,,,,,,,,,,,,,,,,,,,https://www.bulletproofbar.cz/en,,,,,,,,,,,,,,,
node/9726178174,node/9726178174,,,,,,,,,,,,,,,,bar,,,,,,,,,,,,,,,,,,,,,,,,,,,,,,,,,,,,,,,,,,,,,,,,,,,,,,,,,,,,,,,,,,,,,,,,,,,,,,,,,,,,,,,,,,,,,,,,,,,,,,,,,,,,,,,,,,,,,,,,,,Crazy Daisy,,,,,,,,,,,,,,,,,,,,,,,,,,,,,,,,,,,,,,,,,,,,,,,,,,,,,,,,,,,,,,,,,,,,,,,,,,,,,,,,,,,,,,,,,,,,,,,,,,,,,,,,,,,,,,,,,,,,,,,,,,,,,,,,,,,,,,,,,,,,,,,,,,,,,,,,,,,,,,,,
node/9726197553,node/9726197553,,,,,,,,,,,,,,,,bar,,,,,,,,,,,,,,,,,,,,,,,,,,,,,,,,,,,,,,,,,,,,,,,,,,,,,,,,,,,,,,,,,,,,,,,,,,,,,,,,,,,,,,,,,,,,,,,,,,,,,,,,,,,3,,,,,,,,,,,,,,,Balcony Bar,,,,,,,,,,,,,,,,,,,,,,Mo-Sa 17:00-01:00,,,,,,,,,,,,,,,,,,,,,,,,,,,,,,,,,,,,,,,,,,,,,,,,,,,,,,,,,,,,,,,,,,,,,,,,,,,,,,,,,,,,,,,,,,,,,,,,,,,,,,,,,,,,,,,,,,,,,,,,,,,,,,,,,,,,,,,,,,
node/9726219926,node/9726219926,,,,,,,,,,,,,,,,pub,,,,,,,,,,,,,,,,,,,,,,,,,,,,,,,,,,,,,,,,,,,,,,,,,,,,,,,,,,,,,,,,,,,,,,,,,,,,,,,,,,,,,,,,,,,,,,,,,,,,,,,,,,,,,,,,,,,,,,,,,,Moving World,,,,,,,,,,,,,,,,,,,,,,"""see website""",,,,,,,,,,,,,,,,,,,,,,,,,,,,,,,,,,,,,,,,,,,,,,,,,,,,,,,,,,,,,,,,,,,,,,,,,,,,,,,,,,,,,,,,,,,,,,,,,,,,,,,,,,,,,,,,,,,,,,,,,,,,,,,,,,,,,,,,,,
node/9727501736,node/9727501736,,,,,,,,,,,,,,,,bar,,,,,,,,,,,,,,,,,,,,,,,,,,2024-08-31,,,,,,,,,,,,,,,,,,,,,,,,,,,,,,,,,,,,,,,,,,,,,,,,,,,,,,,,,,,,,,,,,,,,,,,,,,,,,,,,,,,,,,,,,,,,,,,,Legenda,,,,,,,,,,,,,,,,,,,,,,"Mo, Su 17:00-00:30, Tu 17:00-02:00, We, Th 17:00-03:00, Fr, Sa 17:00-04:00",,,,,,,,,,,,,,,,,,,,,,,,,,,,,,,,,,,,,,,,,,,,,,,,,,,,,,,,,,,,,,,,,,,,,,,,,,,,,,,,,,,,,,,,,,,,,,,,,,,,,,,,,,,,,,,,,,,,,,,,,,,,,,,,,,,,,,,,,,
node/9786856489,node/9786856489,,,,,,,,,,,,,,,,pub,,,,,,,,,,,,,,,,,,,,,,,,,,,,,,,,,,,,,,,,,,,,,,,,,,,no,,,,,,,,,,,,,,,,,,,,,,,,,jitkanajmoska@seznam.cz,,,,,,,,,,,,,,,,no,,,,,,,,,,,,,,,,,,,,,,,,,no,,,,,Dřevák 2,,,,,,,,,,,,,,,,,,,,,,Mo-Th 15:00-22:00; Fr 15:00-00:00; Sa 14:00-00:00; Su 11:00-20:00,,,,,,,no,,,,,,,,,,,,,,,,,,,,,,,,,,,,,,,,,,,,,,,,,+420 608 878 672,,,,,,,,,,,,,,,,,,,,,,,,,,,,,,,,,,,,,,,,,,,,,,,,,,,,,,,,,,,,,,,,,,,,,,,,,,,,,,,,no,,,,,,,,,,
node/9790416097,node/9790416097,,,,,,,,,,,,,,,,,,,,,,,,,,,,,,,,,,,,,,,,,,,,,,,,,,,,,,,,,,,,,,,,,,,,,,,,,,,,,,,,,,,,,,,,,,,,,,,,,,,,,,,,,,,,,,,,,,,,,,,,,,,,,,,,,,,,,,,,,,Eshop Vinotéka Praha,,,,,,,,,,,,,,,,,,,,,,,,,,,,,,,,,,,,,,,,,,,,,,,,,,,,,,,,,,,,,,,,,,,,,,,,,,,,,,,,,,,,,,,,,,,,,,,,,,,,alcohol,,,,,,,,,,,,,,,,,,,,,,,,,,,,,,,,,,,,,,,,,,,,,https://www.vinoteka-praha.cz/,,,,,,,,,,,,,,,
node/9821323642,node/9821323642,,,,,,,,,,,,,,,,bar,,,,,,,,,,,,,,,,,,,,,,,,,,,,,,,,,,,,,,,,,,,,,,,,,,,,,,,,,,,,,,,,,,,,,,,,,,,,,,,,,,,,,,,,,,,,,,,,,,,,,,,,,,,,,,,,,,,,,,,,,,the oat bar,,,,,,,,,,,,,,,,,,,,,,Mo-Su 07:00-19:00,,,,,,,,,,,,,,,,,,,,,,,,,,,,,,,,,,,,,,,,,,,,,,,,,,,,,,,,,,,,,,,,,,,,,,,,,,,,,,,,,,,,,,,,,,,,,,,,,,,,,,,,,,,,,,,,,,,,,,,,,,,,,,,,,,,,,,,,,,
node/9873923324,node/9873923324,,,,,,,,,,,,,,,,pub,,,,,,,,,,,,,,,,,,,,,,,,,,,,,2026-01-18,,,,,,,,,,,,,,,,,,,,,,,,,,,,,,,,,,,,,,,,,,,,,,,,,,,,,,,,,,,,,,,,,,,,,,,,,,,,,,,,,,,,,,,,,,,,,Bistro Pražanda,,,,,,,,,,,,,,,,,,,,,,Mo-Su 15:00-21:00,,,,,,,,,,,,,,,,,,,,,,,,,,,,,,,,,,,,,,,,,,,,,,,,,,,,,,,,,,,,,,,,,,,,,,,,,,,,,,,,,,,,,,,,,,,,,,,,,,,,,,,,,,,,,,,,,,,,,,,,,,,https://prazacka.cz/grill-park,,,,,,,,,,,,,,,
node/9891181520,node/9891181520,,,,,,,,,,,,,,,,bar,,,,,,,,,,,,,,,,,,,,,,,,,,,,,,,,,,,,,,,,,,,,,,,,,,,,,,,,,,,,,,,,,,,,,,,,,,,,,,,,,,,,,,,,,,,,,,,,,,,,,,,,,,,,,,,,,,,,,,,,,,,,,,,,,,,,,,,,,,,,,,,,,,,,,,,,,,,,,,,,,,,,,,,,,,,,,,,,,,,,,,,,,,,,,,,,,,,,,,,,,,,,,,,,,,,,,,,,,,,,,,,,,,,,,,,,,,,,,,,,,,,,,,,,,,,,,,,,,,,,,,,,,,,,,,,,,,,,,,,,,,
node/9920798519,node/9920798519,,,,,,,1255/25,,,Ječná,,,,,,pub,,,,,,,,,,,,,,,,,,,,,,,,,,2022-07-30,,,,,,,,,,,,,,,,,,,,,,,,,,,,,,,,,,,,,,,,,,,,,,,,,,,,,,,,,,,,,,,,,,wlan,customers,,,,,,,,,,,,,,,,,,,,,,,,,,,,,U Tří kočiček,,,,,,,,,,,,,,,,,,,,,,Mo-Fr 10:00-03:00; Sa 12:00-03:00; Su 12:00-22:00,,,,,,,,,,,,,,,,,no,,,,,no,,no,,,,,,,,,,,,,,,,,,,,,,,,,,,,,,,,,,,,,,,,,,,,,,,,,,,,,,,,,,,,,,,,,,,,,,,,,,,,,,,,,,,,,,,,,,,,,,,,,,,,,,,,no,,,,,,,,,,
node/9931303618,node/9931303618,,,,,,,,,,,,,,,,bar,,,,,,,,,,,,,,,,,,,,,,,,,,,,,,,,,,,,,,,,,,,,,,,,,,,,,,,,,,,,,,,,,,,,,,,,,,,,,,,,,,,,,,,,,,yes,,,,,,,,,,,,,,,,,,,,,,,,,,,,,,,,The Vinotéka,,,,,,,,,,,,,,,,,,,,,,,,,,,,,no,,,,,,,,,,,,,,,,,,,,,,,,,,,,,,,,,,,,,,,,,,,,,,,,,,,,,,,,,,,,,,,,,,,,,,,wine,,,,,,,,,,,,,,,,,,,,,,,,,,,,,,,,,,,,,,,,,,,,,https://www.thevinoteka.cz/,,,,,,,,,,,,,,,
node/9964026220,node/9964026220,,,24,,,,24/64,,15800,Butovická,64,,,,,,,,,,,,,,,,,,,,,,,,,,,,,,,2026-06-13,,,,,,,,,,,,,,,,,,,,,,,,,,,,,,,,,,,,,,,,,,,,,,,,,,,,,,,,,,,,,,,,,,wlan,,,,,,,,,,,,,,,,,,,,,,,,,,,,,,Nová Hospoda,,,,,,,,,,,,,,,,,,,,,,,,,,,,,,,,,,,,,,,,,,,,,,,,,,,,,,,,,,,,,,,,,,,,,,,,,,,,,,,,,,,,,,,,,,,,,,,,,,,,,,,,,,,,outside,,,,,,,,,,,,,,,,,,,,,,,,,,,,,,guest_house,,,,,,,,,,,,,,,,,,,,,,
node/9964026221,node/9964026221,,,24,,,,24/64,,15800,Butovická,64,,,,,restaurant,,,,,,,,,,,,,,,,,,,,,,,,,,,,,,,,,,,,,,,,,,,,,,,,,,,,,,,,,,,,,,,,,,,,,,,,,,,,hotel@novahospoda.eu,,,,,,,,,,,,,,,,,,,,,,,,,,,,,,,,,,,,,,,,,,,,,,Nová Hospoda,,,,,,,,,,,,,,,,,,,,,,Mo-Fr 10:30-23:00; Sa 11:00-23:00; Su 11:00-22:00,,,,,,,,,,,,,,,,,,,,,,,,,,,,,,,,,,,,,,,,,,,,,,,,+420 777 826 112,,,,,,,,,,,,,,,,,,,,,,,,,,,,,,,,,,,,,,,,,,,,,,,,,,,,,,,,,,,,,,,,,,,,,,,,,,,https://www.novahospoda.eu/,,,,https://www.novahospoda.eu/,,,,,,,,,,,
node/10053308387,node/10053308387,,,,,,,,,,,,,,,,,,,,,,,,,,,,,,,,,,,,,,,,,,,,,,,,,,,,,,,,,,,,,,,,,,,,,,,,,,,,,,,wine,,,,,,,,,,,,,,,,,,,,,,,,,,,,,,,,,,,,,,,,,,,,,,,,,,,,,,,,,,,Dům portského vína,,,,,,,,,,,,,,,,,,,,,,,,,,,,,,,,,,,,,,,,,,,,,,,,,,,,,,,,,,,,,,,,,,,,,,,,,,,,,,,,,,,,,,,,,,,,,,,,,,,,alcohol,,,,,,,,,,,,,,,,,,,,,,,,,,,,,,,,,,,,,,,,,,,,,https://www.portske.cz/,,,,,,,,,,,,,,,
node/10093138658,node/10093138658,,,,,,,,,,,,,,,,bar,,,,,,,,,,,,,,,,,,,,,,,,,,,,,,,,,,,,,,,,,,,,,,,,,,,,,,,,,,,,,,,,,,,,,,,,,,,,,,,,,,,,,,,,,,,,,,,,,,,,,,,,,,,,,,,,,,,,,,,,,,Míle,,,,,,,,,,,,,,,,,,,,,,,,,,,,,,,,,,,,,,,,,,,,,,,,,,,,,,,,,,,,,,,,,,,,,,,,,,,,,,,,,,,,,,,,,,,,,,,,,,,,,,,,,,,,,,,,,,,,,,,,,,,,,,,,,,,,,,,,,,,,,,,,,,,,,,,,,,,,,,,,
node/10098201819,node/10098201819,,,,,,,,,,,,,,,,pub,,,,,,,,,,,,,,,,,,,,,,,,,,,,,,,,,,,,,,,,,,,,,,,,,,,,,,,,,,,,,,,,,,,,,,,,,,,,,,,,,,,,,,,,,,,,,,,,,,,,,,,,,,,,,,,,,,,,,,,,,,House Party,,,,,,,,,,,,,,,,,,,,,,Mo-Sa 13:00-01:00,,,,,,,,,,,,,,,,,,,,,,,,,,,,,,,,,,,,,,,,,,,,,,,,+420 721 694 836,,,,,,,,,,,,,,,,,,,,,,,,,,,,,,,,,,,,,,,,,,,,,,,,,,,,,2022-10-13,,,,,,,,,,,,,,,,,,,,,,,,,,,no,,,,,,,,,,
node/10098201821,node/10098201821,,,,,,,,,,,,,,,,bar,,,,,,,,,,,,,,,,,,,,,,,,,,,,,,,,,,,,,,,,,,,,,,,,,,,,,,,,,,,,,,,,,,,,,,,,,,,,,,,,,,,,,,,,,,yes,,,,,,,,,,,,,,,,,,,,,,,,,,,,,,,,Delije,,,,,,,,,,,,,,,,,,,,,,,,,,,,,no,,,,,,,,,,,,,,,,,,,,,,,,,,,,,,,,,,,,,,,,,,,,,,,,,,,,,,,,,,,,,,,,,,,,,,,,,,,,,,,,,,,,,,,,,,,,,,2022-10-13,,,,,,,,,,,,,,,,,,,,,,,,,,,,,,,,,,,,,
node/10147767213,node/10147767213,,,,,,,,,,,,,,,,bar,,,,,,,,,,,,,,,,,,,,,,,,,,2022-11-01,,,,,,,,,,,,,,,,,,,,,,,,,,,,,,,,,,,,,,,,,,,,,,,,,,,,,,,,,,,,,,,,,,,,,,,,,,,,,,,,,,,,,,,,,,,,,,,,U Káji Špulíka,,,,,,,,,,,,,,,,,,,,,,,,,,,,,,,,,,,,,,,,,,,,,,,,,,,,,,,,,,,,,,,,,,,,,,,,,,,,,,,,,,,,,,,,,,,,,,,,,,,,,,,,,,,,,,,,,,,,,,,,,,,,,,,,,,,,,,,,,,,,,,,,,,,,,,,,,,,,,,,,
node/10173613755,node/10173613755,,,,,,,,,,,,,,,,biergarten,,,,,,,,,,,,,,,,,,,,,,,,,,,,,,,,,,,,,,,,,,,,,,,,,,,,,,,,,,,,,,,,,,,,,,,,,,,,,,,,,,,,,,,,,,,,,,,,,,,,,,,,,,,,,,,,,,,,,,,,,,,,,,,,,,,,,,,,,,,,,,,,,,,,,,,,,,,,,,,,,,,,,,,,,,,,,,,,,,,,,,,,,,,,,,,,,,,,,,,,,,,,,,,,,,,,,,,,,,,,,,,,,,,,,,,,,,,,,,,,,,,,,,,,,,,,,,,,,,,,,,,,,,,,,,,,,,,,,,,,,,
node/10224983049,node/10224983049,,,,,,,,,,,,,,,,bar,,,,,,,,,,,,,,,,,,,,,,,,,,,,,,,,,,,,,,,,,,,,,,,,,,,,,,,,,,,,,,,,,,,,,,,,,,,,,,,,,,,,,,,,,,,,,,,,,,,,,,,,,,,,,,,,,,,,,,,,,,Vodka bar,,,,,,,,,,,,,,,,,,,,,,,,,,,,,,,,,,,,,,,,,,,,,,,,,,,,,,,,,,,,,,,,,,,,,,,,,,,,,,,,,,,,,,,,,,,,,,,,,,,,,,,,,,,,,,,,,,,,,,,,,,,,,,,,,,,,,,,,,,,,,,,,,,,,,,,,,,,,,,,,
node/10244621273,node/10244621273,,,,,,,,,,,,,,,,pub,,,,,,,,,,,,,,,,,,,,,,,,,,2024-03-20,,,,,,,,,,,,,,,,,,,,,,,,,,,,,,,,,,,,,,,,,,,,,,,,,,,,,,,,,,,,,,,,yes,,,,,,,,,,,,,,,,,,,,,,,,,,,,,,,,Pivní bar,,,,,,,,,,,,,,,,,,,,,,,,,,,,,yes,,,,,,,,,,,,,,,,,,,,,,,,,,,,,,,,,,,,,,,,,,,,,,,,,,,,,,,,,,,,,,,,,,,,,,,,,,,,,,,,,,,,,,,,,,,,,,,,,,,,,,,,,,,,,,,,,,,,,,,,,,,,,,,,,,,
node/10671869690,node/10671869690,,Praha,,,,,354/3,,11000,Skořepka,,,,,,bar,,,,,,,,,,,,,,,,yes;various,,,,,,,,,,,,,,,,,,,salplachtovai@gmail.com,https://m.facebook.com/100063774841224/,,,,+420 774 444 249,,,,,,,,,,,,,,,,,,,,,,yes,,,,,,,,,,,,,,,,,,,,,,,,,,,,,,wlan,customers,,,,,,,,,,,,,,,,,,,,,,,,,,,,,Myslíš?,,,,,,,,,,,,,,,,,,,,,,Mo-Su 17:00-00:00,,,,,,,,c0e400e9-acd8-41a5-9881-46ff7ebf70b8,,,,,,,,,,,,,,,,,,,,,,,,,,,,,,,,,,,,,,,,,,,,,,,,,,,,,,,,,,,,,,,,,,,,,,,,,,,,,,,,,,,,,,,,,,,,,,,,,,,yes,customers,,no,no,limited,,,,,,,,,,,,,,,,,,,,,,,,,,
node/10716138160,node/10716138160,,,,,,,,,,,,,,,,,,,,,,,,no,,,no,,,,,,,,,,,yes,,,,,,,,2025-12-26,,,,,,,,,,,,,,,,,,,,,,,,,,,,,,,,,,,,,,,,,,,,,,,,,,,,,,,,,bus_stop,,,,,,,,,,,,,,,,,,,,,,no,,,B,,,,,,,,,,Hostivařský pivovar,,,,,,,,,,,,,,,,,,,,,,,,,,,,,,,,,,,,,,,,,,,,,,,,,,,,,,,,,,,,,,,,,,,,,,,,,,,,,platform,,,U2707Z2P,,,,,,,,,,,,,,,,,,,no,,,,,,,,,,,,,,,,,,,,,,,,,,yes,,,,,,,,,,,,,,,,,,,,,,,,,,,,,,,,,,,
node/10716138161,node/10716138161,,,,,,,,,,,,,,,,,,,,,,,,,,,,,,,,,,,,,,yes,,,,,,,,,,,,,,,,,,,,,,,,,,,,,,,,,,,,,,,,,,,,,,,,,,,,,,,,,,,,,,,,,bus_stop,,,,,,,,,,,,,,,,,,,,,,yes,,,A,,,,,,,,,,Hostivařský pivovar,,,,,,,,,,,,,,,,,,,,,,,,,,,,,,,,,,,,,,,,,,,,,,,,,,,,,,,,,,,,,,,,,,,,,,,,,,,,,platform,,,U2707Z1P,,,,,,,,,,,,,,,,,,,,,,,,,,,,,,,,,,,,,,,,,,,,,yes,,,,,,,,,,,,,,,,,,,,,,,,,,,,,,,,,,,
node/10729352006,node/10729352006,,,,,,,,,,,,,,,,,,,,,,,,,,,,,,,,,,,,,,,,,,,,,,,,,,,,,,,,,,,,,brewery,,,,,,,,,,,,,,,,,,,,,,,,,,,,,,,,,,,,,,,,,,,,,,,,,,,,,,,,,,,,,,,,,,,,,,,,,,,,,Primator,,,,,,,,,,,,,,,,,,,,,,,,,,,,,,,,,,,,,,,,,,,,,,,,,,,,,,,,,,,,,,,,,,,,,,,,,,,,,,,,,,,,,,,,,,,,,,,,,,,,,,,,,,,,,,,,,,,,,,,,,,,,,,,,,,,,,,,,,,,,,,,,,,,,,,,,,,,,,,,,
node/10731378239,node/10731378239,,,,,,,,,,,,,,,,bar,,,,,,,,,,,,,,,,,,,,,,,,,,2023-03-12,,,,,,,,,,,,,,,,,,,,,,,,,,,,,,,,,,,,,,,,,,,,,,,,,,,,,,,,,,,,,,,,,,,,,,,,,,,,,,,,,,,,,,,,,,,,,,,,,,,,,,,,,,,,,,,,,,,,,,,,,,,,,,,,,,,,,,,,,,,,,,,,,,,,,,,,,,,,,,,,,,,,,,,,,,,,,,,,,,,,,,,,,,,,,,,,,,,,,,,,,,,,,,,,,,,,,,,,,,,,,,,,,,,,,,,,,,,,,,,,,,,,,,,,,,,,,,,,
node/10732956647,node/10732956647,,,,,,,975/14,,,Dukelských hrdinů,,,,,,bar,,,,,,,,,,,,,,,,,,,,,,,,,,2023-03-13,,,,,,,,,,,,,,,,,,,,,,,,,,,,,,,,,,,,,,,,,,,,,,,,,,,,,,,,,,,,,,,,,,,,,,,,,,,,,,,,,,,,,,,,,,,,,,,,"0,75 Wine Bar",,,,,,,,,,,,,,,,,,,,,,Mo-Su 16:00-23:00,,,,,,,,,,,,,,,,,,,,,,,,,,,,,,,,,,,,,,,,,,,,,,,,+420 607 677 164,,,,,,,,,,,,,,,,,,,,,,,,,,,,,,,,,,,,,,,,,,,,,,,,,,,,,,,,,,,,,,,,,,,,,,,,,,,https://www.075.cz/,,,,,,,,,,,,,,,
node/10733540007,node/10733540007,,,,,,,,,,,,,,,,bar,,,,,,,,,,,,,,,,,,,,,,,,,,,,,,,,,,,,,,,,,,,,,,,,,,,,,,,,,,,,,,,,,,,,,,,,,,,,,,,,,,,,,,,,,,,,,,,,,,,,,,,,,,,,,,,,,,,,,,,,,,Bowling,,,,,,,,,,,,,,,,,,,,,,,,,,,,,,,,,,,,,,,,,,,,,,,,,,,,,,,,,,,,,,,,,,,,,,,,,,,,,,,,,,,,,,,,,,,,,,,,,,,,,,,,,,,,,,,,,,,,,,,,,,,,,,,,,,,,,,,,,,,,,,,,,,,,,,,,,,,,,,,,
node/10741341292,node/10741341292,,,,,,,,,,,,,,,,bar,,,,,,,,,,,,,,,,,,,,,,,,,,,,,,,,,,,,,,,,,,,,,,,,,,,,,,,,,,,,,,,,,,,,,,,,,,,,elpicko@elpicko.cz,,,,,,,,,,,,,,,,,,,,,,,,,,,,,,,,,,,,,,,,,,,,,,elpíčko,,,,,,,,,,,,,,,,,,,,,,Mo-Sa 16:00-01:00; Su 16:00-23:00,,,,,,,,,,,,,,,,,,,,,,yes,,yes,,,,,,,,,,,,,,,,,,,,,,,,+420 799 553 013,,,,,,,,,,,,,,,,,,,,,,,,,,,,,,,,,,,,,,,,,,,,,,,,,,,,,,,,,,,,,,,,,,,,,,,,,,,https://www.elpicko.cz/,,,,,,,,,,,,,,,
node/10759052905,node/10759052905,,,,,,,30,,150 00,Zborovská,,,,,,bar,,,,,,,,,,,,,,,,,,,,,,,,,,,,,,,,,,,,,,,,,,,,,,,,,,,,,,,,,,,,,,,,,,,,,,,,,,,,reload@reloadbar.gg,,,,,,,,,,,,,,,,,,,,,,,,,,,,,,,,,,,,,,,,,,,,,,Reload,,,Reload Esports Bar,,,,,,,,,,,,,,,,,,,"Mo 15:00-22:00, Tu-Th 16:00-24:00, Fr 15:00-01:00, Sa 15:00-02:00, Su 16:00-12:00",,,,,,,,,,,,,,,,,,,,,,,,,,,,,,,,,,,,,,,,,,,,,,,,+420702015003,,,,,,,,,,,,,,,,,,,,,,,,,,,,,,,,,,,,,,,,,,,,,,,,,,,,,,,,,,,,,,,,,,,,,,,,,,,https://www.reloadbar.gg,,,,,,,,,,,,,,,
node/10807183686,node/10807183686,,,,,,,,,,,,,,,,pub,,,,,,,,,,,,,,,,yes;various,,,,,,,,,,,,,,,,,,,,,,,,,,,,,,,,,,,,,,,,,,,,,,,,,,,,,,,,,,,,barnapalme@email.cz,,,,,,,,,,,,,,,,,,,,,,,,,,,,,,,,,,,,,,,,,,,,,,Bar Napalmě,,,,,,,,,,,,,,,,,,,,,,"Mo-Fr 16:00-24:00, Sa,Su 17:00-24:00",,,,,,,,,,,,,,,,,,,,,,yes,,yes,,,,,,,,,,,,,,,,,,,,,,,,+420605283520,,,,,,,,,,,,,,,,,,,,,,,,,,,,,,,,,,,,,,,,,,,,,,,,,,,,,,,,,,,,,,,,,,,,,,,,,,,https://www.napalme.cz/,,,,,,,,,,,,,,,
node/10829447834,node/10829447834,,Praha 10,283,,,,283/92,,10100,Francouzská,92,,,,,bar,,,,,,,,,,,,,,,,yes;various,,,,,,,,,,,,,,,,,,,info@beermeca.cz,https://www.facebook.com/BeerMECA,,https://www.instagram.com/beermeca/,,+420 732 853 810,,https://www.beermeca.cz/,,,,,,,,,,,,,,,,,,,,,,,,,,,,,,,,,,,,,,,,,,,,,,,,,,,,,,,,,,,,,,,,,,,,,,,,,,,,,,,,BeerMeca,,,,,,,,,,,,,,,,,,,,,,Mo-Su 16:00-22:00,,,,,,,,,,,,,,,,,,,,,,,,,,,,,,,,,,,,,,,,,,,,,,,,,,,,,,,,,,,,,,,,,,,,,,,,,,,,,,,,,,,,,,,,,,,,,,,,,,,,,,,,,,,,,,,,,,,,,,,,,,,,,,,,,,,,,,,,,,
node/10830867443,node/10830867443,,Praha 1,,,,,1756/34,,11000,Soukenická,,,yes,,,bar,,,,,,,,,,,,,,,,no,,,,,,,,,,,,,,,,,,,,,,,,,,,,,,,,,,,,,,,,,,,,,,,,,,,,,,,,,,,,kodatskikodatski@gmail.com,,,,,,,,,,,,,,,,wlan,,,,,,,,,,,,,,,1,,,,,,,,,,,,21,,,Irony vs. Satyr Bar,,,,,,,,,,,,,,,,,,,,,,Mo-Su 16:00-02:00,,,,,Prague Bar Corporation s.r.o.,,,,,,,,,yes,yes,,yes,yes,,yes,yes,yes,,,,,yes,,,,,,,,yes,,,,yes,,,,,,yes,yes,,777 087 973,,,,,,,,,,,,,,,,,,,,,,,,,,,,,,,,,,,,,,,,,survey;local knowledge,,,,,,,,,,,,,,,,,,,,,,,,,,,,,,,,,,https://irony-vs-satyr.business.site/?utm_source=gmb&utm_medium=referral,,,,,,,,,Q118779678,,,,,,
node/10862401828,node/10862401828,,,,,,,,,,,,,,,,bar,,,,,,,,,,,,,,,,,,,,,,,,,,,,,,,,,,,,,,,,,,,,,,,,,,,,,,,,,,,,,,,,,,,,,,,,,,,,,,,,,,,,,,,,,,yes,,,,,,,,,,,,,,,,,,,,,,,,,,,,,,,,Radost,,,,,,,,,,,,,,,,,,,,,,Mo-Su 17:00-02:00,,,,,,,no,,,,,,,,,,,,,,,,,,,,,,,,,,,,,,,,,,,,,,,,,,,,,,,,,,,,,,,,,,,,,,,,,,,,,,,,,,,,,,,,,,,,,,,,,,,,,,,,,,,,,,,,,,,,,,,,,,,,,,,,,,,,,,,,,,,
node/10862770154,node/10862770154,,,,,,,,,,,,,,,,bar,,,,,,,,,,,,,,,,,,,,,,,,,,,,,,,,,,,,,,,,,,,,,,,,,,,,,,,,,,,,,,,,,,,,,,,,,,,,,,,,,,,,,,,,,,,,,,,,,,,,,,,,,,,,,,,,,,,,,,,,,,Move bar,,,,,,,,,,,,,,,,,,,,,,,,,,,,,,,,,,,,,,,,,,,,,,,,,,,,,,,,,,,,,,,,,,,,,,,,,,,,,,,,,,,,,,,,,,,,,,,,,,,,,,,,,,,,,,,,,,,,,,,,,,,,,,,,,,,,,,,,,,,,,,,,,,,,,,,,,,,,,,,,
node/10877387754,node/10877387754,,,,,,,,,,,,,,,,pub,,,,,,,,,,,,,,,,,,,,,,,,,,,,,,,,,,,,,,,,,,,,,,,,,,,,,,,,,,,,,,,,,,,,,,,,,,,,,,,,,,,,,,,,,,,,,,,,,,,,,,,,,,,,,,,,,,,,,,,,,,,,,,,,,,,,,,,,,,,,,,,,,,,,,,,,,,,,,,,,,,,,,,,,,,,,,,,,,,,,,,,,,,,,,,,,,,,,,,,,,,,,,,,,,,,,,,,,,,,,,,,,,,,,,,,,,,,,,,,,,,,,,,,,,,,,,,,,,,,,,,,,,,,,,,,,,,,,,,,,,,
node/10896611205,node/10896611205,,Praha 1,,,,,1756/34,,110 00,Soukenická,,,,,,bar,,,,,,,,,,,,,,,,no,,,,,,,,,,,,,,,,,,,,,,,,,,,,,,,,,,,,,,,,,,,,,,,,,,,,,,,,,,,,kodatskikodatski@gmail.com,,,,,,,,,,,,,,,,,,,,,,,,,,,,,,,,,,,,,,,,,,,21,,,Irony vs. Satyr,,,Irony vs. Satyr,,,,,,,,Іронія проти Сатира,,,,,,,,,,,Mo-Su 16:00-02:00,,,,,,,,,,,,,,yes,yes,,,yes,,yes,yes,yes,,yes,,,yes,,,,,,,yes,yes,,,,,,,,,,,,,+420 777087973,,,,,,,,,,,,,,,,,,,,,,,,,,,,,,,,,,,,,,separated,,,,,,,,,,,,,,,,,,,,,,,,,,,,,,,,,,,,,https://irony-vs-satyr.business.site/?utm_source=gmb&utm_medium=referral,,,,,,,,,,,,,,,
node/11030840305,node/11030840305,,,,,,,,,,Na Hrobci,,,,,,pub,,,,,,,,,,,,,,,,,,,,,,,,,,,,,,,,,,,,,,,,,,,,,,,,,,,,,,,,,,,,,,,,,,,,,,,,,,,,,,,,,,,,,,,,,,,,,,,,,,,,,,,,,,,,,,,,,,,,,,,,,,Special Pub U Bráchy,,,,,,,,,,,,,,,,,,,,,,"Mo-Su,PH 16:00-24:00",,,,,,,,,,,,,,,,,,,,,,,,,,,,,,,,,,,,,,,,,,,,,,,,,,,,,,,,,,,,,,,,,,,,,,,,,,,,,,,,,,,,,,,,,,,,,,,,,,,,,,,,,,,,,,,,,,,,,,,,,,,,,,,,,,,,,,,,,,
node/11037596577,node/11037596577,,,,,,,1,,,Provaznická,,,,,,bar,,,,,,,,,,,,,,,,,,,,,,,,,,,,,2026-07-07,,,,,,,,,,,,,,,,,,,,,,,,,,,,,,,,,,,,,,,,,,,,,,,,,,,,,,,,,,,,,,,,,,,,,,,,,,,,,,,,,,,,,,,,,,,,,The Alchemist Bar,,,,,,,,,,,,,,,,,,,,,,,,,,no,,,,,,,,,,,,,,,,,,,,,,,,,,,,,,,,,,,,,,,,,,,,+420251510940,,,,,,,,,,,,,,,,,,,,,,,,,,,,,,,,,,,,,,,,,,,,,,,,,,,,,,,,,,,,,,,,,,,,,,,,,,,https://www.thealchemistbar.cz,,,,,,,,,,,,,,,
node/11038060122,node/11038060122,,Praha 8,,,,,834/3,,180 00,Pod Čertovou skalou,,,,,,pub,,,,,,,,,,,,,,,,,,,,,,,,,,,,,,,,,,,,,,,,,,,,,,,,,,,,,,,,,,,,,,,,,,,,,,,,,,,,,,,,,,,,,,,,,,,,,,,,,,,,,,,,,,,,,,,,,,,,,,,,,,Butterfly zone,,,,,,,,,,,,,,,,,,,,,,,,,,,,,,,,,,,,,,,,,,,,,,,,,,,,,,,,,,,,,,,,,,,,,,,,,,,,,,,,,,,,,,,,,,,,,,,,,,,,,,,,,,,,,,,,,,,,,,,,,,,,,,,,,,,,,,,,,,,,,,,,,,,,,,,,,,,,,,,,
node/11039801778,node/11039801778,,,,,,,,,,,,,,,,bar,,,,,,,,,,,,,,,,,,,,,,,,,,,,,,,,,,,,,,,,,,,,,,,,,,,,,,,,,,,,,,,,,,,,,,,,,,,,,,,,,,,,,,,,,,,,,,,,,,,,,,,,,,,,,,,,,,,,,,,,,,Jéčko,,,,,,,,,,,,,,,,,,,,,,,,,,,,,,,,,,,,,,,,,,,,,,,,,,,,,,,,,,,,,,,,,,,,,,,,,,,,,,,,,,,,,,,,,,,,,,,,,,,,,,,,,,,,,,,,,,,,,,,,,,,,,,,,,,,,,,,,,,,,,,,,,,,,,,,,,,,,,,,,
node/11039851463,node/11039851463,,,,,,,,,,,,,,,,restaurant,,,,,,,,,,,,,,,,,,,,,,,,,,,2025-05-13,,,,,,,,,,,,,,,,,,,,,,,,,,,,,,,,,,,,,,,,,,,,,,,,,,,,,,,,,,,,,,,yes,,,,,,,,,,,,,,,,,,,,,,,,,,,,,,,,Michelská pivnice,,,,,,,,,,,,,,,,,,,,,,,,,,,,,yes,,,,,,,,,,,,,,,,,,,,,,,,,,,,,,,,,,,,,,,,,,,,,,,,,,,,,,,,,,,,,,,,,,,,,,,,,,,,,,,,,,,,,,,,,,,,,,,,,,,,,,,,,,,,,,,,,,,,,,,,,,,,,,,,,,,
node/11053580406,node/11053580406,,,,,,,26,,11000,Klimentská,,,,,,bar,,,,,,,,,,,,,,,,,,,,,,,,,,,,,,,,,,,,,,,,,,,,,,,,,,,,,,,,,,,,,,,,,,,,,,,,,,,,,,,,,,,,,,,,,,,,,,,,,,,,,,,,,,,,,,,,,,,,,,,,,,Smokehouse (lounge and bar),,,Smokehouse (lounge and bar),,,,,,,,,,,,,,,,,,,Mo-Su 15:00-00:00,,,,,,,,,,,,,,,,,,,,,,,,,,,,,,,,,,,,,,,,,,,,,,,,+420601123860,,,,,,,,,,,,,,,,,,,,,,,,,,,,,,,,,,,,,,,,,,,,,,,,,,,,,,,,,,,,,,,,,,,,,,,,,,,http://smokehouseshop.cz,,,,,,,,,,,,,,,
node/11054335466,node/11054335466,,,,,,,,,,,,,,,,pub,,,,,,,,,,,,,,,,,,,,,,,,,,,,,,,,,,,,,,,,,,,,,,,,,,,,,,,,,,,,,,,,,,,,,,,,,,,,,,,,,,,,,,,,,,,,,,,,,,,,,,,,,,,,,,,,,,,,,,,,,,zahrada libeň,,,,,,,,,,,,,,,,,,,,,,"""soukromá města""",,,,,,,,,,,,,,,,,,,,,,,,,,,,,,,,,,,,,,,,,,,,,,,,,,,,,,,,,,,,,,,,,,,,,,,,,,,,,,,,,,,,,,,,,,,,,,,,,,,,,,,,,,,,,,,,,,,,,,,,,,,,,,,,,,,,,,,,,,
node/11076978602,node/11076978602,,,,,,,614/42,,,Ruská,,,,,,bar,,,,,,,,,,,,,,,,yes,,,,,,,,,,2023-07-30,,,,,,,,,,,,,,,,,,,,,,,,,,Hookah / Shisha bar,,,,,,,,,,,,,,,,,,,,,,,,,,,,,,,,,,,,,,,,,,,,,,,,,,,,,,,,,,,,,,,,,,,,,,London Bar,,,,,,,,,,,,,,,,,,,,,,17:00-02:00,,,,,,,,,,,,,,,,,,,,,,,,,,,,,,,,,,,,,,,,,,,,,,,,+420 602 334 408,,,,,,,,,,,,,,,,,,,,,,,,,,,,,,,,,,,,,,dedicated,,,survey,,,,,,,,,,,,,,,,,,,,,,,,,,,,,,,,,,,,,,,,,,,,,,,,,
node/11077024638,node/11077024638,,,,,,,415/1,,,Moskevská,,,,,,bar,,,,,,,,,,,,,,,,yes,,,,,,,,,,2023-07-30,,,,,,,,,,vrsovickaarena,,vrsovickaarena,,,,,,,,,,,,,,,,,,,,,,,,,,,,,,,,,,,,,,rezervace@vrsovickaarena.cz,,,,,,,,,,,,,,,,wlan,,,,,,,,,,,,,,,,,,,,,,,,,,,,,,Vršovická ARÉNA,,,,,,,,,,,,,,,,,,,,,,Tu-Th 17:00-02:00; Fr-Sa 17:00-03:00,,,,,,,,,,,,,,,,,,,,,,,,,,,,,,,,,,,,,,,,,,,,,,,,+420 212249479,,,,,,,,,,,,,,CZ87629861,,,,,,,,,,,,,,,,,,,,,,,,,,,survey,,,,,,,,,,,,,,,,,,,,,,,,,,,,,,,,,,https://www.vrsovickaarena.cz,,,,,,,,,,,,,,,
node/11088823534,node/11088823534,,,,,,,,,,,,,,,,restaurant,,,,,,,,,,,,,,,,,,,,,,,,,,,,,,,,,,,,,,,,,,,,,brewery,,,,,,,,,,,,,,,,,,,,,,,,,,,,,,,,,,,,,,,,,,,,,,,,,,,,,,,,,,,,,,,,,,,,,,,,yes,,,,,Pivovar Viktor,,,,,,,,,,,,,,,,,,,,,,"Mo-Th,Su 17:00-23:00; Fr-Sa 17:00-01:00",,,,,,,,,,,,,,,,,,,,,,,,,,,,,,,,,,,,,,,,,,,,,,,,,,,,,,,,,,,,,,,,,,,,,,,,,,,,,,,,,,,,,,,,,,,,,,,,,,,,,,,,,,,,,,,,,,,,,,,,,,,,,,,,,,,,,,,,,,
node/11091171877,node/11091171877,,,,,,,,,,,,,,,,bar,,,,,,,,,,,,,,,,,,,,,,,,,,,,,,,,,,,,,,,,,,,,,,,,,,,,,,,,,,,,,,,,,,,,,,,,,,,,,,,,,,,,,,,,,,,,,,,,,,,,,,,,,,,,,,,,,,,,,,,,,,česká pojištovna,,,,,,,,,,,,,,,,,,,,,,,,,,,,,,,,,,,,,,,,,,,,,,,,,,,,,,,,,,,,,,,,,,,,,,,,,,,,,,,,,,,,,,,,,,,,,,,,,,,,,,,,,,,,,,,,,,,,,,,,,,,,,,,,,,,,,,,,,,,,,,,,,,,,,,,,,,,,,,,,
node/11132383402,node/11132383402,,,,,,,,,,,,,,,,bar,,,,,,,,,,,,,,,,,,,,,,,,,,,,,,,,,,,,,,,,,,,,,,,,,,,,,,,,,,,,,,,,,,,,,,,,,,,,,,,,,,,,,,,,,,,,,,,,,,,,,,,,,,,,,,,,,,,,,,,,,,,,,,,,,,,,,,,,,,,,,,,,,,,,,,,,,,,,,,,,,,,,,,,,,,,,,,,,,,,,,,,,,,,,,,,,,,,,,,,,,,,,,,,,,,,,,,,,,,,,,,ticket,,,,,,,,,,,,,,,,,,,,,,,,,,,,,,,,,,,,,,,,,,ticket;drinks,,,,,,,,,,,,,,,,,,
node/11200658638,node/11200658638,,,,,,,,,,,,,,,,bar,,,,,,,,,,,,,,,,,,,,,,,,,,,,,,,,,,,,,,,,,,,,,,,,,,,,,,,,,,,,,,,,,,,,,,,,,,,,,,,,,,,,,,,,,,,,,,,,,,,,,,,,,,,,,,,,,,,,,,,,,,Garders,,,,,,,,,,,,,,,,,,,,,,,,,,,,,,,,,,,,,,,,,,,,,,,,,,,,,,,,,,,,,,,,,,,,,,,,,,,,,,,,,,,,,,,,,,,,,,,,,,,,,,,,,,,,,,,,,,,,,,,,,,,,,,,,,,,,,,,,,,,,,,,,,,,,,,,,,,,,,,,,
node/11200678438,node/11200678438,,,,,,,,,,,,,,,,bar,,,,,,,,,,,,,,,,,,,,,,,,,,2026-03-30,,,,,,,,,,,,,,,,,,,,,,,,,,,,,,,,,,,,,,,,,,,,,,,,,,,,,,,,,,,,,,,,,,,,,,,,,,,,,,,,,,,,,,,,,,,,,,,,Advivum,,,,,,,,,,,,,,,,,,,,,,,,,,,,,,,,,,,,,,,,,,,,,,,,,,,,,,,,,,,,,,,,,,,,,,,,,,,,,,,,,,,,,,,,,,,,,,,,,,,,,,,,,,,,,,,,,,,,,,,,,,,,,,,,,,,,,,,,,,,,,,,,,,,,,,,,,,,,,,,,
node/11204939938,node/11204939938,,,,,,,,,,,,,,,,restaurant,,,,,,,,,,,,,,,,,,,,,,,,,,,,,,,,,,,,,,,,,,,,,,,local,,,,,,,,,,,,yes,,,,,,,,,,,,,,,,,,,,,,,,,,,,,,,yes,,,,,,,,,,,,,,,,,,,,,,,,,,,yes,,,,,U Supa,,,Old Town Brewery,,,,,,,,,,,,,,,,,,,Mo-Su 11:30-24:00,,,,,,,sidewalk,,,,,,,,,,,,,,,,,,,,,,,,,,,,,,,,,,,,,,,,,+420 733 534 383,,,,,,,,,,,,,,,,,,,,,,,,,,,,,,,,,,,,,,,,,,,,,,,,,,,,,,,,,,,yes,customers,,,,,,,designated,,,,,,,,https://www.pivovarusupa.cz/,,,,https://www.pivovarusupa.cz/menu/a-la-carte/,yes,,,,,,,,,,
node/11252364768,node/11252364768,,,,,,,,,,,,,,,,,,,,,,,,,,,,,,,,,,,,,,,,,,,,,,,,,,,,,,,,,,,,,,,,,,,,,,,,,,,,,,,,,,,,,,,,,,,,,,,,,,,,,,,,,,,board,,,,,,,,,,,,,,,,,,,,,,,,,,,,,,,Hospodařství v Netlukách,,,,,,,,,,,,,,,,,,,,,,,,,,,,,,,,,,,,,,,,,,,,,,,,,,,,,,,,,,,,,,,,,,,,,,,,,,,,,,,none,,,,,,,,,,,,,,,,,,,,,,,,,,,,,,,,,,,,,,,,,,,,,,,,,,,,,,,,,,,information,,,,,,,,,,,,,,,,,,,,,,
node/11252364769,node/11252364769,,,,,,,,,,,,,,,,,,,,,,,,,,,,,,,,,,,,,,,,,,,,,,,,,,,,,,,,,,,,,,,,,,,,,,,,,,,,,,,,,,,,,,,,,,,,,,,,,,,,,,,,,,,board,,,,,,,,,,,,,,,,,,,,,,,,,,,,,,,Hospodaření v Uhříněvsi,,,,,,,,,,,,,,,,,,,,,,,,,,,,,,,,,,,,,,,,,,,,,,,,,,,,,,,,,,,,,,,,,,,,,,,,,,,,,,,none,,,,,,,,,,,,,,,,,,,,,,,,,,,,,,,,,,,,,,,,,,,,,,,,,,,,,,,,,,,information,,,,,,,,,,,,,,,,,,,,,,
node/11269073767,node/11269073767,,Praha 8,,,,,,,18000,Štorchova,,,,,,pub,,,,,,,,,,,,,,,,,,,,,,,,,,,,,,,,,,,,,,,,,,,,,,,,,,,,,,,,,,,,,,,,,,,,,,,,,,,,info@rohanbg.cz,,,,,,,,,,,,,,,,,,,,,,,,,,,,,,,,,,,,,,,,,,,,,,Rohan beer garden,,,,,,,,,,,,,,,,,,,,,,,,,,,,,,,,,,,,,,,,,,,,,,,,,,,,,,,,,,,,,,,,,,,,,,,,,,,,,,,,,,,,,,,,,,,,,,,,,,,,,,,,,,,,,,,,,,,,,,,,,,,,,,,,,,,,,,,,,,,,,,,,,https://rohanbg.cz/,,,,,,,,,,,,,,,
node/11297780483,node/11297780483,,,,,,,4,,16000,Dejvická,,,,,,restaurant,,,,,,,,,,,,,,,,,,,,,,,,,,,2025-05-14,,,,,,,,,,,,,,,,,,,,grill,,,,,,,,,,,,yes,,,,,,,,,,,,,,,,,info@automatmatuska.cz,,,,,,,,,,,,,,,,,,,,,,,,,,,,,,,,,,,,,,,,,yes,,,,,Automat Matuška,,,,,,,,,,,,,,,,,,,,,,Mo-Fr 11:00-24:00; Sa 12:00-24:00; Su 12:00-22:00,,,,,,,yes,,,,,,,,,,,,,,,yes,,yes,,,,,,,,,,,,,,,,,,yes,,,,,,+420 608 265 343,,,,,,,,,,,,,,,no,,,,,,,,,,,,,,,,,,,,,,,,,,,,,,,,,,,,,,,,,yes,,,,,,,,,,,yes,,,,,,,,https://www.automatmatuska.cz/,,,,https://www.automatmatuska.cz/jidelni-listek/,no,,,,,,,,,,
node/11307805018,node/11307805018,,Praha 5,2577,,,,2577/16,,15500,Prusíkova,16,,,,,,,,,,,,,,,,,,,,,,,,,,,,,,,2023-11-02,,,,,,,,,,https://www.facebook.com/lihovarek,,,,,,,,,,,,,,,,,,,,,,,,,,,,,,,,,,,,no,,,,info@lihovarek.cz,,,,,,,,,,,,,,,,,,,,,,,,,,,,,,,0,,,,,,,,,,,,18,,,Lihovárek.cz,,,,,,,,,,,,,,,,,,,,,,Mo-Fr 09:00-18:00,,,,,"Lihovarek.cz, s.r.o.",,,,,,,,,,yes,,,yes,,,,yes,,,,,yes,,,,,,,yes,,,,,,,,,,,yes,,,+420 266 710 403,,,,,,,,,,,,,,CZ07879211,,,,,,,,,,,,,,,,alcohol,,,,,,,,,,,,,,,,,,,,,yes,,,,,,,,,,,,,,,,,,,,,,,,https://www.lihovarek.cz/,,,,,yes,,,,,,,,,,
node/11455407979,node/11455407979,,,,,,,,,,,,,,wine,,,,,,,,,,,,,,,,,,,,,,,,,,,,,,,,,,,,,,,,,,,,,,,,,,,,,,,,,,,,,,,,,,,,,,,,,,,,,,,,,,,,,,,,,,,,,,,,,,,,,,,,,,,,,,,,,,,,,,,,,,,,V&D,,,,,,,,,,,,,,,,,,,,,,"Mo-Su 09:00-13:00,13:30-20:00",,,,,,,,,,,,,,,,,,,,,,yes,,yes,,,,,,,,,,,,,,,,,,,,,,,,,,,,,,,,,,,,,,,,,,,,,,,,,,,,,,alcohol,,,,,,,,,,,,,,,,,,,,,,,,,,,,,,,,,,,,,,,,,,,,,,,,,,,,,,,,,,,,
node/11470444370,node/11470444370,,,,,,,,,,,,,,,,bar,,,,,,,,,,,,,,,,,,,,,,,,,,2024-08-10,,,,,,,,,,,,,,,,,,,,,spanish,,,,,,,,,,,,,,,,,,,,,,,,,,,,,info@tekila.cz,,,,,,,,,,,,,,,,,,,,,,,,,,,,,,,0,,,,,,,,,,,,,,,Tek'ila Tek'ila,,,,,,,,,,,,,,,,,,,,,,"Mo-We,Su 12:00-01:00; Th-Sa 12:00-04:00",,,,,,,,,,,,,,,,,,yes,,,,yes,,yes,,,,,,,,,,,,,,,,,,,,,,,,+420 702 036 284,,,,,,,,,,,,,,,,,,,,,,,,,,,,,,,,,,,,,,,,,,,,,,,,,,,,,,,,,,,,,,,,,,,,,,,,,,,https://www.tekila.cz/,,,,,,,,,,,,,,,
node/11488276766,node/11488276766,,,,,,,,,,,,,,,,bar,,,,,,,,,,,,,,,,,,,,,,,,,,,,,,,,,,,,,,,,,,,,,,,,,,,,,,,,,,,,,,,,,,,,,,,,,,,,,,,,,,,,,,,,,,,,,,,,,,,,,,,,,,,,,,,,,,,,,,,,,,,,,,,,,,,,,,,,,,,,,,,,,,,,,,,,,,,,,,,,,,,,,,,,,,,,,,,,,,,,,,,,,,,,,,,,,,,,,,,,,,,,,,,,,,,,,,,,,,,,,,,,,,,,,,,,,,,,,,,,,,,,,,,,,,,,,,,,,,,,,,,,,,,,,,,,,,,,,,,,,,
node/11512039774,node/11512039774,,,,,,,,,,,,,,,,,,,,,,,,,,,,,,,,,,,,,,,,,,,,,,,,,,,,,,,,,,,,,,,,,,,,,,,,,,,,,,,,,,,,,,,,,,,,,,,,,,,,,,,,,,,,,,,,,,,,,,,,,,,,,,,,,,,,,,,,,,sudove pivo,,,,,,,,,,,,,,,,,,,,,,,,,,,,,,,,,,,,,,,,,,,,,,,,,,,,,,,,,,,,,,,,,,,,,,,,,,,,,,,,,,,,,,,,,,,,,,,,,,,,alcohol,,,,,,,,,,,,,,,,,,,,,,,,,,,,,,,,,,,,,,,,,,,,,,,,,,,,,,,,,,,,
node/11677888303,node/11677888303,,,,,,,,,,,,,,,,bar,,,,,,,,,,,,,,,,,,,,,,,,,,,,,,,,,,,,,,,,,,,,,,,breakfast;coffee_shop,,,,,,,,,,,,,,,,,,,,,,,,,,,,,,,,,,,,,,,,,,,yes,,,,,,,,,,,,,,,,,,,,,,,,,,,,,,,,Monk,,,,,,,,,,,,,,,,,,,,,,Mo-Th 08:30-16:00; Fr-Su 08:30-17:00,,,,,,,yes,,,,,,,,,,,,,,,,,,,,,,,,,,,,,,,,,,,,,,,,,,,,,,,,,,,,,,,,,,,,,,,,,,,,,,,,,,,,,,,,,,,,,,,,,,,,,,,,,,,,,,,,,,,,,,,,,,,,https://bistromonk.cz/,,,,,,,,,,,,,,,
node/11685721369,node/11685721369,,,,,,,748/24,,,Sázavská,,,,,,bar,,,,,,,,,,,,,,,,,,,,,,,,,,,,,,,,,,,,,,,,,,,,,,,,,,,,,,,,,,,,,,,,,,,,,,,,,,,,,,,,,,,,,,,,,,,,,,,,,,,,,,,,,,,,,,,,,,,,,,,,,,Dobrotéka,,,,,,,,,,,,,,,,,,,,,,Mo-Fr 16:00-23:00,,,,,,,,,,,,,,,,,,,,,,,,,,,,,,,,,,,,,,,,,,,,,,,,,,,,,,,,,,,,,,,,,,,,,,,,,,,,,,,,,,,,,,,,,,,,,,,,,,,,,,,,,,,,,,,,,,,,,,,,,,,,,,,,,,,,,,,,,,
node/11750440369,node/11750440369,,,,,,,,,,,,,,,,bar,,,,,,,,,,,,,,,,,,,,,,,,,,,,,,,,,,,,,,,,,,,,,,,,,,,,,,,,,,,,,,,,,,,,,,,,,,,,,,,,,,,,,,,,,,,,,,,,,,,,,,,,,,,,,,,,,,,,,,,,,,Chartreuse Bar,,,,,,,,,,,,,,,,,,,,,,Mo-Su 10:00-23:00,,,,,,,,,,,,,,,,,,,,,,,,,,,,,,,,,,,,,,,,,,,,,,,,,,,,,,,,,,,,,,,,,,,,,,,,,,,,,,,,,,,,,,,,,,,,,,,,,,,,,,,,,,,,,,,,,,,,,,,,,,,,,,,,,,,,,,,,,,
node/11800115999,node/11800115999,,,,,,,,,,,,,,,,bar,,,,,,,,,,,,,,,,,,,,,,,,,,,,,,,,,,,,,,,,,,,,,,,,,,,,,,,,,,,,,,,,,,,,,,,,,,,,,,,,,,,,,,,,,,,,,,,,,,,,,,,,,,,,,,,,,,,,,,,,,,EUROPA,,,,,,,,,,,,,,,,,,,,,,,,,,,,,,,,,,,,,,,,,,,,,,,,,,,,,,,,,,,,,,,,,,,,,,,,,,,,,,,,,,,,,,,,,,,,,,,,,,,,,,,,,,,,,,,,,,,,,,,,,,,,,,,,,,,,,,,,,,,,,,,,,,,,,,,,,,,,,,,,
node/11825855384,node/11825855384,,,,,,,,,,,,,,,,pub,,,,,,,,,,,,,,,,,,,,,,,,,,,,,,,,,,,,,,,,,,,,,,,,,,,,,,,,,,,,,,,,,,,,,,,,,,,,,,,,,,,,,,,,,,,,,,,,,,,,,,,,,,,,,,,,,,,,,,,,,,Kontakt,,,,,,,,,,,,,,,,,,,,,,,,,,,,,,,,,,,,,,,,,,,,,,,,,,,,,,,,,,,,,,,,,,,,,,,,,,,,,,,,,,,,,,,,,,,,,,,,,,,,,,,,,,,,,,,,,,,,,,,,,,,,,,,,,,,,,,,,,,,,,,,,,,,,,,,,,,,,,,,,
node/11832944994,node/11832944994,,,,,,,,,,,,,,,,bar,,,,,,,,,,,,,,,,,,,,,,,,,,,,,,,,,,,,,,,,,,,,,,,,,,,,,,,,,,,,,,,,,,,,,,,,,,,,,,,,,,,,,,,,,,,,,,,,,,,,,,,,,,,,,,,,,,,,,,,,,,Vino Fino,,,,,,,,,,,,,,,,,,,,,,Mo-Sa 17:00-22:00,,,,,,,yes,,,,,,,,,,,,,,,,,,,,,,,,,,,,,,,,,,,,,,,,,,,,,,,,,,,,,,,,,,,,,,,,,,,,,,,wine,,,,,,,,,,,,,,,,,,,,,,,,,,,,,,,,,,,,,,,,,,,,,https://vinofino.cz/,,,,,,,,,,,,,,,
node/11878732605,node/11878732605,,,,,,,,,,,,,,,,bar,,,,,,,,,,,,,,,,,,,,,,,,,,2024-05-04,,,,,,,,,,,,,,,,,,,,,,,,,,,,,,,,,,,,,,,,,,,,,,,,,,,,,,,,,,,,,,,,,,,,,,,,,,,,,,,,,,,,,,,,,,,,,,,,Nabubliny,,,,,,,,,,,,,,,,,,,,,,15:00 -23:00,,,,,,,,,,,,,,,,,,yes,,,,yes,,yes,,,,,,,,,,,,,,,,,,,,,,,,,,,,,,,,,,,,,,,,,,,,,,,,,,,,,,,,,,,,,,,,,,,,,,,,,,,,,,,,,,,,,,,,,,,,,,,,,,,,,,,,,,,,,,,,,,
node/11898272599,node/11898272599,,Praha,,,,,56,,12800,Rašínovo nábřeží,,,,,,bar,,,,,,,,,,,,,,,,arpus;nozib;falkon;chroust;matuška;zichovec,,,,,,,,,,,,,,,,,,,,,,,,,,,,,,,,,,,,,,,,,,,,,,,,,yes,,yes,,,,,,,,,info@drinkoteka.cz,,,,,,,,,,,,,,yes,,,,,,,,,,,,,,,,,,,,,,,,,,,,,,+420 774 643 078,,"Drinkøtéka craft beer bar & Bottle Shop, Prague",,,,,,,,,,,,,,,,,,,,,,Mo-Sa 15:00-22:00,,,,,,,yes,,,,,,,,,,,,,,,,,,,,,,,,,,,,,,,,,,,,,,,,,,,,,,,,,,,,,,,,,,,,,,,,,,,,,yes,,alcohol,,,,,,,,,,,,,,,,,,,,,,,,,,yes,,,,,,,,,,,,,,,,,,,https://drinkoteka.cz/,,,,,,,,,,,,,,,
node/11930261269,node/11930261269,,,,,,,6,,17000,Ovenecká,,,,,,bar,,,,,,,,,,,,,,,,,,,,,,,,,,,,,,,,,,,,,,,,,,,,,,,,,,,,,,,,,,,,,,,,,,,,,,,,,,,,,,,,,,,,,,,,,,,,,,,,,,,,,,,,,,,,,,,,,,,,,,,,,,Večernice,,,,,,,,,,,,,,,,,,,,,,"Mo-Sa 17:00-27:00; Sa, Su 17:00-25:00",,,,,,,,,,,,,,,,,,,,,,,,,,,,,,,,,,,,,,,,,,,,,,,,,,,,,,,,,,,,,,,,,,,,,,,,,,,,,,,,,,,,,,,,,,,,,,,,,,,,,,,,,,,,,,,,,,,,,,,,,,,,,,,,,,,,,,,,,,
node/11936540091,node/11936540091,,,,,,,,,,,,,,,,,,,,,,,,,,,,,,,,,,,,,,,,,,,,,,,,route_bottom,6-,,,,,,,,,,,,,,,,,,,,,,,,,,,,,,,,,,,,,,,,,,,,,,,,,,,,,,,,,,,,,,,,,,,,,,,,,,,,,,,,,,,,,,,,,Pivo v potoce,,,,,,,,,,,,,,,,,,,,,,,,,,,,,,,,,,,,,,,,,,,,,,,,,,,,,,,,,,,,,,,,,,,,,,,,,,,,,,,,,,,,,,,,,,,,,,,,,,,,,,,,,,,,,,,,,,,,,,climbing,,,,,,,,,,,,,,,,,,,,,,,,,,,https://www.horosvaz.cz/skaly-cesta-59866/,,,,,,,,,,File:Radotínské údolí - Zubák - SZ stěna2.jpg,"0.585,0.846|0.375,0.075|0.438,0.055",,,,
node/11986922606,node/11986922606,,,,,,,,,,,,,,,,pub,,,,,,,,,,,,,,,,,,,,,,,,,,,,,,,,,,,,https://www.facebook.com/McCarthysIrishBarPrague/,,https://www.instagram.com/mccarthys_prague/,,,,,,,,,,,,,,,,,,,,,,,,,,,,,,,,,,,,,,info@mccarthys.cz,,,,,,,,,,,,,,,,,,,,,,,,,,,,,,,,,,,,,,,,,,,,,,McCarthy's,,,,,,,,,,,,,,,,,,,,,,"Su-Th 10:00-01:00, Fr,Sa 10:00-02:00",,,,,,,,,,,,,,,,,,,,,,,,,,,,,,,,,,,,,,,,,,,,,,,,+420 606 775 853,,,,,,,,,,,,,,,yes,,,,,,,,,,,,,,,,,,,,,,,,,,,,,,,,,,,,,,,,,,irish,,,,,,,,,,,,,,,,,,https://www.mccarthys.cz,,,,https://www.mccarthys.cz/mccarthys-food-menu/,,,,,,,,,,,
node/12006205369,node/12006205369,,,,,,,1389/11,,,V Horkách,,,,,,pub,,,,,,,,,,,,,,,,,,,,,,,,,,,,,,,,,,,,,,,,,,,,,,,local,,,,,,,,,,,,,,,,,,,,,,,,,,,,,,,,,,,,,,,,,,,,,,,,,,,,,,,,,,,,,,,,,,,,,,,,,,,U Džbánu,,,,,,,,,,,,,,,,,,,,,,,,,,,,,,,,,,,,,,,,,,,,,,,,,,,,,,,,,,,,,,,,,,,,,,,,,,,,,,,,,,,,,,,,,,,,,,,,,,,,,,,,,,,,,,,,,,,,,,,,,,,,,,,,,,,,,,,,,,,,,,,,,https://www.u-dzbanu.cz/,,,,,,,,,,,,,,,
node/12012652644,node/12012652644,,,,,,,,,,,,,,,,pub,,,,,,,,,,,,,,,,,,,,,,,,,,,,,,,,,,,,,,,,,,,,,,,,,,,,,,,,,,,,,,,,,,,,,,,,,,,,churchill@turnovskapivnice.cz,,,,,,,,,,,,,,,,wlan,no,,,,,,,,,,,,,,,,,,,,,,,,no,,,,,Turnovská pivnice,,,,,,,,,,,,,,,,,,,,,,Mo-Sa 11:00-23:00; Su 11:00-22:00,,,,,,,yes,,,,,,,,,,,,,,,,,,,,,,,,,,,,,,,,,,,,,,,,,,,,,,,,,,,,,,,,,,,,,,,,,,,,,,,,,,,,,,,,,,,,,,,,,,,,,,,,,,,,,,,,,,,,,,,,,,,,https://turnovskapivnice.cz/,,,,,yes,,,,,,,,,,
node/12053895429,node/12053895429,,,,,,,,,,,,,,,,bar,,,,,,,,,,,,,,,,,,,,,,,,,,,,,,,,,,,,,,,,,,,,,,,,,,,,,,,,,,,,,,,,,,,,,,,,,,,,,,,,,,,,,,,,,,,,,,,,,,,,,,,,,,,,,,,,,,,,,,,,,,NOSTULA,,,,,,,,,,,,,,,,,,,,,,,,,,,,,,,,,,,,,,,,,,,,,,,,,,,,,,,,,,,,,,,,,,,,,,,,,,,,,,,,,,,,,,,,,,,,,,,,,,,,,,,,,,,,,,,,,,,,,,,,,,,,,,,,,,,,,,,,,,,,,,,,,,,,,,yes,,,,,,,,,,
node/12063167571,node/12063167571,,,,,,,,,,,,,,,,,,,,,,,,,,,,,history,,,,,,,,,,,,,,,,,,,,,,,,,,,,,,,,,,,,,,,Naučná stezka Přední Kopaninou a okolím,,,,,,,,,,,,,,,,,,,,,,,,,,,,,,,,,,,,,,,board,,,,,,,,,,,,,,,,,,,,,,,,,,,,,,,"Dvůr, kde žili a hospodařili Jezuité",,,,,,,,,,,,,,,,,,,,,,,,,,,,,,,,,,,,,,,,,,,,,,,,,,,,,,,,,,,,,,,,,,,,,,,,,,,,,,,14,,,,,,,,,,,,,,,,,,,,,,,,,,,,,,,,,,,,,,,,,,,,,,,,,,,,,,,,,,,information,,,,,,,,,,,,,,,,,,,,,,
node/12066942824,node/12066942824,,,,,,,,,,,,,,,,bar,,,,,,,,,,,,,,,,,,,,,,,,,,,,,,,,,,,,,,,,,,,,,,,,,,,,,,,,,,,,,,,,,,,,,,,,,,,,,,,,,,,,,,,,,,,,,,,,,,,,,,,,,,,,,,,,,,,,,,,,,,Why not wine,,,,,,,,,,,,,,,,,,,,,,,,,,,,,,,,,,,,,,,,,,,,,,,,,,,,,,,,,,,,,,,,,,,,,,,,,,,,,,,,,,,,,,,,,,,,,,,,,,,,wine,,,,,,,,,,,,,,,,,,,,,,,,,,,,,,,,,,,,,,,,,,,,,,,,,,,,,,,,,,,,
node/12078989269,node/12078989269,,,,,,,,,,,,,,,,bar,,,,,,,,,,,,,,,,,,,,,,,,,,,,,,,,,,,,,,,,,,,,,,,,,,,,,,,,,,,,,,,,,,,,,,,,,,,,,,,,,,,,,,,,,,yes,,,,,,,,,,,,,,,,,,,,,,,,,,,,,,,,Denní Bar Florenc,,,,,,,,,,,,,,,,,,,,,,Mo-Su 09:00-00:00,,,,,,,no,,,,,,,,,,,,,,,,,,,,,,,,,,,,,,,,,,,,,,,,,,,,,,,,,,,,,,,,,,,,,,,,,,,,,,,,,,,,,,,,,,,,,,,,,,,,,,,,,,,,,,,,,,,,,,,,,,,,,,,,,,,,,,,,,,,
node/12088464755,node/12088464755,,,,,,,,,,,,,,,,restaurant,,,,,,,,,,,,,,,,,,,,,,,,,,,,,,,,,,,,,,,,,,,,,,,,,,,,,,,,,,,,,,,,,,,,,,,,,,,,,,,,,,,,,,,,,,,,,,,,,,,,,,,,,,,,,,,,,,,,,,,,,,Pivnice U Tomáše,,,,,,,,,,,,,,,,,,,,,,,,,,,,,,,,,,,,,,,,,,,,,,,,,,,,,,,,,,,,,,,,,,,,,,,,,,,,,,,,,,,,,,,,,,,,,,,,,,,,,,,,,,,,,,,,,,,,,,,,,,,,,,,,,,,,,,,,,,,,,,,,,,,,,,,,,,,,,,,,
node/12111026454,node/12111026454,,,,,,,,,,,,,,,,bar,,,,,,,,,,,,,,,,,,,,,,,,,,,,,,,,,,,,,,,,,,,,,,,,,,,,,,,,,,,,,,,,,,,,,,,,,,,,,,,,,,,,,,,,,,,,,,,,,,,,,,,,,,,,,,,,,,,,,,,,,,Benjamin,,,,,,,,,,,,,,,,,,,,,,,,,,,,,,,,,,,,,,,,,,,,,,,,,,,,,,,,,,,,,,,,,,,,,,,,,,,,,,,,,,,,,,,,,,,,,,,,,,,,,,,,,,,,,,,,,,,,,,,,,,,,,,,,,,,,,,,,,,,,,,,,,,,,,,,,,,,,,,,,
node/12151513135,node/12151513135,,,,,,,,,,,,,,,,bar,,,,,,,,,,,,,,,,Pilsner Urquell;Kozel,,,,,,,,,,2026-05-03,,,,,,,,,,,,,,,,,,,,,,,,,,,,,,,,,,,,,,,,,,,,,,,,,,,,,,,,,,,,,,,,yes,,,,,,,,,,,,,,,,,,,,,,,,,,,,,,,,Hájenka,,,,,,,,,,,,,,,,,,,,,,09:00-22:00,,,,,,,no,,,,,,,,,,,,,,,,,,,,,,,,,,,,,,,,,,,,,,,,,,,,,,,,,,,,,,,,,,,,,,,,,,,,,,,,,,,,,,,,,,,,,,,,,,,,,,,,,,,,,,,,,,,,,,,,,,,,,,,,,,,,,,,,,,,
node/12155175352,node/12155175352,,,,,,,,,,,,,,,,pub,,,,,,,,,,,,,,,,Gambrinus,,,,,,,,,,,,,,,,,,,,,,,,,,,,,,,,,,,,,,,,,,,,,,,,,,,,,,,,,,,,,,,,,,,,,,,,,,yes,,,,,,,,,,,,,,,,,,,,,,,,,,,,,,,,Na Pavlači,,,,,,,,,,,,,,,,,,,,,,Mo-Su 10:00-22:00,,,,,,,no,,,,,,,,,,,,,,,,,,,,,,,,,,,,,,,,,,,,,,,,,,,,,,,,,,,,,,,,,,,,,,,,,,,,,,,,,,,,,,,no,,,,,,,,,,,,,,,,,,,,,,,,,,,,,,,,,,,,,,,,,,limited,,,,,,,,,,
node/12160979501,node/12160979501,,,,,,,1258/7,,104 00,Přátelství,,,,,,,,,,,,,,,,,,,,,,,,,,,,,,,,,,,,,,,,,,,,,,,,,,,,,,,,,,,,,,,,,,,,,,,,,,,,,,,,,,info@la-vin.cz,,,,,,,,,,,,,,,,,,,,,,,,,,,,,,,,,,,,,,,,,,,,,,La-Vin,,,,,,,,,,,,,,,,,,,,,,Mo-Fr 08:00-18:00; Sa 08:00-14:00,,,,,,,no,,,,,,,,,,,,,,,yes,,yes,,,,,,,,,,,,,,,,,,,,,,,,+420 602 645 610,,,,,,,,,,,,,,,,,,,,,,,,,,,,,,alcohol,,,,,,,,,,,,,,,,,,,,,,,,,,,,,,,,,,,,,,,,,,,,,http://la-vin.czs,,,,,,,,,,,,,,,
node/12219087765,node/12219087765,,,,,,,,,,,,,,,,,,,,,,,,,,,,,nature,,,,,,,,,,,,,,,,,,,,,,,,,,,,,,,,,,,,,,,NS Kunratickým lesem,,,,,,,,,,,,,,,,,,,,,,,,,,,,,,,,,,,,,,,board,,,,,,,,,,,,,,,,,,,,,,,,,,,,,,,Na rozcestí (Hospodaření v lese),,,,,,,,,,,,,,,,,,,,,,,,,,,,,,,,,,,,,,,,,,,,,,,,,,,,,,,,,,,,,,,,,,,,,,,,,,,,,,,7,,,,,,,,,,,,,,,,,,,,,,,,,,,,,,,,,,,,,,,,,,,,,,,,,,,,,,,,,,,information,,,,,,,,,,,,,,,,,,,,,,
node/12219117470,node/12219117470,,,,,,,,,,,,,,,,,,,,,,,,,,,,,history;nature,,,,,,,,,,,,,,,,,,,,,,,,,,,,,,,,,,,,,,,NS Kunratickým lesem,,,,,,,,,,,,,,,,,,,,,,,,,,,,,,,,,,,,,,,board,,,,,,,,,,,,,,,,,,,,,,,,,,,,,,,Pod atlánem (Historické hospodaření v lesích),,,,,,,,,,,,,,,,,,,,,,,,,,,,,,,,,,,,,,,,,,,,,,,,,,,,,,,,,,,,,,,,,,,,,,,,,,,,,,,8,,,,,,,,,,,,,,,,,,,,,,,,,,,,,,,,,,,,,,,,,,,,,,,,,,,,,,,,,,,information,,,,,,,,,,,,,,,,,,,,,,
node/12291867539,node/12291867539,,,,,,,,,,,,,,,,,,,,,,,,,,,,,,,,,,,,,,,,,,,,,,,,,,,,,,,,,,,,,,,,,,,,,,,,,,,,,,,,,,,,,,,yes,,,,,,,,,,,,,,,,,,,,,,,,,,,,,,,,,,,,,,,,,,,,,,,,,,,U mě,,,,,,,,,,,,,,,,,,,,,,,,,,,,,,,,,,,,,,,,,,,,,,,,,,,,,,,,,,,,,,,,,,,,,,,,,,,,,,,,,,,,,,,,,,,,,,,,,,,,alcohol,,,,,,,,,,,,,,,,,,,,,,,,,,,,,,,,,,,,,,,,,,,,,,,,,,,,,,,,,,,,
node/12334391465,node/12334391465,,,,,,,,,,,,,,,,pub,,,,,,,,,,,,,,,,,,,,,,,,,,,,,,,,,,,,,,,,,,,,,,,,,,,,,,,,,,,,,,,,,,,,,,,,,,,,,,,,,,,,,,,,,,,,,,,,,,,,,,,,,,,,,,,,,,,,,,,,,,Hájecká hospůdka,,,,,,,,,,,,,,,,,,,,,,,,,,,,,,,,,,,,,,,,,,,,,,,,,,,,,,,,,,,,,,,,,,,,,,,,,,,,,,,,,,,,,,,,,,,,,,,,,,,,,,,,,,,,,,,,,,,,,,,,,,,,,,,,,,,,,,,,,,,,,,,,,https://www.hajecka.cz/,,,,,,,,,,,,,,,
node/12387235406,node/12387235406,,,,,,,12,,,Králodvorská,,,,,,bar,,,,,,,,,,,,,,,,,,,,,,,,,,,,,,,,,,,,,,,,,,,,,,,,,,,,,,,,,,,,,,,,,,,,,,,,,,,,,,,,,,,,,,,,,,yes,,,,,,,,,,,,,,,,,,,,,,,,,,,,,,,,Since Bar,,,,,,,,,,,,,,,,,,,,,,"Mo-Sa 18:00-02:00, Su 18:00-24:00",,,,,,,no,,,,,,,,,,,,,,,,,,,,,,,,,,,,,,,,,,,,,,,,,+420776404016,,,,,,,,,,,,,,,,,,,,,,,,,,,,,,,,,,,,,,,,,,,,,,,,,,,,,,,,,,,,,,,,,,,,,,,,,,,https://www.instagram.com/since_bar_praha/,,,,,,,,,,,,,,,
node/12437255569,node/12437255569,,Praha 7,,,,,13,,17000,Bubenské nábřeží,,,,,,bar,,,,,,,,,,,,,,,,,,,,,,,,,,2026-04-02,,,,,,,,,,https://www.facebook.com/burzaburza4,,https://www.instagram.com/burza_4/,,,,,,,,,,,,,,,,,,,,,,,,,,,,,,,,,,,,,,,,,,,,,,,,,,,,,,,,,,,,,,,,,,,,,,,,,,,,,,,,,,,,Burza #4,,,,,,,,,,,,,,,,,,,,,,Su-Tu 16:00-24:00; We 16:00-02:00; Th 16:00-01:00; Fr-Sa 16:00-03:00,,,,,,,,,,,,,,,,,,yes,,,,yes,,yes,,,,,,,,,,,,,,,,,,,,,,,,+420733587511,,,,,,,,,,,,,,,,,,,,,,,,,,,,,,,,,,,,,,,,,,,,,,,,,,,,,,,,,,,,,,,,,,,,,,,,,,,https://burza4.com/,,,,,,,,,,,,,,,
node/12440470601,node/12440470601,,,,,,,,,,,,,,,,pub,,,,,,,,,,,,,,,,,,,,,,,,,,,,,,,,,,,,,,,,,,,,,,,,,,,,,,,,,,,,,,,,,,,,,,,,,,,,,,,,,,,,,,,,,,,,,,,,,,,,,,,,,,,,,,,,,,,,,,,,,,Fat Cat Beerhouse,,,,,,,,,,,,,,,,,,,,,,Mo-Su 07:00-23:00,,,,,,,,,,,,,,,,,,,,,,,,,,,,,,,,,,,,,,,,,,,,,,,,,,,,,,,,,,,,,,,,,,,,,,,,,,,,,,,,,,,,,,,,,,,,,,,,,,,,,,,,,,,,,,,,,,,,,,,,,,,,,,,,,,,,,,,,,,
node/12477813601,node/12477813601,,,,,,,,,,,,,,,,pub,,,,,,,,,,,,,,,,,,,,,,,,,,2026-02-13,,,2026-02-13,,,,,,,,,,,,,,,,,,,,,,,,,,,,,,,,,,,,,,,,,,,,,,,,,,,,,,,,,,,,,yes,,,,,,,,,,,,,,,,,,,,,,,,,,,,,,,,Golden Kettle,,,,,,,,,,,,,,,,,,,,,,Mo-Th 07:00-21:00; Fr-Su 07:00-21:30,,,,,,,yes,,,,,,,,,,,yes,,,,yes,,yes,,,,,,,,,,,,,,,,,,,,,,,,,,,,,,,,,,,,,,,,,,,,,,,,,,,,,,,,,,,,,,,,,,,,,,,,,,,,,,,,,,,,,,,,,,,,,,,,,,,,,,,,no,,,,,,,,,,
node/12479231101,node/12479231101,,,,,,,573/30,,17000,Dukelských hrdinů,,,,,,pub,,,,,,,,,,,,,,,,,,,,,,,,,,,,,,,,,,,,,,,,,,,,,,,,,,,,,,,,,,,,,,,,,,,,,,,,,,,,,,,,,,,,,,,,,,,,,,,,,,,,,,,,,,,,,,,,,,,,,,,,,,Hostinec U houbaře,,,,,,,,,,,,,,,,,,,,,,Mo-Sa 11:00-23:00; Su 11:00-23:00,,,,,,,,,,,,,,,,,,,,,,,,,,,,,,,,,,,,,,,,,,,,,,,,,,,,,,,,,,,,,,,,,,,,,,,,,,,,,,,,,,,,,,,,,,,,,,,,,,,,,,,,,,,,,,,,,,,,,,,,,,,,,,,,,,,,,,,,,,
node/12479383995,node/12479383995,,,,,,,,,,,,,,,,pub,,,,,,,,,,,,,,,,pilsner_urquell,,,,,,,,,,,,,,,,,,,,,,,,,,,,,,,,,,,,,,,,,,,,,,,,,,,,,,,,,,,,,,,,,,,,,,,,,,,,,,,,,,,,,,,,,,,,,,,,,,,,,,,,,,Nudle,,,,,,,,,,,,,,,,,,,,,,24/7,,,,,,,,,,,,,,,,,,,,,,,,,,,,,,,,,,,,,,,,,,,,,,,,,,,,,,,,,,,,,,,,,,,,,,,,,,,,,,,,,,,,,,,,,,,,,,,,,,,,,,,,,,,,,,,,,,,,,,,,,,,,,,,,,,,,,,,,,,
node/12516794807,node/12516794807,,,,,,,,,,,,,,,,bar,,,,,,,,,,,,,,,,,,,,,,,,,,,,,,,,,,,,,,,,,,,,,,,,,,,,,,,,,,,,,,,,,,,,,,,,,,,,,,,,,,,,,,,,,,,,,,,,,,,,,,,,,,,,,,,,,,,,,,,,,,Music bar PHENOMEN,,,,,,,,,,,,,,,,,,,,,,,,,,,,,,,,,,,,,,,,,,,,,,,,,,,,,,,,,,,,,,,,,,,,,,,,,,,,,,,,,,,,,,,,,,,,,,,,,,,,,,,,,,,,,,,,,,,,,,,,,,,,,,,,,,,,,,,,,,,,,,,,,https://www.phenomen.cz/,,,,,,,,,,,,,,,
node/12628314819,node/12628314819,,,,,,,764/2,,,Brandejsovo náměstí,,,,,,bar,,,,,,,,,,,,,,,,,,,,,,,,,,,,,,,,,,,,,,,,,,,,,,,,,,,,,,,,,,,,,,,,,,,,,,,,,,,,,,,,,,,,,,,,,,,,,,,,,,,,,,,,,,,,,,,,,,,,,,,,,,Bar Sever,,,,,,,,,,,,,,,,,,,,,,"Mo-Fr 13:00-22:00; Sa, Su 14:00-22:00",,,,,,,,,,,,,,,,,,,,,,,,,,,,,,,,,,,,,,,,,,,,,,,,,,,,,,,,,,,,,,,,,,,,,,,,,,,,,,,,,,,,,,,,,,,,,,,,,,,,,,,,,,,,,,,,,,,,,,,,,,,,,,,,,,,,,,,,,,
node/12642932819,node/12642932819,,,,,,,,,,,,,,,,bar,,,,,,,,,,,,,,,,,,,,,,,,,,2025-03-04,,,,,,,,,,,,,,,,,,,,,,,,,,,,,,,,,,,,,,,,,,,,,,,,,,,,,,,,,,,,,,,,,,,,,,,,,,,,,,,,,,,,,,,,,,,,,,,,Ryba Bar,,,,,,,,,,,,,,,,,,,,,,,,,,,,,,,,,,,,,,,,,,,,,,,,,,,,,,,,,,,,,,,,,,,,,,,,,,,,,,,,,,,,,,,,,,,,,,,,,,,,,,,,,,,,,,,,,,,,,,,,,,,,,,,,,,,,,,,,,,,,,,,,,,,,,,,,,,,,,,,,
node/12643944052,node/12643944052,,Praha,,,,,707/7,,18600,Karolinská,,,,,,bar,,,,,,,,,,,,,,,,,,,,,,,,,,,,,,,,,,,,,,,,,,,,,,,,,,,,,,,,,,,,,,,,,,,,,,,,,,,,,,,,,,,,,,,,,,yes,,,,,,,,,,,,,,,,,,,,,,,,,,,,,,,,Revír Karlín,,,,,,,,,,,,,,,,,,,,,,Tu-We 17:00-00:00; Th-Fr 17:00-02:00; Sa 18:00-02:00,,,,,,,yes,,,,,,,,,,,,,,,,,,,,,,,,,,,,,,,,,,,,,,,,,,,,,,,,,,,,,,,,,,,,,,,,,,,,,,,,,,,,,,,,,,,,,,,,,,,,,,,,,,,,,,,,,,,,,,,,,,,,https://www.revirkarlin.cz,,,,,,,,,,,,,,,
node/12652552279,node/12652552279,,,,,,,,,,,,,,,,pub,,,,,,,,,,,,,,,,,,,,,,,,,,,,,,,,,,,,,,,,,,,,,,,,,,,,,,,,,,,,,,,,,,,,,,,,,,,,,,,,,,,,,,,,,,,,,,,,,,,,,,,,,,,,,,,,,,,,,,,,,,Billiard Svět,,,,,,,,,,,,,,,,,,,,,,"Mo 18:00-01:00, Tu-Th 18:00-02:00, Fr,Sa 18:00-03:00, Su 17:00-24:00",,,,,,,,,,,,,,,,,,,,,,,,,,,,,,,,,,,,,,,,,,,,,,,,,,,,,,,,,,,,,,,,,,,,,,,,,,,,,,,,,,,,,,,,,,,,,,,,,,,,,,,,,,,,,,,,,,,,,,,,,,,,,,,,,,,,,,,,,,
node/12709729295,node/12709729295,,,,,,,,,,,,,,,,pub,,,,,,,,,,,,,,,,,,,,,,,,,,,,,,,,,,,,,,,,,,,,,,,,,,,,,,,,,,,,,,,,,,,,,,,,,,,,,,,,,,,,,,,,,,,,,,,,,,,,,,,,,,,,,,,,,,,,,,,,,,Pivnice u Průhonu,,,,,,,,,,,,,,,,,,,,,,,,,,,,,,,,,,,,,,,,,,,,,,,,,,,,,,,,,,,,,,,,,,,,,,,,,,,,,,,,,,,,,,,,,,,,,,,,,,,,,,,,,,,,,,,,,,,,,,,,,,,,,,,,,,,,,,,,,,,,,,,,,,,,,,,,,,,,,,,,
node/12749712980,node/12749712980,,,,,,,301/10,,,Strahovské nádvoří,,,,,,restaurant,,,,,,,,,,,,,,,,,,,,,,,,,,2026-04-24,,,2026-04-24,,,,,,,,,,,,,,,,,,,,,,,,,,,,,no,yes,,,,,,,,,,,,,,,,,kancelar@klasterni-pivovar.cz,,,,,,,,,,,,,,,,,,,,,,,,,,,,,,,,,,,,,,,,,yes,,,,,Pivovar SV. Norbert,,,,,,,,,,,,,,,,,,,,,,Mo-Su 10:00-22:00,,,,,,,,,,,,,,,,,,yes,,,,yes,,yes,,,,,,,,,,,,,,,,,,,,,,,,+420 734 852 382,,,,,,,,,,,,,,,,,,,,,,,,,,,,,,,,,,,,,,,,,,,,,,,,,,,,,,,,,,,,,,,,,,,,,,,,,,,https://www.klasterni-pivovar.cz/,,,,,limited,,,,,,,,,,
node/12750018858,node/12750018858,,,,,,,,,,,,,,,,bar,,,,,,,,,,,,,,,,,,,,,,,,,,,,,,,,,,,,,,,,,,,,,,,,,,,,,,,,,,,,,,,,,,,,,,,,,,,,,,,,,,,,,,,,,,,,,,,,,,,,,,,,,,,,,,,,,,,,,,,,,,Atlas,,,,,,,,,,,,,,,,,,,,,,,,,,,,,,,,,,,,,,,,,,,,,,,,,,,,,,,,,,,,,,,,,,,,,,,,,,,,,,,,,,,,,,,,,,,,,,,,,,,,,,,,,,,,,,,,,,,,,,,,,,,,,,,,,,,,,,,,,,,,,,,,,,,,,,,,,,,,,,,,
node/12756785601,node/12756785601,,,,,,,227/14,,17000,Malířská,,,,,,bar,,,,,,,,,,,,,,,,,,,,,,,,,,,,,,,,,,,,thejamletna,,thejamletna,,,,,,,,,,,,,,,,,,,,,,,,,,,,,,,,,,,,,,ahoj@thejamletna.cz,,,,,,,,,,,,,,,,,,,,,,,,,,,,,,,,,,,,,,,,,,,,,,The Jam Letna,,,,,,,,,,,,,,,,,,,,,,Tu-Th 17:00-00:00; Fr 17:00-02:00; Sa 17:00-01:00,,,,,,,,,,,,,,,,,,,,,,,,,,,,,,,,,,,,,,,,,,,,,,,,+420735178483,,,,,,,,,,,,,,,,,,,,,,,,,,,,,,,,,,,,,,,,,,,,,,,,,,,,,,,,,,,,,,,,,,,,,,,,,,,https://www.thejamletna.cz,,,,,,,,,,,,,,,
node/12791524035,node/12791524035,,,,,0,,,,,,,,,,,bar,,,,,,,,,,,,,,,,,,,,,,,,,,2025-04-27,,,,,,,,,,,,,,,,,,,,,,,,,,,,,,,,,,,,,,,,,,,,,,,,,,,,,,,,,,,,,,,,,,,,,,,,,,,,,,,,,0,,,,,,,,,,,,,,,Orijinal Restaurant,,,,,,,,,,,,,,,,,,,,,,08:00-22:00,,,,,,,,,,,,,,,,,,yes,,,,yes,,yes,,,,,,,,,,,,,,,,,,,,,,,,,,,,,,,,,,,,,,,,,,,,,,,,,,,,,,,,,,,,,,,,,,,,,,,,,,,,,,,,,,,,,,,,,,,,,,,,,,,,,,,,yes,,,,,,,,,,
node/12820981941,node/12820981941,,,,,,,,,,,,,,,,,,,,,,,,,,,,,,,,,,,,,,,,,,,,,,,,,,,,https://www.facebook.com/prodejnapivaucernych,,,,,,,,,,,,,,,,,,,,,,,,,,,,,yes,,,,,,,,,,,pivoucernych@centrum.cz,,,,,,,,,,,,,,,,,,,,,,,,,,,,,,,,,,,,,,,,,,,,,,Prodejna piva u Černých,,,,,,,,,,,,,,,,,,,,,,"Mo-Fr 16:00-19:00; Sa 09:00-12:00,14:00-17:00",,,,,,,,,,,,,,,,,,,,,,,,,,,,,,,,,,,,,,,,,,,,,,,,,,,,,,,,,,,,,,,,,,,,,,,,,,,,,,alcohol,,,,,,,,,,,,,,,,,,,,,,,,,,,,,,,,,,,,,,,,,,,,,,,,,,,,,,,,,,,,
node/12826187311,node/12826187311,,,,,,,,,,,,,,,,pub,,,,,,,,,,,,,,,,,,,,,,,,,,,,,,,,,,,,,,,,,,,,,,,,,,,,,,,,,,,,,,,,,,,,,,,,,,,,,,,,,,,,,,,,,,,,,,,,,,,,,,,,,,,,,,,,,,,,,,,,,,Formanka 1968,,,,,,,,,,,,,,,,,,,,,,Mo-Fr 11:00-23:00; Sa-Su 12:00-23:00;,,,,,,,,,,,,,,,,,,,,,,,,,,,,,,,,,,,,,,,,,,,,,,,,,,,,,,,,,,,,,,,,,,,,,,,,,,,,,,,,,,,,,,,,,,,,,,,,,,,,,,,,,,,,,,,,,,,,,,,,,,,,,,,,,,,,,,,,,,
node/12837636644,node/12837636644,,,,,,,,,,,,,,,,,,,,,,,,,,,,,,,,,,,,,,,,,,,,,,,,,,,,https://www.facebook.com/people/Pivn%C3%AD-zast%C3%A1vka/100048729833640/,,,,,,,,,,,,,,,,,,,,,,,,,,,,,yes,,,,,,,,,,,,,,,,,,,,,,,,,,,,,,,,,,,,,,,,,,,,,,,,,,,,,,,+420 732 224 224,,Pivní zastávka,,,,,,,,,,,,,,,,,,,,,,Mo-Fr 15:00-22:00,,,,,,,,,,,,,,,,,,,,,,,,,,,,,,,,,,,,,,,,,,,,,,,,,,,,,,,,,,,,,,,,,,,,,,,,,,,,,,alcohol,,,,,,,,,,,,,,,,,,,,,,,,,,,,,,,,,,,,,,,,,,,,,https://pivnizastavka.cz/,,,,,,,,,,,,,,,
node/12847488343,node/12847488343,,,,,,,,,,,,,,,,pub,,,,,,,,,,,,,,,,,,,,,,,,,,,,,,,,,,,,https://www.facebook.com/Sedmstupnu/,,https://www.instagram.com/sedm_stupnu,,,,,,,,,,,,,,,,,,,,,,,,,,,yes,,,,,,,,,,,vycep@sedmstupnu.cz,,,,,,,,,,,,,,,,,,,,,,,,,,,,,,,,,,,,,,,,,,,,+420 603 155 315,,sedm°,,,,,,,,,,,,,,,,,,,,,,Mo-Fr 17:00-24:00,,,,,,,,,,,,,,,,,,,,,,,,,,,,,,,,,,,,,,,,,,,,,,,,,,,,,,,,,,,,,,,,,,,,,,,,,,,,,,alcohol,,,,,,,,,,,,,,,,,,,,,,,,,,,,,,,,,,,,,,,,,,,,,https://www.sedmstupnu.cz/,,,,,,,,,,,,,,,
node/12849565397,node/12849565397,,,,,,,,,,,,,,,,pub,,,,,,,,,,,,,,,,,,,,,,,,,,,,,,,,,,,,,,,,,,,,,,,,,,,,,,,,,,,,,,,,,,,,,,,,,,,,,,,,,,,,,,,,,,,,,,,,,,,,,,,,,,,,,,,,,,,,,,,,,,,,,,,,,,,,,,,,,,,,,,,,,,,,,,,,,,,,,,,,,,,,,,,,,,,,,,,,,,,,,,,,,,,,,,,,,,,,,,,,,,,,,,,,,,,,,,,,,,,,,,,,,,,,,,,,,,,,,,,,,,,,,,,,,,,,,,,,,,,,,,,,,,,,,,,,,,,,,,,,,,
node/12851550467,node/12851550467,,,,,,,,,,,,,,,,bar,,,,,,,,,,,,,,,,,,,,,,,,,,,,,,,,,,,,,,,,,,,,,,,,,,,,,,,,,,,,,,,,,,,,,,,,,,,,,,,,,,,,,,,,,,yes,,,,,,,,,,,,,,,,,,,,,,,,,,,,,,,,Studentský Bar U Dna,,,,,,,,,,,,,,,,,,,,,,,,,,,,,yes,,,,,,,,,,,,,,,,,,,,,,,,,,,,,,,,,,,,,,,,,,,,,,,,,,,,,,,,,,,,,,,,,,,,,,,,,,,,,,,,,,,,,,,,,,,,,,,,,,,,,,,,,,,,,,,,,,,,,,,,,,,,,,,,,,,
node/12851874632,node/12851874632,,,,,,,,,,,,,,,,biergarten,,,,,,,,,,,,,,,,,,,,,,,,,,,,,,,,,,,,,,,,,,,,,,,,,,,,,,,,,,,,,,,,,,,,,,,,,,,,,,,,,,,,,,,,,,,,,,,,,,,,,,,,,,,,,,,,,,,,,,,,,,,,,,,,,,,,,,,,,,,,,,,,,,,,,,,,,,,,,,,,,,,,,,,,,,,,,,,,,,,,,,,,,,,,,,,,,,,,,,,,,,,,,,,,,,,,,,,,,,,,,,,,,,,,,,,,,,,,,,,,,,,,,,,,,,,,,,,,,,,,,,,,,,,,,,,,,,,,,,,,,,
node/12856232114,node/12856232114,,,,,,,,,,,,,,,,pub,,,,,,,,,,,,,,,,,,,,,,,,,,,,,,,,,,,,https://www.facebook.com/pivogrando/,,https://www.instagram.com/pivogrando/,,,,,,,,,,,,,,,,,,,,,,,,,,,yes,,,,,,,,,,,kancelar@pivogrando.cz,,,,,,,,,,,,,,yes,,,,,,,,,,,,,,,,,,,,,,,,,,,,,,+420 777 723 171,,Pivo Grando,,,,,,,,,,,,,,,,,,,,,,Mo-Su 13:00-22:00,,,,,,,yes,,,,,,,,,,,,,,,yes,,yes,,,,,,,,,,,,,,,,,,,,,,,,,,,,,,,,,,,,,,,,,,,,,,,,,,,,,,alcohol,,,,,,,,,,,,,,,,,,,,,,,,,,,,,,,,,,,,,,,,,,,,,https://pivogrando.cz/,,,,,,,,,,,,,,,
node/12857208766,node/12857208766,,Praha 5,,,,,2149/7,,158 00,Seydlerova,,,,,,pub,,,,,,,,,,,,,,,,,,,,,,,,,,,,,,,,,,,,,,,,,,,,,,,,,,,,,Stylová klimatizovaná pivnice kde se můžete těšit na pěkně načepované a výborně orosené pivo.,"We operate a beer hall and a bar. There is wireless internet access, a garden and parking.",,,,,,,,,,,,,,,,,,,,,,jakubwow7@seznam.cz,https://www.facebook.com/pohodahospodabar,,,,,,,,,,,,,,,,,,,,,,,,,,,,,,,,,,,,,,,,,,,,,Pohoda hospoda & bar,,,,,,,,,,,,,,,,,,,,,,"Mo-Fr 13:00-22:00; Sa,Su,PH 14:00-22:00",,,,,,,yes,,,,,,,,,,,,,,,,,,,,,,,,,,,,,,,,,,,,,,,,,+420 725 760 958,,,,,,,,,,,,,,,,,,,,,,,,,,,,,,,,,,,,,,,,,,,,,,,,,,,,,,,,,,,,,,,,,,,,,,,,,,,https://www.facebook.com/pohodahospodabar,,,,,,,,,,,,,,,
node/12866640553,node/12866640553,,,,,,,,,,,,,,,,biergarten,,,,,,,,,,,,,,,,,,,,,,,,,,,,,,,,,,,,,,,,,,,,,,,,,,,,,,,,,,,,,,,,,,,,,,,,,,,,,,,,,,,,,,,,,,,,,,,,,,,,,,,,,,,,,,,,,,,,,,,,,,,,,,,,,,,,,,,,,,,,,,,,,,,,,,,,,,,,,,,,,,,,,,,,,,,,,,,,,,,,,,,,,,,,,,,,,,,,,,,,,,,,,,,,,,,,,,,,,,,,,,,,,,,,,,,,,,,,,,,,,,,,,,,,,,,,,,,,,,,,,,,,,,,,,,,,,,,,,,,,,,
node/12873798802,node/12873798802,,,,,,,,,,,,,,,,bar,,,,,,,,,,,,,,,,,,,,,,,,,,,,,,,,,,,,,,,,,,,,,,,,,,,,,,,,,,,,,,,,,,,,,,,,,,,,,,,,,,,,,,,,,,,,,,,,,,,,,,,,,,,,,,,,,,,,,,,,,,Sport bar Radík,,,,,,,,,,,,,,,,,,,,,,14:00-22:00,,,,,,,,,,,,,,,,,,,,,,,,,,,,,,,,,,,,,,,,,,,,,,,,,,,,,,,,,,,,,,,,,,,,,,,,,,,,,,,,,,,,,,,,,,,,,,,,,,,,,,,,,,,,,,,,,,,,,,,,,,,,,,,,,,,,,,,,,,
node/12874195101,node/12874195101,,,,,,,1737/3,,110 00,Opatovická,,,,,,bar,,,,,,,,,,,,,,,,,,,,,,,,,,,,,,,,,,,,,,,,,,,,,,,,,,,,,,,,,,,,,,,,,,,,,,,,,,,,,,,,,,,,,,,,,,,,,,,,,,,,,,,,,,,,,,,,,,,,,,,,,,Hemingway Bar Prague,,,,,,,,,,,,,,,,,,,,,,"Su-Th 17:00-01:00, Fr,Sa 17:00-02:00",,,,,,,,,,,,,,,,,,,,,,,,,,,,,,,,,,,,,,,,,,,,,,,,,,,,,,,,,,,,,,,,,,,,,,,,,,,,,,,,,,,,,,,,,,,,,,,,,,,,,,,,,,,,,,,,,,,,,,,,,,,,,,,,,,,,,,,,,,
node/12876568001,node/12876568001,,,,,,,,,,,,,,,,bar,,,,,,,,,,,,,,,,,,,,,,,,,,,,,,,,,,,,,,,,,,,,,,,,,,,,,,,,,,,,,,,,,,,,,,,,,,,,,,,,,,,,,,,,,,,,,,,,,,,,,,,,,,,,,,,,,,,,,,,,,,Hostivar  2 venkovní stánek,,,,,,,,,,,,,,,,,,,,,,,,,,,,,,,,,,,,,,,,,,,,,,,,,,,,,,,,,,,,,,,,,,,,,,,,,,,,,,,,,,,,,,,,,,,,,,,,,,,,,,,,,,,,,,,,,,,,,,,,,,,,,,,,,,,,,,,,,,,,,,,,,,,,,,,,,,,,,,,,
node/12876579146,node/12876579146,,,,,,,,,,,,,,,,bar,,,,,,,,,,,,,,,,,,,,,,,,,,,,,,,,,,,,,,,,,,,,,,,,,,,,,,,,,,,,,,,,,,,,,,,,,,,,,,,,,,,,,,,,,,,,,,,,,,,,,,,,,,,,,,,,,,,,,,,,,,Zasek,,,,,,,,,,,,,,,,,,,,,,,,,,,,,,,,,,,,,,,,,,,,,,,,,,,,,,,,,,,,,,,,,,,,,,,,,,,,,,,,,,,,,,,,,,,,,,,,,,,,,,,,,,,,,,,,,,,,,,,,,,,,,,,,,,,,,,,,,,,,,,,,,,,,,,,,,,,,,,,,
node/12920772501,node/12920772501,,,,,,,1223,,16300,Makovského,,,,,,,,,,,,,,,,,,,,,,,,,,,,,,,,,,,,,,,,,,,,,,,,,,,,,,,,,,,,,,,,,,,,,,,,,,,,,,,,,,,,,,,,,,,,,,,,,,,,,,,,,,,,,,,,,,,,,,,,,,,,,,,,Vinotéka na Blatinách,,,,,,,,,,,,,,,,,,,,,,Mo-Su 14:00-20:00,,,,,,,,,,,,,,,,,,,,,,,,,,,,,,,,,,,,,,,,,,,,,,,,,,,,,,,,,,,,,,,,,,,,,,,,,,,,,,alcohol,,,,,,,,,,,,,,,,,,,,,,,,,,,,,,,,,,,,,,,,,,,,,,,,,,,,,,,,,,,,
node/12947501404,node/12947501404,,Praha 1,,CZ,,,2139/2,,11000,Na Florenci,,,,,,restaurant,,,,,,,,,,,,,,,,,,,,,,,,,,,,,,,,,,,info@fuzepraha.cz,,,,,+420 734 889 633,,,,,,,,,,,,,,,,,,,,,,,,,,,,,,,,,,,,,,,,,,,,,,,,,,yes,,,,,,,,,,,,,,,,,,,,,,,,,,,yes,,,,,Fuze,,,,,,,,,,,,,,,,,,,,,,Mo-Fr 11:00-23:30; Sa 12:00-23:30; Su 12:00-22:30,,,,,,,no,,,,,,,,,,,,,,,,,,,,,,,,,,,,,,,,,,,,,,,,,,,,,,,,,,,,,,,,,,,,,,,,,,,,,,,,,,,,,,,,,,,,,,,,,,,,,,,,,,,,,,,,,,,,,,,,,,,,https://www.fuzepraha.cz/,,,,,,,,,,,,,,,
node/12950247943,node/12950247943,,,,,,,,,,,,,,,,pub,,,,,,,,,,,,,,,,,,,,,,,,,,,,,,,,,,,,,,,,,,,,,,,,,,,,,,,,,,,,,,,,,,,,,,,,,,,,rezervacezaskolou@gmail.com,,,,,,,,,,,,,,yes,,,,,,,,,,,,,,,,,,,,,,,,,,,,,,,,Za školou,,,,,,,,,,,,,,,,,,,,,,Mo-Fr 16:30-23:00,,,,,,,yes,,,,,,,,,,,,,,,,,,,,,,,,,,,,,,,,,,,,,,,,,,,,,,,,,,,,,,,,,,,,,,,,,,,,,,,,,,,,,,,,,,,,,,,,,,,,,,,,,,,,,,,,,,,,,,,,,,,,https://zaskolou.com/,,,,,,,,,,,,,,,
node/12950247945,node/12950247945,,,,,,,,,,,,,,,,bar,,,,,,,,,,,,,,,,,,,,,,,,,,,,,,,,,,,,,,,,,,,,,,,,,,,,,,,,,,,,,,,,,,,,,,,,,,,,,,,,,,,,,,,,,,,,,,,,,,,,,,,,,,,,,,,,,,,,,,,,,,Na břehu Rhôny,,,,,,,,,,,,,,,,,,,,,,Mo-Sa 16:00-22:00,,,,,,,yes,,,,,,,,,,,,,,,,,,,,,,,,,,,,,,,,,,,,,,,,,,,,,,,,,,,,,,,,,,,,,,,,,,,,,,,wine,,,,,,,,,,,,,,,,,,,,,,,,,,,,,,,,,,,,,,,,,,,,,https://www.nabrehurhony.cz/nase-brehy/na-brehu-rhony---vinny-bar-bubenec/,,,,,,,,,,,,,,,
node/12950247947,node/12950247947,,,,,,,,,,,,,,,,bar,,,,,,,,,,,,,,,,,,,,,,,,,,,,,,,,,,,,,,,,,,,,,,,,,,,,,,,,,,,,,,,,,,,,,,,yes,,,,,,,,,,,,,,,,,,,,,,,,,,,,,,,,,,,,,,,,,,,,,,,,,,,Santé!,,,,,,,,,,,,,,,,,,,,,,Mo-We 14:00-20:00; Th-Sa 14:00-22:00,,,,,,,,,,,,,,,,,,,,,,,,,,,,,,,,,,,,,,,,,,,,,,,,,,,,,,,,,,,,,,,,,,,,,,,,,,,,,,wine,,,,,,,,,,,,,,,,,,,,,,,,,,,,,,,,,,,,,,,,,,,,,,,,,,,,,,,,,,,,
node/12956266490,node/12956266490,,,,,,,,,,,,,,,,biergarten,,,,,,,,,,,,,,,,,,,,,,,,,,,,,,,,,,,,,,,,,,,,,,,,,,,,,,,,,,,,,,,,,,,,,,,,,,,,,,,,,,,,,,,,,,,,,,,,,,,,,,,,,,,,,,,,,,,,,,,,,,,,,,,,,,,,,,,,,,,,,,,,,,,,,Plzeňský restaurant Anděl,,,,,,,,,,,,,,,,,,,,,,,,,,,,,,,,,,,,,,,,,,,,,,,,,,,,,,,,,,,,,,,,,,,,,,,,,,,,,,,,,,,,,,,,,,,,,,,,,,,,,,,,,,,,,,,,,,,,,,,,,,,,,,,,,,,,,
node/12960604701,node/12960604701,,,,,,,1284/20,,14200,Štúrova,,,,,,pub,,,,,,,,,,,,,,,,,,,,,,,,,,,,,,,,,,,,,,,,,,,,,,,regional,,,,,,,,,,,,,,,,,,,,,,,,,,,,,fanypodoli@seznam.cz,,,,,,,,,,,,,,,,,,,,,,,,,,,,,,,,,,,,,,,,,,,,,,Pivnice Pipkin,,,,,,,,,,,,,,,,,,,,,,Mo-Su 13:00-23:00,,,,,,,,,,,,,,,,,,,,,,,,,,,,,,,,,,,,,,,,,,,,,,,,+420 774 138 140,,,,,,,,,,,,,,,,,,,,,,,,,,,,,,,,,,,,,,,,,,,,,,,,,,,,,,,,,,,,,,,,,,,,,,,,,,,https://pipkin.webnode.cz,,,,https://pipkin.webnode.cz,,,,,,,,,,,
node/12997232447,node/12997232447,,,,,,,,,,,,,,,,pub,,,,,,,,,,,,,,,,yes,,,,,,,,,,,,,,,,,,,,,,,,,,,,,,,,,,,,,,,,,,,,,,,,,,,,,,,,,,,,,,,,,,,,,,,,,,,,,,,,,,,,,,,,,,,,,,,,,,,,,yes,,,,,Obývák,,,,,,,,,,,,,,,,,,,,,,16:00-23:00,,,,,,,,,,,,,,,,,,,,,,,,,,,,,,,,,,,,,,,,,,,,,,,,,,,,,,,,,,,,,,,,,,,,,,,,,,,,,,,,,,,,,,no,,,,,,,,,,,,,,,2025-07-09,,,,,no,,,,,,,,,,,,,,,,,https://www.tvujpivnibar.cz,,,,,no,,,,,,,,,,
node/13011245901,node/13011245901,,,,,,,53,,128 00,Jaromírova,,,,,,bar,,,,,,,,,,,,,,,,,,,,,,,,,,,,,,,,,,,,midgardbarpraha,,,,,,,,,,,,,,,,,,,,,,,,,,,,,,,,,,,,,,,,info@midgardbar.cz,,,,,,,,,,,,,,,,wlan,,,,,,,,,,,,,,,,,,,,,,,,,,,,,,Midgard,,,,,,,,,,,,,,,,,,,,,,Mo-Th 17:00-00:00; Fr-Sa 17:00-03:00,,,,,,,,,,,,,,,,,,,,,,,,,,,,,,,,,,,,,,,,,,,,,,,,+420 775 703 309,,,,,,,,,,,,,,,,,,,,,,,,,,,,,,,,,,,,,,,,,,,,,,,,,,,,,,,,,,,,,,,,,,,,,,,,,,,,,,,,,,,,,,,,,,
node/13013839901,node/13013839901,,,,,,,970/20,,11000,Michalská,,,,,,bar,,,,,,,,,,,,,,,,,,,,,,,,,,,,,,,,,,,,bar1401,,gastrobar1401,,,,,,,,,regional,,,,,,,,,,,,,,,,,,,,,,,,,,,,,,,,,,,,,,,,,,,,,,,,,,,,,,,,,,,,,,,,,,,,,,,,,,,My People Bar,,,,,,,,,,,,,,,,,,,,,,Mo-Th 09:00-01:00; Fr-Su 09:00-03:00,,,,,,,,,,,,,,,,,,,,,,,,,,,,,,,,,,,,,,,,,,,,,,,,+420737176333,,,,,,,,,,,,,,,,,,,,,,,,,,,,,,,,,,,,,,,,,,,,,,,,,,,,,,,,,,,,,,,,,,,,,,,,,,,https://mypeople.cz/,,,,,,,,,,,,,,,
node/13019587256,node/13019587256,,,,,,,,,,,,,,,,bar,,,,,,,,,,,,,,,AlzaBox,,,,,,,,,,,,,,,,,,,,,,,,,,,,,,,,,,,,,,,,,,,,,,,,,,,,,,,,,,,,,,,,,,,,,,,,,,,,,,,,,,,,,,,,,,,,,,,,,,,,,,,,,,,Střecha Radost,,,,,,,,,,,,,,,,,,,,,,Mo-Su 13:00-00:00,,,,,,,,,,,,,,,,,,,,,,,,,,,,,,,,,,,,,,,,,,,,,,,,,,,,,,,,,,,,,,,,,,,,,,,,,,,,,,,,,,,,,,,,,,,,,,,,,,,,,,,,,,,,,,,,,,,,,,,,,,,https://www.strecharadost.cz/,,,,,,,,,,,,,,,
node/13019755008,node/13019755008,,,,,,,,,,,,,,,,biergarten,,,,,,,,,,,,,,,,,,,,,,,,no,,,,,,,,,,,,,,,,,,,,,,,,,,,,,,,,,,,,,,,,,,,,,,,,,,,,,,,,,,,,,,,,,,,,,,,,,,,,,,,,,,,,,,,,,,,,,,,,,,Prazelenina,,,,,,,,,,,,,,,,,,,,,,"Tu-Fr,Su 17:00-21:00",,,,,,,yes,,,,,,,,,,,,,,,,,,,,,,,,,,,,,,,,,,,,,,,,,,,,,,,,,,,,,,,,,,,,,,,,,,,,,,,,,,,,,,,,,,,,,,,,,,,,,,,,,,,,,,,,,,,,,,,,,,,,,,,,,yes,,,,,,,,,,
node/13020622862,node/13020622862,,,,,,,,,,,,,,,,pub,,,,,,,,,,,,,,,,,,,,,,,,,,,,,,,,,,,,,,,,,,,,,,,,,,,,,,,,,,,,,,,,,,,,,,,,,,,,,,,,,,,,,,,,,,,,,,,,,,,,,,,,,,,,,,,,,,,,,,,,,,Puerto Boro,,,,,,,,,,,,,,,,,,,,,,,,,,,,,,,,,,,,,,,,,,,,,,,,,,,,,,,,,,,,,,,,,,,,,,,,,,,,,,,,,,,,,,,,,,,,,,,,,,,,,,,,,,,,,,,,,,,,,,,,,,,,,,,,,,,,,,,,,,,,,,,,,,,,,,,,,,,,,,,,
node/13041979481,node/13041979481,,,,,,,,,,,,,,,,bar,,,,,,,,,,,,,,,,,,,,,,,,,,,,,,,,,,,,,,,,,,,,,,,,,,,,,,,,,,,,,,,,,,,,,,,,,,,,,,,,,,,,,,,,,,,,,,,,,,,,,,,,,,,,,,,,,,,,,,,,,,,,,,,,,,,,,,,,,,,,,,,,,,,,,,,,,,,,,,,,,,,,,,,,,,,,,,,,,,,,,,,,,,,,,,,,,,,,,,,,,,,,,,,,,,,,,,,,,,,,,,,,,,,,,,,,,,,,,,,,,,,,,,,,,,,,,,,,,,,,,,,,,,,,,,,,,,,,,,,,,,
node/13058783303,node/13058783303,,,,,,,,,,,,,,,,pub,,,,,,,,,,,,,,,,,,,,,,,,,,,,,,,,,,,,,,,,,,,,,,,,,,,,,,,,,,,,,,,,,,,,,,,,,,,,,,,,,,,,,,,,,,,,,,,,,,,,,,,,,,,,,,,,,,,,,,,,,,Vrátnice,,,,,,,,,,,,,,,,,,,,,,Mo-Su 15:00-23:00,,,,,,,,,,,,,,,,,,,,,,,,,,,,,,,,,,,,,,,,,,,,,,,,,,,,,,,,,,,,,,,,,,,,,,,,,,,,,,,,,,,,,,,,,,,,,,,,,,,,,,,,,,,,,,,,,,,,,,,,,,,,,,,,,,,,,,,,,,
node/13060760043,node/13060760043,,,,,,,,,,,,,,,,pub,,,,,,,,,,,,,,,,,,,,,,,,,,,,,,,,,,,,,,,,,,,,,,,,,,,,,,,,,,,,,,,,,,,,,,,,,,,,jezkovyvocibar@seznam.cz,,,,,,,,,,,,,,,,,,,,,,,,,,,,,,,-1,,,,,,,,,,,,,,,Ježkovy voči,,,,,,,,,,,,,,,,,,,,,,"Mo-Fr 15:30-00:00; Sa 00:00-01:00, 17:00-00:00; Su 00:00-01:00",,,,,,,,,,,,,,,,,,,,,,,,,,,,,,,,,,,,,,,,,,,,,,,,,,,,,,,,,,,,,,,,,,,,,,,,,,,,,,,,,,,,,,,,,,,,,,,,,,,,,,,,,,,,,,,,,,,,,,,,,,,https://www.jezkovyvocibar.cz,,,,,,,,,,,,,,,
node/13076580869,node/13076580869,,,,,,,,,,,,,,,,bar,,,,,,,,,,,,,,,,,,,,,,,,,,,,,,,,,,,,,,,,,,,,,,,,,,,,,,,,,,,,,,,,,,,,,,,,,,,,,,,,,,,,,,,,,,,,,,,,,,,,,,,,,,,,,,,,,,,,,,,,,,Molo bar,,,,,,,,,,,,,,,,,,,,,,Mo-Fr 12:00-22:00; Sa-Su 10:00-22:00,,,,,,,yes,,,,,,,,,,,,,,,,,,,,,,,,,,,,,,,,,,,,,,,,,,,,,,,,,,,,,,,,,,,,,,,,,,,,,,,,,,,,,,,,,,,,,,,,,,,,,,,,,,,,,,,,,,,,,,,,,,,,https://molowakebar.cz/,,,,,,,,,,,,,,,
node/13094248382,node/13094248382,,,,,,,,,,,,,,,,bar,,,,,,,,,,,,,,,,,,,,,,,,,,,,,,,,,,,,,,,,,,,,,,,,,,,,,,,,,,,,,,,,,,,,,,,,,,,,,,,,,,,,,,,,,,,,,,,,,,,,,,,,,,,,,,,,,,,,,,,,,,Divadelní loď Tajemství,,,,,,,,,,,,,,,,,,,,,,,,,,,,,yes,,,,,,,,,,,,,,,,,,,,,,,,,,,,,,,,,,,,,,,,,,,,,,,,,,,,,,,,,,,,,,,,,,,,,,,,,,,,,,,,,,,,,,,,,,,,,,,,,,,,,,,,,,,,,,,,,,,,,,,,,,,,,,,,,,,
node/13110386554,node/13110386554,,,,,,,,,,,,,,,,bar,,,,,,,,,,,,,,,,,,,,,,,,,,2025-08-31,,,,,,,,,,,,,,,,,,,,,,,,,,,,,,,,,,,,,,,,,,,,,,,,,,,,,,,,,,,,,,,,,,,,,,,,,,,,,,,,,,,,,,,,,,,no,,,,,Klubovna Sokol Řepy,,,,,,,,,,,,,,,,,,,,,,,,,,,,,yes,,,,,,,,,,no,yes,,,,no,,no,,,,,,,,,,,,,,,,,,,,,,,,,,,,,,,,,,,,,,,,,,,,,,,,,,,,,,,,,,,,,,,,,,,,,,,,soccer,,,,,,,,,,,,,,,,,,,,,,,,,,,,,,,,,,,,,,,,,,
node/13115244512,node/13115244512,,,,,,,,,,,,,,,,,,,,,,,,,,,,,,,,,,,,,,,,,,,,,,,,,,,,,,,,,,,,,,,,,,,,,,,,,,,,,,,,,,,,,,,,,,,,,,,,,,,,,,,,,,,,,,,,,,,,,,,,,,,,,,,,,,,,,,,,,,Cipís's Liquor Store,,,,,,,,,,,,,,,,,,,,,,Mo-Su 09:00-02:00,,,,,,,,,,,,,,,,,,,,,,,,,,,,,,,,,,,,,,,,,,,,,,,,,,,,,,,,,,,,,,,,,,,,,,,,,,,,,,alcohol,,,,,,,,,,,,,,,,,,,,,,,,,,,,,,,,,,,,,,,,,,,,,,,,,,,,,,,,,,,,
node/13147876958,node/13147876958,,,,,,,,,,,,,,,,bar,,,,,,,,,,,,,,,,,,,,,,,,,,,,,,,,,,,,,,,,,,,,,,,,,,,,,,,,,,,,,,,,,,,,,,,,,,,,,,,,,,,,,,,,,,,,,,,,,,,,,,,,,,,,,,,,,,,,,,,,,,Vsíti Síti,,,,,,,,,,,,,,,,,,,,,,,,,,,,,,,,,,,,,,,,,,,,,,,,,,,,,,,,,,,,,,,,,,,,,,,,,,,,,,,,,,,,,,,,,,,,,,,,,,,,,,,,,,,,,,,,,,,,,,,,,,,,,,,,,,,,,,,,,,,,,,,,,,,,,,,,,,,,,,,,
node/13274425867,node/13274425867,,,,,,,,,,,,,,,,bar,,,,,,,,,,,,,,,,,,,,,,,,,,,,,,,,,,,,,,,,,,,,,,,,,,,,,,,,,,,,,,,,,,,,,,,,,,,,,,,,,,,,,,,,,,,,,,,,,,,,,,,,,,,,,,,,,,,,,,,,,,Metal Bar ERROR,,,,,,,,,,,,,,,,,,,,,,,,,,,,,,,,,,,,,,,,,,,,,,,,,,,,,,,,,,,,,,,,,,,,,,,,,,,,,,,,,,,,,,,,,,,,,,,,,,,,,,,,,,,,,,,,,,,,,,,,,,,,,,,,,,,,,,,,,,,,,,,,,,,,,,,,,,,,,,,,
node/13289539038,node/13289539038,,,,,,,,,,,,,,,,pub,,,,,,,,,,,,,,,,,,,,,,,,,,,,,,,,,,,,,,,,,,,,,,,,,,,,,,,,,,,,,,,,,,,,,,,,,,,,,,,,,,,,,,,,,,,,,,,,,,,,,,,,,,,,,,,,,,,,,,,,,,My Dear Watson,,,,,,,,,,,,,,,,,,,,,,,,,,,,,,,,,,,,,,,,,,,,,,,,,,,,,,,,,,,,,,,,,,,,,,,,,,,,,,,,,,,,,,,,,,,,,,,,,,,,,,,,,,,,,,,,,,,,,,,,,,,,,,,,,,,,,,,,,,,,,,,,,,,,,,,,,,,,,,,,
node/13299183776,node/13299183776,,,,,,,,,,,,,,,,bar,,,,,,,,,,,,,,,,,,,,,,,,,,,,,,,,,,,,boudoirustaran,,,,,,,,,,,,,,,,,,,,,,,,,,,,,,,,,,,,,,,,,,,,,,,,,,,,,,,,,,,,,,,,,,,,,,,,,,,,,,,,,,,,,,Boudoir u sta vran,,,,,,,,,,,,,,,,,,,,,,"Mo-Th,Sa-Su 17:00-24:00; Fr 17:00-01:00",,,,,,,,,,,,,,,,,,,,,,,,,,,,,,,,,,,,,,,,,,,,,,,,,,,,,,,,,,,,,,,,,,,,,,,,,,,,,,,,,,,,,,,,,,,,,,,,,,,,,,,,,,,,,,,,,,,,,,,,,,,https://www.boudoir.cz/,,,,,,,,,,,,,,,
node/13324936008,node/13324936008,,,,,,,,,,,,,,,,,,,,,,,,,,,,,,,,,,,,,,,,,,,,,,,,,,,,,,,,,,,,,,,,,,,,,,,,,,,,,,,,,,,,,,,yes,,,,,,,,,,,,,,,,,,,,,,,,,,,,,,,,,,,,,,,,,,,,,,,,,,,Vinárna,,,,,,,,,,,,,,,,,,,,,,,,,,,,,,,,,,,,,,,,,,,,,,,,,,,,,,,,,,,,,,,,,,,,,,,,,,,,,,,,,,,,,,,,,,,,,,,,,,,,alcohol,,,,,,,,,,,,,,,,,,,,,,,,,,,,,,,,,,,,,,,,,,,,,,,,,,,,,,,,,,,,
node/13339277331,node/13339277331,,Praha 13,2256,,,,2256/1,Stodůlky,15500,Archeologická,1,Praha 13,,,,pub,,,,,,,,,,,,,,,,cvikov,,,,,,,,,,2025-11-28,,,,,,,,,,,,,,,,,,,,,,,,,,,,,,,,,,,,,,,,,,,,,,,,,,luziny@pivovarcvikov.cz,,,,,,,,,,,,,,,,,,,,,,,,,,,,,,,2,,,,,,,,,,,,,,,Sladovna Lužiny,,,,,,,,,,,,,,,,,,,,,,"Mo-Sa 11:00-23:00, Su 11:00 - 22:00",,,,,,,,,,,,,,,,,,,,,,,,,,,,,,,,,,,,,,,,,,,,,,,,+420 770 320 076,,,,,,,,,,,,,,,,,,,,,,,,,,,,,,,,,,,,,,no,,,,,,,,,,,,,,,,,,,,,,,,,,,,,,,,,,,,,https://restauracesladovna.cz,,,,https://restauracesladovna.cz/cs/sladovna-luziny/nabidka/jidelni-listek,,,,,,,,,,,
node/13369640681,node/13369640681,,Prague,,,,,467/114,,186 00,Sokolovská,,,,,,pub,,,,,,,,,,,,,,,,various,,,,,,,,,,,,,,,,,,,,,,,,,,,,,,,american;mexican,,,,,,,,,,,no,yes,,,,,,,,,,,,,,,,,,,,,,,,,,,,,,,,,,,,,,,,,,,,,,,,-1,,,,,,,,,,,,,,,Diego pivní bar,,,,,,,,,,,,,,,,,,,,,,Mo-Fr 11:00-24:00; Sa 16:30-24:00; Su 16:30-22:00,,,,,,,no,,,,,,,,,,,,,,,,,,,,,,,,,,,,,,,,,,,,,,,,,,,,,,,,,,,,,,,,,,,,,,,,,,,,,,,,,,,,,,,no,,,,,,,,,,,,,,,,,,,,,,,,,,,,,,,,,,,,,http://www.diegopivnibar.cz/,,,,,no,,,,,,,,,,
node/13371849570,node/13371849570,,,,,,,,,,,,,,,,,,,,,,,,,,,,,,,,,,,,,,,,,,,,,,,,,,,,,,,,,,,,,brewery,,,,,,,,,,,,,,,,,,,,,,,,,,,,,,,,,,,,,,,,,,,,,,,,,,,,,,,,,,,,,,,,,,,,,,,,,,,,,Suchdolský Jeník,,,,,,,,,,,,,,,,,,,,,,,,,,,Česká zemědělská univerzita v Praze,Q1460141,,,,,,,,,,,,,,,,,,,,,,,,,,,,,,,,,,,,,,,,,,,,,beer,,,,,,,,,,,,,,,,,,,,,,,,,,,,,,,,,,,,,,,,,,,,,,,,,,,,,,,,,,,,,,,,,,,,,,,,https://pivovar.czu.cz/cs,,,,,,,,,,,,,,,
node/13372872075,node/13372872075,,,,,,,,,,,,,,,,pub,,,,,,,,,,,,,,,,,,,,,,,,,,,,,,,,,,,,,,,,,,,,,,,,,,,,,,,,,,,,,,,,,,,,,,,,,,,,,,,,,,,,,,,,,,,,,,,,,,,,,,,,,,,,,,,,,,,,,,,,,,Hospůdka na hřišti,,,,,,,,,,,,,,,,,,,,,,,,,,,,,yes,,,,,,,,,,,,,,,,,,,,,,,,,,,,,,,,,,,,,,,,,,,,,,,,,,,,,,,,,,,,,,,,,,,,,,,,,,,,,,,,,,,,,,,,,,,,,,,,,,,,yes,,,,,,,,,,,,,,,,,,,,,,,,,,,,,,,
node/13423839001,node/13423839001,,,,,,,999/31,,10200,U Továren,,,,,,,,,,,,,,,,,,,,,,,,,,,,,,,,,,,,,,,,,,,,,,,,,,,brewery,,,,,,,,,,,,,,,,,,,,,,,,,,,,,,,info@pivovarvik.cz,,,,,,,,,,,,,,,,,,,,,,,,,,,,,,,,,,,,,,,,,,,,,,Pivovar Vik,,,,,,,,,,,,,,,,,,,,,,Mo-Fr 11:00-17:00,,,,,,,,,,,,,,,,,,,,,,,,,,,,,,,,,,,,,,,,,,,,,,,,+420737317969,,,,,,,,,,,,,,,,,,,,,,,,,,,,,,,,,,,,,,,,,,,,,,,,,,,,,,,,,,,,,,,,,,,,,,,,,,,https://www.pivovarvik.cz,,,,,,,,,,,,,,,
node/13435036495,node/13435036495,,,,,,,,,,,,,,,,restaurant,,,,,,,,,,,,,,,,,,,,,,,,,,,,,,,,,,,,,,,,,,,,,,,,,,,,,,,,,,,,,,,,,,,,,,,,,,,,,,,,,,,,,,,,,,,,,,,,,,,,,,,,,,,,,,,,,,,,,,,,,,Pivnice U sv. Tomáše,,,,,,,,,,,,,,,,,,,,,,,,,,,,,,,,,,,,,,,,,,,,,,,,,,,,,,,,,,,,,,,,,,,,,,,,,,,,,,,,,,,,,,,,,,,,,,,,,,,,,,,,,,,,,,,,,,,,,,,,,,,,,,,,,,,,,,,,,,,,,,,,,,,,,,,,,,,,,,,,
node/13439719407,node/13439719407,,,,,,,29,,,Lidická,,,,,,bar,,,,,,,,,,,,,,,,,,,,,,,,,,,,,,,,,,,,,,,,,,,,,,,,,,,,,,,,,,,,,,,,,,,,,,,,,,,,,,,,,,,,,,,,,,,,,,,,,,,,,,,,,,,,,,,,,,,,,,,,,,FOXX,,,,,,,,,,,,,,,,,,,,,,Su-Th 12:00-02:00; Fr-Sa 12:00-05:00,,,,,,,,09778e3c-6c54-427e-be98-6c003ff0f339,,,,,,,,,,,,,,,,,,,,,,,,,,,,,,,,,,,,,,,,,,,,,,,,,,,,,,,,,,,,,,,,,,,,,,,,,,,,,,,,,,,,,,,,,,,,,,,,,,,,,,,,,,,,,,,,,,,,,,,,,,,,,,,,,,
node/13441856882,node/13441856882,,,,,,,,,,,,,,,,biergarten,,,,,,,,,,,,,,,,,,,,,,,,,,,,,,,,,,,,,,,,,,,,,,,,,,,,,,,,,,,,,,,,,,,,,,,,,,,,,,,,,,,,,,,,,,,,,,,,,,,,,,,,,,,,,,,,,,,,,,,,,,Mlíkárna,,,,,,,,,,,,,,,,,,,,,,11:00-23:00,,,,,,,yes,,,,,,,,,,,,,,,,,,,,,,,,,,,,,,,,,,,,,,,,,,,,,,,,,,,,,,,,,,,,,,,,,,,,,,,,,,,,,,,,,,,,,,,,,,,,,,,,,,,,,,,,,,,,,,,,,,,,,,,,,,,,,,,,,,,
node/13446573601,node/13446573601,,,,,,,111/36,,186 00,Sokolovská,,,,,,bar,,,,,,,,,,,,,,,,,,,,,,,,,,,,,,,,,,,,,,,,,,,,,,,,,,,,,,,,,,,,,,,,,,,,,,,,,,,,,,,,,,,,,,,,,,,,,,,,,,,,,,,,,,,,,,,,,,,,,,,,,,RESPEKTO - BAR Primator,,,,,,,,,,,,,,,,,,,,,,Mo-Su 16:00-00:00,,,,,,,,,,,,,,,,,,,,,,,,,,,,,,,,,,,,,,,,,,,,,,,,,,,,,,,,,,,,,,,,,,,,,,,,,,,,,,,,,,,,,,,,,,,,,,,,,,,,,,,,,,,,,,,,,,,,,,,,,,,https://respekto-bar.cz/,,,,,,,,,,,,,,,
node/13452865501,node/13452865501,,Praha,,,,,48,,120 00,Vinohradská,,,,,,pub,,,,,,,,,,,,,,,,,,,,,,,,,,,,,,,,,,,,,,,,,,,,,,,,,,,,,,,,,,,,,,,,,,,,,,,,,,,,info@downunder.cz,,,,,,,,,,,,,,,,,,,,,,,,,,,,,,,,,,,,,,,,,,,,,,The Down Under,,,,,,,,,,,,,,,,,,,,,,Mo off; Tu-Th 16:00-23:00; Fr 16:00-24:00; Sa 12:00-24:00; Su 12:00-23:00,,,,,,,,,,,,,,,,,,,,,,,,,,,,,,,,,,,,,,,,,,,,,,,,603 839 349,,,,,,,,,,,,,,,,,,,,,,,,,,,,,,,,,,,,,,no,,,,,,,,,,,,,,,,,,,,,,,,,,,,,,,,,,,,,https://downunder.cz/,,,,https://downunder.cz/online-menu,,,,,,,,,,,
node/13508899622,node/13508899622,,,,,,,,,,pasáž Lucerna,,,,,,pub,,,,,,,,,,,,,,,,,,,,,,,,,,,,,,,,,,,,,,,,,,,,,,,,,,,,Scandinavian craft beer pub,,,,,,,,,,,,,,,,,,,,,,,,Lucerna@valhalla-beer.cz,,,,,,,,,,,,,,,,,,,,,,,,,,,,,,,,,,,,,,,,,,,,,,Valhalla Beer Pub,,,,,,,,,,,,,,,,,,,,,,Mo-Su 11:00-02:00,,,,,,,,,,,,,,,,,,,,,,,,,,,,,,,,,,,,,,,,,,,,,,,,,,,,,,,,,,,,,,,,,,,,,,,,,,,,,,,,,,,,,,,,,,,,,,,,,,,,,,,,,,,,,,,,,,,,,,,,,,,https://www.valhalla-beer.cz/,,,,,,,,,,,,,,,
node/13541563702,node/13541563702,,,,,,,,,,,,,,,,,,,,,,,,,,,,,,,,,,,,,,,,,,,,,,,,,,,,,,,,,,,,,,,,,,,,,,,,,,,,,,,,,,,,,,,,,,,,,,,,,,,,,,,,,,,,,,,,,,,,,,,,,,,,,,,,,,,,,,,,,,Pilsner Urquell Shop,,,,,,,,,,,,,,,,,,,,,,Su-We 11:00-22:00; Th-Sa 09:30-22:00,,,,,,,,,,,,,,,,,,,,,,,,,,,,,,,,,,,,,,,,,,,,,,,,,,,,,,,,,,,,,,,,,,,,,,,,,,,,,,alcohol,,,,,,,,,,,,,,,,,,,,,,,,,,,,,,,,,,,,,,,,,,,,,,,,,,,,,,,,,,,,
node/13577338501,node/13577338501,,,,,,,,,,,,,,,,bar,,,,,,,,,,,,,,,,,,,,,,,,,,,,,,,,,,,,,,,,,,,,,,,,,,,,,,,,,,,,,,,,,,,,,,,,,,,,,,,,,,,,,,,,,,,,,,,,,,,,,,,,,,,,,,,,,,,,,,,,,,Popo Cafe Petl,,,,,,,,,,,,,,,,,,,,,,,,,,,,,,,,,,,,,,,,,,,,,,,,,,,,,,,,,,,,,,,,,,,,,,,,,,,,,,,,,,,,,,,,,,,,,,,,,,,,,,,,,,,,,,,,,,,,,,,,,,,,,,,,,,,,,,,,,,,,,,,,,,,,,,,,,,,,,,,,
node/13580323200,node/13580323200,,,,,,,,,,,,,,,,pub,,,,,,,,,,,,,,,,,,,,,,,,,,,,,,,,,,,,,,,,,,,,,,,,,,,,,,,,,,,,,,,,,,,,,,,,,,,,,,,,,,,,,,,,,,,,,,,,,,,,,,,,,,,,,,,,,,,,,,,,,,Cafe Alternatif Mezibranská,,,,,,,,,,,,,,,,,,,,,,"Mo-Fr 16:00+, Sa 18:00-01:00, Su 18:00-12:00",,,,,,,,,,,,,,,,,,,,,,,,,,,,,,,,,,,,,,,,,,,,,,,,,,,,,,,,,,,,,,,,,,,,,,,,,,,,,,,,,,,,,,,,,,,,,,,,,,,,,,,,,,,,,,,,,,,,,,,,,,,,,,,,,,,,,,,,,,
node/13594161249,node/13594161249,,,,,,,,,,,,,,,,bar,,,,,,,,,,,,,,,,,,,,,,,,,,,,,,,,,,,,,,,,,,,,,,,,,,,,,,,,,,,,,,,,,,,,,,,,,,,,,,,,,,,,,,,,,,,,,,,,,,,,,,,,,,,,,,,,,,,,,,,,,,,,,,,,,,,,,,,,,,,,,,,,,,,,,,,,,,,,,,,,,,,,,,,,,,,,,,,,,,,,,,,,,,,,,,,,,,,,,,,,,,,,,,,,,,,,,,,,,,,,,,,,,,,,,,,,,,,,,,,,,,,,,,,,,,,,,,,,,,,,,,,,,,,,,,,,,,,,,,,,,,
node/13594161250,node/13594161250,,,,,,,,,,,,,,,,bar,,,,,,,,,,,,,,,,,,,,,,,,,,,,,,,,,,,,,,,,,,,,,,,,,,,,,,,,,,,,,,,,,,,,,,,,,,,,,,,,,,,,,,,,,,,,,,,,,,,,,,,,,,,,,,,,,,,,,,,,,,STATION,,,,,,,,,,,,,,,,,,,,,,Mo-Su 11:00-23:00,,,,,,,,,,,,,,,,,,,,,,,,,,,,,,,,,,,,,,,,,,,,,,,,,,,,,,,,,,,,,,,,,,,,,,,,,,,,,,,,,,,,,,,,,,,,,,,,,,,,,,,,,,,,,,,,,,,,,,,,,,,,,,,,,,,,,,,,,,
node/13595671942,node/13595671942,,,,,,,,,,,,,,,,pub,,,,,,,,,,,,,,,,,,,,,,,,,,,,,,,,,,,,,,,,,,,,,,,,,,,,,,,,,,,,,,,,,,,,,,,,,,,,,,,,,,,,,,,,,,,,,,,,,,,,,,,,,,,,,,,,,,,,,,,,,,Na Hřišti,,,,,,,,,,,,,,,,,,,,,,,,,,,,,,,,,,,,,,,,,,,,,,,,,,,,,,,,,,,,,,,,,,,,,,,,,,,,,,,,,,,,,,,,,,,,,,,,,,,,,,,,,,,,,,,,,,,,,,,,,,,,,,,,,,,,,,,,,,,,,,,,,,,,,,,,,,,,,,,,
node/13606721358,node/13606721358,,,,,,,,,,,,,,,,pub,,,,,,,,,,,,,,,,,,,,,,,,,50 CZK,,,,,,,,,,,https://www.facebook.com/profile.php?id=61573597011510,,https://www.instagram.com/deskohub/,,,,,https://www.youtube.com/@Deskohub,,,,,,,,,,,,,,,,,,,,,,,,,,,,,,,,,info@deskohub.cz,,,yes,,,,,,,,,,,,,,,,,,,,,,,,,,,,,,,,,,,,,,,,,,,Deskohub,,,,,,,,,,,,,,,,,,,,,,"Mo-Fr 17:00-23:00; Sa,Su 12:00-23:00",,,,,,,,,,,,,,,,,,,,,,,,,,,,,,,,,,,,,,,,,,,,,,,,+420 777 060 478,,,,,,,,,,,,,,,,,,,,,,,,,,,,,,,,,,,,,,,,,,,,,,,,,,,,,,yes,,,,,,,,,,,,,,,,,,,,,https://www.deskohub.cz/,https://www.deskohub.cz/cs-CZ/reservation,,,https://www.deskohub.cz/cs-CZ/menu,,,,,,,,,,,
node/13653818501,node/13653818501,,,,,,,,,,,,,,,,pub,,,,,,,,,,,,,,,,,,,,,,,,,,,,,,,,,,,,,,,,,,,,,,,,,,,,,,,,,,,,,,,,,,,,,,,,,,,,,,,,,,,,,,,,,,,,,,,,,,,,,,,,,,,,,,,,,,,,,,,,,,Bohemia Goose,,,,,,,,,,,,,,,,,,,,,,,,,,,,,,,,,,,,,,,,,,,,,,,,,,,,,,,,,,,,,,,,,,,,,,,,,,,,,,,,,,,,,,,,,,,,,,,,,,,,,,,,,,,,,,,,,,,,,,,,,,,,,,,,,,,,,,,,,,,,,,,,,,,,,,,,,,,,,,,,
node/13680086605,node/13680086605,,,,,,,,,,,,,,,,bar,,,,,,,,,,,,,,,,,,,,,,,,,,,,,,,,,,,,,,https://www.instagram.com/tretterskovariksbrasserie/,,,https://pinterest.com/TrettersPrague/brasserie/,,https://www.youtube.com/@trettersbrasserie,,,,,,,,,,,,,,,,,,,,,,,,,,,,,,,,,brasserie@tretters.cz,,,,,,,,,,,,,,,,,,,,,,,,,,,,,,,,,,,,,,,,,,,,,,Tretter's & Kovarik's Brasserie,,,,,,,,,,,,,,,,,,,,,,Mo-Su 09:00-24:00,,,,,,,,,,,,,,,,,,,,,,,,,,,,,,,,,,,,,,,,,,,,,,,,+420 607 448 779,,,,,,,,,,,,,,,,,,,,,,,,,,,,,,,,,,,,,,,,,,,,,,,,,,,,,,,,,,,,,,,,,,,,,,,,,,,https://www.tretters-brasserie.cz/,https://www.tretters-brasserie.cz/tretters-brasserie-rezervace,,,,,,,,,,,,,,
node/13681379687,node/13681379687,,Praha 10,,,,,1002/1,,10100,Minská,,,,,,bar,,,,,,,,,,,,,,,,,,,,,,,,,,,,,,,,,,,,,,,,,,,,,,,,,,,,,,,,,,,,,,,,,,,,,,,,,,,,,,,,,,,,,,,,,,,,,,,,,,,,,,,,,,,,,,,,,,,,,,,18,,,To si vypiješ,,,,,,,,,,,,,,,,,,,,,,Mo-Su 14:00-22:00,,,,,,,yes,,,,,,,,,,,,,,,,,,,,,,,,,,,,,,,,,,,,,,,,,,,,,,,,,,,,,,,,,,,,,,,,,,,,,,,,,,,,,,,,,,,,,,,,,,,,,,,,,,,,,,,,,,,,,,,,,,,,,,,,,,,,,,,,,,,
node/13683943849,node/13683943849,,,,,,,,,,,,,,,,bar,,,,,,,,,,,,,,,,,,,,,,,,,,,,,,,,,,,,,,,,,,,,,,,,,,,,,,,,,,,,,,,,,,,,,,,,,,,,,,,,,,,,,,,,,,,,,,,,,,,,,,,,,,,,,,,,,,,,,,,,,,Žižkovská Tančírna,,,,,,,,,,,,,,,,,,,,,,Mo-Su 13:00-21:00,,,,,,,,,,,,,,,,,,,,,,,,,,,,,,,,,,,,,,,,,,,,,,,,,,,,,,,,,,,,,,,,,,,,,,,,,,,,,,,,,,,,,,,,,,,,,,,,,,,,,,,,,,,,,,,,,,,,,,,,,,,,,,,,,,,,,,,,,,
node/13685109253,node/13685109253,,,,,,,,,,,,,,,,pub,,,,,,,,,,,,,,,,,,,,,,,,,,,,,,,,,,,,,,,,,,,,,,,,,,,,,,,,,,,,,,,,,,,,,,,,,,,,,,,,,,,,,,,,,,yes,,,,,,,,,,,,,,,,,,,,,,,,,,,,,,,,Polepšovna,,,,,,,,,,,,,,,,,,,,,,,,,,,,,yes,1bef98de-1d78-4e81-9301-285f24263bab,,,,,,,,,yes,yes,,,,,,,,,,,,,,,,,,,,,,,,,,yes,,,,,,,,,,,,,,,,,,,,,,,,,,,,,,,,,,,,,,,,,,outside,,,,,,,,,,,,,,,,,,,,,,,,,,,,,,,,,,,,,,,,,,yes,,,,,,,,,,
node/13735442231,node/13735442231,,,,,,,,,,,,,,,,bar,,,,,,,,,,,,,,,,,,,,,,,,,,,,,,,,,,,,,,,,,,,,,,,,,,,,,,,,,,,,,,,,,,,,,,,,,,,,,,,,,,,,,,,,,,,,,,,,,,,,,,,,,,,,,,,,,,,,,,,,,,B.T.C,,,,,,,,,,,,,,,,,,,,,,"We-Mo 12:00-15:00, We-Mo 17:00-22:00",,,,,,,,,,,,,,,,,,,,,,,,,,,,,,,,,,,,,,,,,,,,,,,,,,,,,,,,,,,,,,,,,,,,,,,,,,,,,,,,,,,,,,,,,,,,,,,,,,,,,,,,,,,,,,,,,,,,,,,,,,,,,,,,,,,,,,,,,,
node/13738258053,node/13738258053,,,,,,,,,,,,,,,,bar,,,,,,,,,,,,,,,,,,,,,,,,,,,,,,,,,,,,,,,,,,,,,,,,,,,,,,,,,,,,,,,,,,,,,,,,,,,,,,,,,,,,,,,,,,,,,,,,,,,,,,,,,,,,,,,,,,,,,,,,,,Bar Camp Žižkov,,,,,,,,,,,,,,,,,,,,,,Mo-Su 13:00-22:00,,,,,,,yes,,,,,,,,,no,,yes,,,,,,,,,,,,,,,,,,,,,,,,,,,,,,,,,,,,,,,,,,,,,,,,,,,,,,,,,,,,,,,,,,,,,,,,,,,,,,,,,,,,,,,,,,,,,,,,,,,,,,,,,,,,,,,,,,,,,,,,
node/13745273301,node/13745273301,,,,,,,31,,,Tusarova,,,,,,,,,,,,,,,,,,,,,,,,,,,,,,,,2026-04-20,,,2026-04-20,,,,,,,,,,,,,,,,,,,,,,,,,,,,,,,,,,,,,,,,,,,,,,,,,,,,,,,,,,,,,,,,,,,,,,,,,,,,,,,,,,,,,,,,,,,,,Garage22,,,Garage22 distillery,,,,,,,,,,,,,,,,,,,Mo-Fr 12:00-17:00; Sa 12:00-18:00,,,,,,,,,,,,,,,,,,,,,,,,,,,,,,,,,,,,,,,,,,,,,,,,,,,,,,,,,,,,,,,,,,,,,,,,,,,,,,alcohol,,,,,,,,,,,,,,,,,,,,,,,,,,,,,,,,,,,,,,,,,,,,,https://www.garage22.cz,,,,,,,,,,,,,,,
node/13787014302,node/13787014302,,,,,,,1192,,,Soukenická,,,,,,,,,,,,,,,,,,,,,,,,,,,,,,,,,,,,,,,,,,,,,,,,,,,brewery,,,,,,,,,,,,,,,,,,,,,,,,,,,,,,,,,,,,,,,,,,,,,,,,,,,,,,,,,,,,,,,,,,,,,,,,,,,,,Hostomice Pivovar,,,,,,,,,,,,,,,,,,,,,,,,,,,,,,,,,,,,,,,,,,,,,,,,,,,,,,,,,,,,,,,,,,,,,,,,,,,,,,,,,,,,,,,,,,,,,,,,,,,,,,,,,,,,,,,,,,,,,,,,,,,,,,,,,,,,,,,,,,,,,,,,,,,,,,,,,,,,,,,,
node/13798443267,node/13798443267,,,,,,,,,,,,,,,,bar,,,,,,,,,,,,,,,,,,,,,,,,,,,,,,,,,,,,,,,,,,,,,,,,,,,,,,,,,,,,,,,,,,,,,,,,,,,,,,,,,,,,,,,,,,,,,,,,,,,,,,,,,,,,,,,,,,,,,,,,,,Red grill & Bar,,,,,,,,,,,,,,,,,,,,,,,,,,,,,,6083c910-3d92-444e-8bf4-337f0547600e,,,,,,,,,,,,,,,,,,,,,,,,,,,,,,,,,,,,,,,,,,,,,,,,,,,,,,,,,,,,,,,,,,,,,,,,,,,,,,,,,,,,,,,,,,,,,,,,,,,,,,,,,,,,,,,,,,,,,,,,,,,,,,,,,,
node/13818799077,node/13818799077,,,,,,,,,,,,,,,,pub,,,,,,,,,,,,,,,,,,,,,,,,,,,,,,,,,,,,,,,,,,,,,,,,,,,,,,,,,,,,,,,,,,,,,,,,,,,,,,,,,,,,,,,,,,,,,,,,,,,,,,,,,,,,,,,,,,,,,,,,,,Smad,,,,,,,,,,,,,,,,,,,,,,Mo-Su 17:00-22:00,,,,,,,,,,,,,,,,,,,,,,,,,,,,,,,,,,,,,,,,,,,,,,,,,,,,,,,,,,,,,,,,,,,,,,,,,,,,,,,,,,,,,,,,,,,,,,,,,,,,,,,,,,,,,,,,,,,,,,,,,,,,,,,,,,,,,,,,,,
node/13936547589,node/13936547589,,,,,,,,,,,,,,,,bar,,,,,,,,,,,,,,,,,,,,,,,,,,,,,,,,,,,,,,,,,,,,,,,,,,,,,,,,,,,,,,,,,,,,,,,,,,,,,,,,,,,,,,,,,,,,,,,,,,,,,,,,,,,,,,,,,,,,,,,,,,bar M.A.S.H,,,,,,,,,,,,,,,,,,,,,,"Su-Th 07:00-23:00; Fr,Sa 07:00-24:00",,,,,,,,,,,,,,,,,,,,,,,,,,,,,,,,,,,,,,,,,,,,,,,,,,,,,,,,,,,,,,,,,,,,,,,,,,,,,,,,,,,,,,,,,,,,,,,,,,,,,,,,,,,,,,,,,,,,,,,,,,,,,,,,,,,,,,,,,,
node/13947785073,node/13947785073,,,,,,,,,,,,,,,,pub,,,,,,,,,,,,,,,,,,,,,,,,,,2026-06-17,,,,,,,,,,,,,,,,,,,,,,,,,,,,,,,,,,,,,,,,,,,,,,,,,,,,,,,,,,,,,,,,,,,,,,,,,,,,,,,,,-1,,,,,,,,,,,,,,,Pivnice U Vency,,,,,,,,,,,,,,,,,,,,,,,,,,,,,no,,,,,,,,,,no,yes,,,,no,,no,,,,,,,,,,,,,,,,,,,,,,,,,,,,,,,,,,,,,,,,,,,,,,,,,,,,,,,,,,,,,,,,,,,,,,,,,,,,,,,,,,,,,,,,,,,,,,,,,,,,,,,,no,,,,,,,,,,
node/13957063525,node/13957063525,,,,,,,,,,,,,,,,pub,,,,,,,,,,,,,,,,,,,,,,,,,,,,,,,,,,,,,,,,,,,,,,,,,,,,,,,,,,,,,,,,,,,,,,,,,,,,,,,,,,,,,,,,,,,,,,,,,,,,,,,,,,,,,,,,,,,,,,,,,,Hostinec U Jendy,,,,,,,,,,,,,,,,,,,,,,,,,,,,,,,,,,,,,,,,,,,,,,,,,,,,,,,,,,,,,,,,,,,,,,,,,,,,,,,,,,,,,,,,,,,,,,,,,,,,,,,,,,,,,,,,,,,,,,,,,,,,,,,,,,,,,,,,,,,,,,,,,,,,,,,,,,,,,,,,
node/13962639528,node/13962639528,,,,,,,,,,,,,,,,bar,,,,,,,,,,,,,,,,,,,,,,,,,,,,,,,,,,,,,,,,,,,,,,,,,,,,,,,,,,,,,,,,,,,,,,,,,,,,,,,,,,,,,,,,,,,,,,,,,,,,,,,,,,,,,,,,,,,,,,,,,,Bar Slavia,,,,,,,,,,,,,,,,,,,,,,Mo-Su 17:00-22:00,,,,,,,,,,,,,,,,,,,,,,,,,,,,,,,,,,,,,,,,,,,,,,,,,,,,,,,,,,,,,,,,,,,,,,,,,,,,,,,,,,,,,,,,,,,,,,,,,,,,,,,,,,,,,,,,,,,,,,,,,,,,,,,,,,,,,,,,,,
node/13970692531,node/13970692531,,,,,,,,,,,,,,,,pub,,,,,,,,,,,,,,,,,,,,,,,,,,,,,,,,,,,,https://www.facebook.com/SportBar7Strahov,,,,,,,,,,,,,,,,,,,,,,,,,,,,,,,,,,,,,,,,,,,,,,,,,,,,,,,,,,,,,,,,,,,,,,,,,,,,,,,,,,,,,,Sport Bar 7,,,,,,,,,,,,,,,,,,,,,,,,,,,,,yes,,,,,,,,,,,,,,,,,,,,,,,,,,,,,,,,,,,,,,,,,,,,,,,,,,,,,,,,,,,,,,,,,,,,,,,,,,,,,,,,,,,,,,,,,,,,,,,,,,,,,,,,,,,,,,,,,,,,,,,,,,,,,,,,,,,
node/13970692637,node/13970692637,,,,,,,,,,,,,no,,,pub,,,,,,,,,,,,,,,,,,,,,,,,,,,,,2024-05-28,,,,,,,,,,,,,,,,,,,,,,,,,,,,,,,,,,,,,,,,,,,,,,,,,,,,,,,,,,,,,,,,,,,,,,,,,,,,,,,,,,,,,,,,,,,,,Ferdinand,,,,,,,,,,,,,,,,,,,,,,,,,,no,,,,,,,,,,,,,,,,,,,,,,,,,,,,,,,,,,,,,,,,,,,,,,,,,,,,,,,,,,,,,,,,,,,,,,,,,,,,,,,,,,,,,,,,,,,,,,,,,,,,,,,,,,,,,,,,,,,,,,,,,,,,,,,,,,,,,,
node/13970692645,node/13970692645,,,,,,,,,,,,,,,,pub,,,,,,,,,,,,,,,,,,,,,,,,,,,,,,,,,,,,,,,,,,,,,,,,,,,,,,,,,,,,,,,,,,,,,,,,,,,,,,,,,,,,,,,,,,,,,,,,,,,,,,,,,,,,,,,,,,,,,,,,,,U Křížků,,,,,,,,,,,,,,,,,,,,,,,,,,,,,,,,,,,,,,,,,,,,,,,,,,,,,,,,,,,,,,,,,,,,,,,,,,,,,,,,,,,,,,,,,,,,,,,,,,,,,,,,,,,,,,,,,,,,,,,,,,,,,,,,,,,,,,,,,,,,,,,,,,,,,,,,,,,,,,,,
node/13970692910,node/13970692910,,,,,,,,,,,,,,,,pub,,,,,,,,,,,,,,,,various,,,,,,,,,,2022-08-10,,,,,,,,,,,,,,,,,,,,,,,,,,,,,,,,,,,,,,,,,,,,,,,,,,,,,,,,,,,,,,,,,,,,,,,,,,,,,,,,,,,,,,,,,,,,,,,,Šatlava,,,,,,,,,,,,,,,,,,,,,,Mo-Th 14:00-23:00; Fr-Sa 14:00-01:00; Su off,,,,,,,yes,,,,,,,,,,,,,,,,,,,,,,,,,,,,,,,,,,,,,,,,,+420 702 147 086,,,,,,,,,,,,,,,,,,,,,,,,,,,,,,,,,,,,,,,,,,,,,,,,multi,,,,,,,,,,,,,,,,,,,,,,,,,,,,,,,,,,,,,,,,,,
node/13970692916,node/13970692916,,,,,,,,,,,,,yes,,Pivovar Spojovna,restaurant,,,,,,,,,,,,,,,,,,,,,,,,,,,,,2025-12-27,,,,,,,,,,,,,,,,,,burger;chicken;diner;fish_and_chips;friture;international,,,,,,,,,,,no,yes,,,,,,,,,,,,,,,,,info@pivovarspojovna.cz,,,,,,,,,,,,,,,,,,,,,,,,,,,,,,,,,,,,,,,,,yes,,,,,Spojovna,,,,,,,,,,,,,,,,,,,,,,Mo-Su 11:00-23:00,,,,,,,yes,,,,,,,,,,,,,,,yes,,yes,,,,,,,,,,,,,,,,,,,,,,,,+420730154000,,,,,,,,,,,,,,,,,,,,,,,,,,,,,,,,,,,,,,no,,,,,,,,,,,,,,,,,,yes,,,,,,,,,,,,,,,,,,,https://pivovarspojovna.cz/,,,,,yes,,,,Q56332693,,,,,,
node/13970693014,node/13970693014,,,,,,,,,,,,,,,,restaurant,,,,,,,,,,,,,,,,,,,,,,,,,,2025-04-30,,,,,,,,,,,,,,,,,,,,,international;local,,,,,,,,,,,,,,,,,,,,,,,,,,,,,h2@pivovar-hostivar.cz,,,,,,,,,,,,,,,,wlan,,,,,,,,,,,,,,,,,,,,,,,,,yes,,,,,Pivovar Hostivar H2,,,,,,,,,,,,,,,,,,,,,,Mo-Fr 07:00-23:00; Sa-Su 08:00-23:00,,,,,,,,,,,,,,,,,,,,,,,,,,,,,,,,,,,,,,,,,,,,,,,,+420702203143,,,,,,,,,,,,,,,recommended,,,,,,,,,,,,,,,,,,,,,,,no,,,,,,,,,,,,,,,,,,,,,,,,,,,,,,,,,,,,,https://www.pivovar-hostivar.cz/,,,,https://pivovar-hostivar.cz/h2,,,,,,,,,,,
node/13970693982,node/13970693982,,,,,,,,,,,,,,,,restaurant,,,,,,,,,,,,,,,,,,,,,,,,,,,,,,,,,,,,,,,,,,,,,,,barbecue;burger;chicken;coffee_shop;diner,,,,,,,,,,,,,,,,,,,,,,,,,,,,,info@pivovar-hostivar.cz,,,,,,,,,,,,,,,,wlan,,,,,,,,,,,,,,,,,,,,,,,,,yes,,,,,Pivovar Hostivar 1,,,,,,,,,,,,,,,,,,,,,,Mo-Su 11:00-23:00,,,,,,,,,,,,,,,,,,,,,,,,,,,,,,,,,,,,,,,,,,,,,,,,+420 702 202 903,,,,,,,,,,,,,,,recommended,,,,,,,,,,,,,,,,,,,,,,,no,,,,,,,,,,,,,,,,,,,,,,,,,,,,,yes,,,,,,,,https://www.pivovar-hostivar.cz/,,,,,yes,,,,,,,,,,
node/13970695376,node/13970695376,,,,,,,,,,,,,,,,pub,,,,,,,,,,,,,,,,,,,,,,,,,,2026-04-09,,,,,,,,,,,,,,,,,,,,,,,,,,,,,,,,,,,,,,,,,,,,,,,,,,,,,,,,,,,,,,,,,,,,,,,,,,,,,,,,,,,,,,,,,,,,,,,,Rugby Club Praga,,,,,,,,,,,,,,,,,,,,,,"""podle aktivitu""",,,,,,,,,,,,,,,,,,,,,,no,,no,,,,,,,,,,,,,,,,,,,,,,,,,,,,,,,,,,,,,,,,,,,,,,,,,,,,,,,,,,,,,,,,,,,,,,,,,,,,,,,,,,,,,,,,,,,,,,,,,,,,,,,,,,,,,,,,,,
node/13970695515,node/13970695515,,,,,,,,,,,,,,,,pub,,,,,,,,,,,,,,,,,,,,,,,,,,,,,,,,,,,,,,,,,,,,,,,,,,,,,,,,,,,,,,,,,,,,,,,,,,,,,,,,,,,,,,,,,,yes,,,,,,,,,,,,,,,,,,,,,,,,,,,,,,,,U Ondřeje,,,,,,,,,,,,,,,,,,,,,,,,,,,,,yes,,,,,,,,,,,,,,,,,,,,,,,,,,,,,,,,,,,,,,,,,,,,,,,,,,,,,,,,,,,,,,,,,,,,,,,,,,,,,,,,,,,,,,,,,,,,,,,,,,,,,,,,,,,,,,,,,,,,,,,,,,,,,,,,,,,
node/13970696322,node/13970696322,,,,,,,,,,,,,,,,pub,,,,,,,,,,,,,,,,,,,,,,,,,,,,,,,,,,,,,,,,,,,,,,,regional,,,,,,,,,,,,,,,,,,,,,,,,,,,,,,,,,,,,,,,,,,,,,,,,,,,,,,,,,,,,,,,,,,,,,,,,,,,Na Hrázi by Prestigebrands,,,,,,,,,,,,,,,,,,,,,,Su-Th 11:00-22:00; Fr-Sa 11:00-23:00,,,,,,,,,,,,,,,,,,,,,,,,,,,,,,,,,,,,,,,,,,,,,,,,+420 603 373 868,,,,,,,,,,,,,,,,,,,,,,,,,,,,,,,,,,,,,,yes,,,,,,,,,,,,,,,,,,,,,,,,,,,,,,,,http://www.hospudkanahrazi.ic.cz,,,,,,,,,,,,,,,,,,,,
node/13970696681,node/13970696681,,,,,,,,,,,,,,,,pub,,,,,,industrial,yes,,,,,,,,,,,,,,,,,,,,,,,,,,,,,,,,,,,,,,,,,,,,,,,,,,,,,,,,,,,,,,,,,,,,,,,,,,,,,,,,,,,yes,,,,,,,,,,,,,,,,,,,,,,,,,,,,,,,,U Kladiva,,,,,,,,,,,,,,,,,,,,,,,,,,,,,yes,,,,,,,,,,,,,,,,,,,,,,,,,,,,,,,,,,,,,,,,,,,,,,,,,,,,,,,,,,,,,,,,,,,,,,,,,,,,,,,,,,,,,,,,,,,,,,,,,,,,,,,,,,,,,,,,,,,,http://www.ukladiva.cz/,,,,,,,,,,,,,,,
node/13970696814,node/13970696814,,,,,,,,,,,,,,,,pub,,,,,,,,,,,,,,,,,,,,,,,,,,2025-06-14,,,,,,,,,,,,,,,,,,,,,,,,,,,,,,,,,,,,,,,,,,,,,,,,,,,,,,,,,,,,,,,,yes,,,,,,,,,,,,,,,,,,,,,,,,,,,,,,,,Klubová hospůdka na cibulkach,,,,,,,,,,,,,,,,,,,,,,,,,,,,,yes,,,,,,,,,,,,,,,,,,,,,,,,,,,,,,,,,,,,,,,,,,,,,,,,,,,,,,,,,,,,,,,,,,,,,,,,,,,,,,,,,,,,,,,,,,,,,,,,,,,,,,,,,,,,,,,,,,,,,,,,,,,,,,,,,,,
node/13970697037,node/13970697037,,,,,,,,,,,,,,,,pub,,,,,,,,,,,,,,,,,,,,,,,,,,,,,,,,,,,,,,,,,,,,,,,regional,,,,,,,,,,,,,,,,,,,,,,,,,,,,,,https://www.facebook.com/Libockastudna/,,,,,,,,,,,,,,,,,,,,,,,,,,,,,,,,,,,,,,,,,,,,,Libocká studna,,,,,,,,,,,,,,,,,,,,,,"Mo-Su 00:00-01:00,17:00-24:00; Fr,Sa 00:00-03:00,17:00-24:00",,,,,,,yes,,,,,,,,,,,,,,,,,,,,,,,,,,,,,,,,,,,,,,,,,+420 774 673 964,,,,,,,,,,,,,,,,,,,,,,,,,,,,,,,,,,,,,,outside,,,,,,,,,,,,,,,,,,,,,,,,,,,,,,,,,,,,,http://www.libockastudna.cz/,,,,,,,,,,,,,,,
node/13970697354,node/13970697354,,,,,,,,,,,,,,,,pub,,,,,,,,,,,,,,,,,,,,,,,,,,,,,,,,,,,,,,,,,,,,,,,,,,,,,,,,,,,,,,,,,,,,,,,,,,,,,,,,,,,,,,,,,,,,,,,,,,,,,,,,,,,,,,,,,,,,,,,,,,Na Slamníku,,,,,,,,,,,,,,,,,,,,,,Mo-Su 11:00-24:00,,,,,,,yes,,,,,,,,,,,,,,,,,,,,,,,,,,,,,,,,,,,,,,,,,+420 233 322 594,,,,,,,,,,,,,,,,,,,,,,,,,,,,,,,,,,,,,,,,,,,,,,,,,,,,,,,,,,,,,,,,,,,,,,,,,,,https://www.na-slamniku.cz/,,,,,,,,,Q31465482,Category:Na Slamníku,,cs:Hostinec Na Slamníku,,,
